﻿Rank,Player,Position,Team,Salary,Season
1,Kevin Garnett,PF,Minnesota Timberwolves,21000000,2006-07
2,Shaquille O'Neal,C,Miami Heat,20000000,2006-07
3,Jason Kidd,PG,New Jersey Nets,18084000,2006-07
4,Jermaine O'Neal,C,Indiana Pacers,18084000,2006-07
5,Kobe Bryant,SF,Los Angeles Lakers,17718750,2006-07
6,Tim Duncan,C,San Antonio Spurs,17429673,2006-07
7,Allen Iverson,SG,Denver Nuggets,17184375,2006-07
8,Stephon Marbury,PG,New York Knicks,17184375,2006-07
9,Tracy McGrady,SG,Houston Rockets,16901500,2006-07
10,Grant Hill,SF,Orlando Magic,16901500,2006-07
11,Ben Wallace,PF,Chicago Bulls,16000000,2006-07
12,Paul Pierce,SF,Boston Celtics,15101626,2006-07
13,Antawn Jamison,PF,Washington Wizards,15101626,2006-07
14,Vince Carter,G,New Jersey Nets,15101626,2006-07
15,Dirk Nowitzki,F,Dallas Mavericks,15101622,2006-07
16,Steve Francis,PG,New York Knicks,15070000,2006-07
17,Baron Davis,PG,Golden State Warriors,15070000,2006-07
18,Shawn Marion,SG,Phoenix Suns,15070000,2006-07
19,Ray Allen,SG,Seattle SuperSonics,14611570,2006-07
20,Elton Brand,PF,LA Clippers,14248000,2006-07
21,Larry Hughes,SG,Cleveland Cavaliers,13363012,2006-07
22,Michael Redd,SG,Milwaukee Bucks,13260000,2006-07
23,Joe Johnson,G,Atlanta Hawks,12744190,2006-07
24,Mike Bibby,PG,Sacramento Kings,12500000,2006-07
25,Amar'e Stoudemire,C,Phoenix Suns,12455000,2006-07
26,Yao Ming,C,Houston Rockets,12455000,2006-07
27,Pau Gasol,PF,Memphis Grizzlies,12364000,2006-07
28,Andrei Kirilenko,SF,Utah Jazz,12364000,2006-07
29,Lamar Odom,PF,Los Angeles Lakers,12348596,2006-07
30,Kenyon Martin,F,Denver Nuggets,12068182,2006-07
31,Zach Randolph,F,Portland Trail Blazers,12000000,2006-07
32,Wally Szczerbiak,SG,Boston Celtics,11775000,2006-07
33,Theo Ratliff,C,Boston Celtics,11666666,2006-07
34,Rasheed Wallace,PF,Detroit Pistons,11650000,2006-07
35,Raef LaFrentz,C,Portland Trail Blazers,11532037,2006-07
36,Carlos Boozer,PF,Utah Jazz,11260483,2006-07
37,Richard Jefferson,F,New Jersey Nets,11200000,2006-07
38,Gilbert Arenas,PG,Washington Wizards,11096800,2006-07
39,Peja Stojakovic,SF,NO/Oklahoma City Hornets,10800000,2006-07
40,Steve Nash,PG,Phoenix Suns,10500000,2006-07
41,Jason Richardson,SG,Golden State Warriors,9999999,2006-07
42,Erick Dampier,C,Dallas Mavericks,9628000,2006-07
43,Brad Miller,C,Sacramento Kings,9625000,2006-07
44,Samuel Dalembert,C,Philadelphia 76ers,9464307,2006-07
45,Tony Parker,G,San Antonio Spurs,9450000,2006-07
46,Zydrunas Ilgauskas,C,Cleveland Cavaliers,9442697,2006-07
47,Rashard Lewis,PF,Seattle SuperSonics,9350649,2006-07
48,Jerry Stackhouse,SF,Dallas Mavericks,9296874,2006-07
49,Richard Hamilton,SG,Detroit Pistons,9187500,2006-07
50,Tyson Chandler,C,NO/Oklahoma City Hornets,9150000,2006-07
51,Andre Miller,PG,Philadelphia 76ers,8966666,2006-07
52,Marcus Camby,C,Denver Nuggets,8800000,2006-07
53,Bobby Simmons,SF,Milwaukee Bucks,8640000,2006-07
54,P.J. Brown,PF,Chicago Bulls,8560000,2006-07
55,Jamaal Magloire,C,Portland Trail Blazers,8433334,2006-07
56,Kwame Brown,C,Los Angeles Lakers,8287500,2006-07
57,Troy Murphy,PF,Indiana Pacers,8285714,2006-07
58,Manu Ginobili,G,San Antonio Spurs,8254374,2006-07
59,Jason Williams,PG,Miami Heat,8250000,2006-07
60,Mehmet Okur,C,Utah Jazz,8250000,2006-07
61,Eddy Curry,NA,New York Knicks,8171103,2006-07
62,Adonal Foyle,C,Golden State Warriors,8125000,2006-07
63,Cuttino Mobley,SG,LA Clippers,8125000,2006-07
64,Doug Christie,SG,LA Clippers,8125000,2006-07
65,Jason Terry,G,Dallas Mavericks,8100000,2006-07
66,Desmond Mason,SF,NO/Oklahoma City Hornets,8037036,2006-07
67,Nene Hilario,C,Denver Nuggets,8000000,2006-07
68,Tayshaun Prince,SF,Detroit Pistons,7851240,2006-07
69,Kurt Thomas,PF,Phoenix Suns,7821482,2006-07
70,Darius Miles,SF,Portland Trail Blazers,7750000,2006-07
71,Al Harrington,PF,Golden State Warriors,7625000,2006-07
72,Mike Miller,SG,Memphis Grizzlies,7623813,2006-07
73,Antoine Walker,PF,Miami Heat,7606820,2006-07
74,Metta World Peace,SF,Sacramento Kings,7526316,2006-07
75,Quentin Richardson,SF,New York Knicks,7525500,2006-07
76,Malik Rose,PF,New York Knicks,7525397,2006-07
77,Mike Dunleavy,SG,Indiana Pacers,7438016,2006-07
78,Caron Butler,SF,Washington Wizards,7438000,2006-07
79,Austin Croshere,PF,Dallas Mavericks,7300000,2006-07
80,Mark Blount,C,Minnesota Timberwolves,7288165,2006-07
81,Rasho Nesterovic,C,Toronto Raptors,7280000,2006-07
82,Jamal Crawford,G,New York Knicks,7200000,2006-07
83,Kenny Thomas,PF,Sacramento Kings,7187500,2006-07
84,Corey Maggette,SF,LA Clippers,7000000,2006-07
85,Speedy Claxton,PG,Atlanta Hawks,6854546,2006-07
86,Sam Cassell,PG,LA Clippers,6850000,2006-07
87,Joe Smith,PF,Philadelphia 76ers,6807000,2006-07
88,Ruben Patterson,PF,Milwaukee Bucks,6807000,2006-07
89,Drew Gooden,PF,Cleveland Cavaliers,6645402,2006-07
90,Danny Fortson,C,Seattle SuperSonics,6596990,2006-07
91,Matt Harpring,SF,Utah Jazz,6500000,2006-07
92,Corliss Williamson,PF,Sacramento Kings,6500000,2006-07
93,Juwan Howard,PF,Houston Rockets,6392100,2006-07
94,James Posey,SF,Miami Heat,6392100,2006-07
95,Ricky Davis,SG,Minnesota Timberwolves,6364400,2006-07
96,Chauncey Billups,PG,Detroit Pistons,6364400,2006-07
97,Chris Wilcox,PF,Seattle SuperSonics,6250000,2006-07
98,Stephen Jackson,SF,Golden State Warriors,6120000,2006-07
99,Eric Snow,PG,Cleveland Cavaliers,6093750,2006-07
100,Derek Fisher,PG,Utah Jazz,5883600,2006-07
101,Antonio McDyess,PF,Detroit Pistons,5883600,2006-07
102,Marquis Daniels,SG,Indiana Pacers,5883600,2006-07
103,Hedo Turkoglu,SF,Orlando Magic,5883600,2006-07
104,Etan Thomas,C,Washington Wizards,5883600,2006-07
105,Jamaal Tinsley,PG,Indiana Pacers,5850000,2006-07
106,LeBron James,F,Cleveland Cavaliers,5828089,2006-07
107,Jason Collins,C,New Jersey Nets,5800000,2006-07
108,Tony Battie,C,Orlando Magic,5746000,2006-07
109,Donyell Marshall,PF,Cleveland Cavaliers,5633037,2006-07
110,Troy Hudson,PG,Minnesota Timberwolves,5603000,2006-07
111,Gerald Wallace,SF,Charlotte Bobcats,5525000,2006-07
112,Marko Jaric,PG,Minnesota Timberwolves,5525000,2006-07
113,Udonis Haslem,PF,Miami Heat,5525000,2006-07
114,Jeff Foster,PF,Indiana Pacers,5500000,2006-07
115,Brian Skinner,PF,Milwaukee Bucks,5400000,2006-07
116,Shareef Abdur-Rahim,PF,Sacramento Kings,5400000,2006-07
117,Earl Watson,PG,Seattle SuperSonics,5400000,2006-07
118,Stromile Swift,PF,Memphis Grizzlies,5400000,2006-07
119,Antonio Daniels,PG,Washington Wizards,5400000,2006-07
120,Brian Cardinal,PF,Memphis Grizzlies,5400000,2006-07
121,Jerome James,C,New York Knicks,5400000,2006-07
122,Shane Battier,SF,Houston Rockets,5393300,2006-07
123,Dan Gadzuric,C,Milwaukee Bucks,5252065,2006-07
124,Bobby Jackson,PG,NO/Oklahoma City Hornets,5250000,2006-07
125,Darko Milicic,C,Orlando Magic,5218622,2006-07
126,Nazr Mohammed,C,Detroit Pistons,5215000,2006-07
127,Jared Jeffries,PF,New York Knicks,5215000,2006-07
128,Joel Przybilla,C,Portland Trail Blazers,5215000,2006-07
129,Tim Thomas,PF,LA Clippers,5215000,2006-07
130,Mike James,PG,Minnesota Timberwolves,5215000,2006-07
131,Vladimir Radmanovic,SF,Los Angeles Lakers,5215000,2006-07
132,Brent Barry,SG,San Antonio Spurs,5117880,2006-07
133,Marc Jackson,PF,NO/Oklahoma City Hornets,4875000,2006-07
134,Dwight Howard,C,Orlando Magic,4806720,2006-07
135,Carmelo Anthony,PF,Denver Nuggets,4694041,2006-07
136,Andrew Bogut,C,Milwaukee Bucks,4665960,2006-07
137,Eduardo Najera,PF,Denver Nuggets,4571428,2006-07
138,Morris Peterson,SG,Toronto Raptors,4550000,2006-07
139,Andrea Bargnani,C,Toronto Raptors,4501200,2006-07
140,Raja Bell,SG,Phoenix Suns,4500000,2006-07
141,Brendan Haywood,C,Washington Wizards,4500000,2006-07
142,Brevin Knight,PG,Charlotte Bobcats,4400000,2006-07
143,John Salmons,SF,Sacramento Kings,4400000,2006-07
144,Trenton Hassell,SF,Minnesota Timberwolves,4350000,2006-07
145,Emeka Okafor,C,Charlotte Bobcats,4300560,2006-07
146,Eric Williams,PF,Charlotte Bobcats,4296000,2006-07
147,Chris Bosh,PF,Toronto Raptors,4235220,2006-07
148,Chris Mihm,C,Los Angeles Lakers,4214241,2006-07
149,Rafer Alston,PG,Houston Rockets,4200000,2006-07
150,Marvin Williams,F,Atlanta Hawks,4174800,2006-07
151,Kevin Durant,F,Houston Rockets,4171200,2006-07
152,Anthony Parker,SG,Toronto Raptors,4150000,2006-07
153,Carlos Arroyo,PG,Orlando Magic,4100000,2006-07
154,Damon Stoudamire,PG,Memphis Grizzlies,4050000,2006-07
155,LaMarcus Aldridge,C,Portland Trail Blazers,4027320,2006-07
156,Kyle Korver,G,Philadelphia 76ers,4018182,2006-07
157,Reggie Evans,C,Denver Nuggets,4000000,2006-07
158,Gordan Giricek,SG,Utah Jazz,4000000,2006-07
159,Sarunas Jasikevicius,PG,Golden State Warriors,4000000,2006-07
160,Zaza Pachulia,C,Atlanta Hawks,4000000,2006-07
161,Andres Nocioni,SF,Chicago Bulls,3950000,2006-07
162,Damon Jones,PG,Cleveland Cavaliers,3884678,2006-07
163,Ben Gordon,SG,Chicago Bulls,3862080,2006-07
164,Shaun Livingston,G,LA Clippers,3841920,2006-07
165,Dwyane Wade,G,Miami Heat,3841443,2006-07
166,Bob Sura,PG,Houston Rockets,3840000,2006-07
167,Jorge Garbajosa,PF,Toronto Raptors,3750000,2006-07
168,Bruce Bowen,SF,San Antonio Spurs,3750000,2006-07
169,Deron Williams,PG,Utah Jazz,3749040,2006-07
170,Vitaly Potapenko,C,Sacramento Kings,3674584,2006-07
171,Darius Songaila,PF,Washington Wizards,3650000,2006-07
172,Adam Morrison,SF,Charlotte Bobcats,3616680,2006-07
173,Jeff McInnis,PG,Charlotte Bobcats,3600000,2006-07
174,Marcus Banks,PG,Phoenix Suns,3600000,2006-07
175,Pat Garrity,PF,Orlando Magic,3525000,2006-07
176,Dale Davis,PF,Detroit Pistons,3500000,2006-07
177,Tyronn Lue,PG,Atlanta Hawks,3500000,2006-07
178,Chris Kaman,C,LA Clippers,3491767,2006-07
179,Chris Paul,G,NO/Oklahoma City Hornets,3380160,2006-07
180,Keyon Dooling,PG,Orlando Magic,3348000,2006-07
181,Robert Horry,PF,San Antonio Spurs,3315000,2006-07
182,Melvin Ely,C,San Antonio Spurs,3303813,2006-07
183,Tyrus Thomas,PF,Chicago Bulls,3260760,2006-07
184,Lorenzen Wright,PF,Atlanta Hawks,3250000,2006-07
185,Greg Buckner,SG,Dallas Mavericks,3240741,2006-07
186,Zeljko Rebraca,C,LA Clippers,3240000,2006-07
187,Kevin Ollie,PG,Philadelphia 76ers,3196050,2006-07
188,Ira Newble,SF,Cleveland Cavaliers,3196050,2006-07
189,Kirk Hinrich,SG,Chicago Bulls,3192628,2006-07
190,Devin Harris,G,Dallas Mavericks,3153120,2006-07
191,Trevor Ariza,SF,Orlando Magic,3100000,2006-07
192,Fred Jones,SG,Portland Trail Blazers,3100000,2006-07
193,Raymond Felton,G,Charlotte Bobcats,3060840,2006-07
194,Jeff Green,F,Houston Rockets,3058200,2006-07
195,Steven Hunter,C,Philadelphia 76ers,3024000,2006-07
196,Chris Duhon,PG,Chicago Bulls,3024000,2006-07
197,Chucky Atkins,PG,Memphis Grizzlies,3000000,2006-07
198,Francisco Elson,C,San Antonio Spurs,3000000,2006-07
199,Rasual Butler,SF,NO/Oklahoma City Hornets,3000000,2006-07
200,Shelden Williams,C,Atlanta Hawks,2952840,2006-07
201,Earl Boykins,PG,Milwaukee Bucks,2950000,2006-07
202,T.J. Ford,PG,Toronto Raptors,2929467,2006-07
203,Jake Tsakalidis,C,Houston Rockets,2900000,2006-07
204,Michael Finley,SG,San Antonio Spurs,2889000,2006-07
205,Michael Doleac,C,Miami Heat,2880000,2006-07
206,Josh Childress,F,Atlanta Hawks,2863920,2006-07
207,Willie Green,SG,Philadelphia 76ers,2800000,2006-07
208,Brian Scalabrine,PF,Boston Celtics,2793103,2006-07
209,Martell Webster,SF,Portland Trail Blazers,2780160,2006-07
210,Dan Dickau,PG,Portland Trail Blazers,2753218,2006-07
211,Primoz Brezec,C,Charlotte Bobcats,2750000,2006-07
212,Eddie Griffin,PF,Minnesota Timberwolves,2700000,2006-07
213,Damien Wilkins,SG,Seattle SuperSonics,2700000,2006-07
214,Michael Sweetney,PF,Chicago Bulls,2696956,2006-07
215,Brandon Roy,SG,Portland Trail Blazers,2681880,2006-07
216,James Jones,SG,Phoenix Suns,2650000,2006-07
217,Anthony Johnson,PG,Atlanta Hawks,2640000,2006-07
218,Jarron Collins,C,Utah Jazz,2625698,2006-07
219,Luol Deng,F,Chicago Bulls,2614440,2006-07
220,Jarvis Hayes,SF,Washington Wizards,2564127,2006-07
221,Juan Dixon,SG,Toronto Raptors,2550000,2006-07
222,Charlie Villanueva,PF,Milwaukee Bucks,2537880,2006-07
223,Corey Brewer,F,Sacramento Kings,2535720,2006-07
224,Mickael Pietrus,SF,Golden State Warriors,2535260,2006-07
225,Keith Bogans,SG,Orlando Magic,2510000,2006-07
226,Nick Collison,F,Seattle SuperSonics,2501070,2006-07
227,Fabricio Oberto,C,San Antonio Spurs,2500000,2006-07
228,Bostjan Nachbar,SF,New Jersey Nets,2500000,2006-07
229,Alonzo Mourning,C,Miami Heat,2500000,2006-07
230,Aaron McKie,SG,Los Angeles Lakers,2500000,2006-07
231,Randy Foye,SG,Minnesota Timberwolves,2448240,2006-07
232,Luke Ridnour,PG,Seattle SuperSonics,2425878,2006-07
233,Rafael Araujo,C,Utah Jazz,2395200,2006-07
234,Jose Calderon,G,Toronto Raptors,2333334,2006-07
235,Channing Frye,F,New York Knicks,2325000,2006-07
236,Lindsey Hunter,SG,Detroit Pistons,2250000,2006-07
237,Rudy Gay,SF,Memphis Grizzlies,2242920,2006-07
238,Mark Madsen,PF,Minnesota Timberwolves,2210000,2006-07
239,Dikembe Mutombo,C,Houston Rockets,2210000,2006-07
240,Andre Iguodala,F,Philadelphia 76ers,2201640,2006-07
241,Othella Harrington,PF,Charlotte Bobcats,2200000,2006-07
242,Jackie Butler,C,San Antonio Spurs,2200000,2006-07
243,Scot Pollard,C,Cleveland Cavaliers,2200000,2006-07
244,Zarko Cabarkapa,SF,Golden State Warriors,2157097,2006-07
245,Ike Diogu,PF,Indiana Pacers,2137200,2006-07
246,Bonzi Wells,SG,Houston Rockets,2115000,2006-07
247,Patrick O'Bryant,C,Golden State Warriors,2061720,2006-07
248,David West,F,NO/Oklahoma City Hornets,2051938,2006-07
249,Andrew Bynum,C,Los Angeles Lakers,2030280,2006-07
250,Matt Bonner,C,San Antonio Spurs,2000000,2006-07
251,Jake Voskuhl,C,Charlotte Bobcats,2000000,2006-07
252,DeSagana Diop,C,Dallas Mavericks,1998000,2006-07
253,Andris Biedrins,C,Golden State Warriors,1986960,2006-07
254,Devean George,SF,Dallas Mavericks,1974259,2006-07
255,Sasha Pavlovic,SG,Cleveland Cavaliers,1962206,2006-07
256,Mouhamed Sene,C,Seattle SuperSonics,1958640,2006-07
257,Mo Williams,PG,Milwaukee Bucks,1920000,2006-07
258,Robert Swift,C,Seattle SuperSonics,1887600,2006-07
259,Dahntay Jones,SG,Memphis Grizzlies,1886113,2006-07
260,Boris Diaw,C,Phoenix Suns,1870501,2006-07
261,JJ Redick,SG,Orlando Magic,1860720,2006-07
262,Zoran Planinic,PG,Brooklyn Nets,1854376,2006-07
263,Travis Outlaw,SF,Portland Trail Blazers,1836426,2006-07
264,Thaddeus Young,F,Phoenix Suns,1830720,2006-07
265,Brian Cook,PF,Los Angeles Lakers,1817141,2006-07
266,Michael Ruffin,PF,Washington Wizards,1803600,2006-07
267,Malik Allen,PF,Chicago Bulls,1803600,2006-07
268,Vasileios Spanoulis,PG,Houston Rockets,1800000,2006-07
269,Walter Herrmann Heinrich,PF,Charlotte Bobcats,1800000,2006-07
270,Sebastian Telfair,PG,Boston Celtics,1793160,2006-07
271,Hilton Armstrong,PF,NO/Oklahoma City Hornets,1767600,2006-07
272,Ronald Murray,SG,Detroit Pistons,1750000,2006-07
273,David Wesley,SG,Cleveland Cavaliers,1750000,2006-07
274,Shammond Williams,PG,Los Angeles Lakers,1750000,2006-07
275,Aaron Williams,C,LA Clippers,1750000,2006-07
276,Sean May,C,Charlotte Bobcats,1740720,2006-07
277,Kris Humphries,PF,Toronto Raptors,1703520,2006-07
278,Kendrick Perkins,C,Boston Celtics,1689410,2006-07
279,Leandro Barbosa,G,Phoenix Suns,1679733,2006-07
280,Thabo Sefolosha,F,Chicago Bulls,1679280,2006-07
281,Josh Howard,SF,Dallas Mavericks,1667603,2006-07
282,Rashad McCants,SG,Minnesota Timberwolves,1653720,2006-07
283,Didier Ilunga-Mbenga,C,Dallas Mavericks,1628959,2006-07
284,Maurice Evans,SG,Los Angeles Lakers,1620000,2006-07
285,Al Jefferson,C,Boston Celtics,1618320,2006-07
286,Clifford Robinson,PF,New Jersey Nets,1600000,2006-07
287,Ronnie Brewer,SF,Utah Jazz,1595400,2006-07
288,Antoine Wright,SF,New Jersey Nets,1570920,2006-07
289,Rodney Stuckey,PG,Indiana Pacers,1569600,2006-07
290,Jalen Rose,SG,Phoenix Suns,1540000,2006-07
291,Kirk Snyder,SG,Houston Rockets,1537440,2006-07
292,Justin Reed,SF,Minnesota Timberwolves,1529873,2006-07
293,Cedric Simmons,SF,NO/Oklahoma City Hornets,1515480,2006-07
294,Joey Graham,SF,Toronto Raptors,1492440,2006-07
295,Adrian Griffin,G,Chicago Bulls,1475000,2006-07
296,Yaroslav Korolev,SF,LA Clippers,1470000,2006-07
297,Josh Smith,PF,Atlanta Hawks,1460640,2006-07
298,Rodney Carney,SG,Philadelphia 76ers,1439760,2006-07
299,Danny Granger,SF,Indiana Pacers,1417800,2006-07
300,Eddie House,SG,New Jersey Nets,1400000,2006-07
301,JR Smith,G,Denver Nuggets,1387560,2006-07
302,Luke Walton,SF,Los Angeles Lakers,1375000,2006-07
303,Shawne Williams,SF,Indiana Pacers,1367760,2006-07
304,Keith McLeod,PG,Indiana Pacers,1350000,2006-07
305,Gerald Green,G,Boston Celtics,1347000,2006-07
306,Steve Blake,PG,Denver Nuggets,1330000,2006-07
307,Dorell Wright,SF,Miami Heat,1325160,2006-07
308,Hakim Warrick,PF,Memphis Grizzlies,1286280,2006-07
309,Jameer Nelson,G,Orlando Magic,1272120,2006-07
310,Quincy Douby,SG,Sacramento Kings,1240920,2006-07
311,Julius Hodge,SG,Milwaukee Bucks,1234800,2006-07
312,Jason Smith,F,New Orleans Pelicans,1233840,2006-07
313,Pavel Podkolzin,C,Dallas Mavericks,1221240,2006-07
314,Renaldo Balkman,SF,New York Knicks,1191240,2006-07
315,Jason Kapono,SG,Miami Heat,1188000,2006-07
316,Matt Carroll,SG,Charlotte Bobcats,1188000,2006-07
317,Nate Robinson,PG,New York Knicks,1185480,2006-07
318,Eric Piatkowski,SG,Phoenix Suns,1178348,2006-07
319,Darrell Armstrong,PG,Indiana Pacers,1178348,2006-07
320,Victor Khryapa,PF,Chicago Bulls,1172400,2006-07
321,Rajon Rondo,PG,Boston Celtics,1143600,2006-07
322,Jarrett Jack,G,Portland Trail Blazers,1137960,2006-07
323,Marcus Williams,PG,New Jersey Nets,1097880,2006-07
324,Francisco Garcia,SG,Sacramento Kings,1092600,2006-07
325,Delonte West,SG,Boston Celtics,1080480,2006-07
326,Nenad Krstic,C,New Jersey Nets,1080480,2006-07
327,Mikki Moore,C,New Jersey Nets,1071225,2006-07
328,Josh Boone,C,New Jersey Nets,1053960,2006-07
329,Luther Head,PG,Houston Rockets,1048800,2006-07
330,Carlos Delfino,SG,Detroit Pistons,1037280,2006-07
331,Tony Allen,SG,Boston Celtics,1037280,2006-07
332,Kyle Lowry,G,Memphis Grizzlies,1011720,2006-07
333,Johan Petro,C,Seattle SuperSonics,1006800,2006-07
334,Kevin Martin,SG,Sacramento Kings,1002840,2006-07
335,Jannero Pargo,PG,NO/Oklahoma City Hornets,1000000,2006-07
336,Bernard Robinson,SG,New Jersey Nets,1000000,2006-07
337,Shavlik Randolph,PF,Philadelphia 76ers,1000000,2006-07
338,Calvin Booth,C,Washington Wizards,998967,2006-07
339,Sasha Vujacic,SG,Los Angeles Lakers,973920,2006-07
340,Jason Maxiell,PF,Detroit Pistons,973440,2006-07
341,Shannon Brown,PG,Cleveland Cavaliers,971280,2006-07
342,Beno Udrih,PG,San Antonio Spurs,967920,2006-07
343,David Harrison,C,Indiana Pacers,960840,2006-07
344,Anderson Varejao,C,Cleveland Cavaliers,945600,2006-07
345,Arron Afflalo,G,Orlando Magic,944520,2006-07
346,Jordan Farmar,PG,Los Angeles Lakers,939120,2006-07
347,Wayne Simien,PF,Miami Heat,932760,2006-07
348,DeShawn Stevenson,SG,Washington Wizards,932015,2006-07
349,David Lee,PF,New York Knicks,926040,2006-07
350,Maurice Ager,SF,Dallas Mavericks,906480,2006-07
351,Mardy Collins,PG,New York Knicks,899880,2006-07
352,Linas Kleiza,SF,Denver Nuggets,845360,2006-07
353,Pat Burke,C,Phoenix Suns,810000,2006-07
354,Mickael Gelabale,SF,Seattle SuperSonics,802000,2006-07
355,Mile Ilic,C,New Jersey Nets,800000,2006-07
356,Smush Parker,PG,Los Angeles Lakers,798112,2006-07
357,Dajuan Wagner,SG,Golden State Warriors,798112,2006-07
358,Jamal Sampson,C,Denver Nuggets,774551,2006-07
359,Ronald Dupree,SF,Detroit Pistons,771331,2006-07
360,Linton Johnson,PF,NO/Oklahoma City Hornets,771331,2006-07
361,Quinton Ross,SF,LA Clippers,771331,2006-07
362,Randolph Morris,C,New York Knicks,750000,2006-07
363,Sean Marks,PF,Phoenix Suns,744551,2006-07
364,Andre Barrett,SG,Chicago Bulls,744551,2006-07
365,Scott Padgett,PF,Memphis Grizzlies,744551,2006-07
366,Pape Sow,PF,Toronto Raptors,744551,2006-07
367,Darrick Martin,PG,Toronto Raptors,744551,2006-07
368,Peter John Ramos,C,Washington Wizards,744551,2006-07
369,James Lang,C,Washington Wizards,744551,2006-07
370,Jacque Vaughn,PG,San Antonio Spurs,744551,2006-07
371,Royal Ivey,PG,Atlanta Hawks,744551,2006-07
372,Mike Wilks,PG,Seattle SuperSonics,744551,2006-07
373,Ime Udoka,F,Portland Trail Blazers,744551,2006-07
374,DerMarr Johnson,SF,Denver Nuggets,744551,2006-07
375,Roger Mason Jr.,SG,Washington Wizards,744551,2006-07
376,Maurice Taylor,PF,Sacramento Kings,744551,2006-07
377,Bo Outlaw,PF,Orlando Magic,744551,2006-07
378,Kelvin Cato,C,New York Knicks,744551,2006-07
379,Jumaine Jones,SF,Phoenix Suns,744551,2006-07
380,Vin Baker,PF,Minnesota Timberwolves,744551,2006-07
381,Josh Powell,PF,Golden State Warriors,744551,2006-07
382,Gary Payton,PG,Miami Heat,744551,2006-07
383,Kareem Rush,SG,Seattle SuperSonics,744551,2006-07
384,Matt Barnes,SF,Golden State Warriors,744551,2006-07
385,Charlie Bell,SG,Milwaukee Bucks,744551,2006-07
386,Maceo Baston,SF,Indiana Pacers,744551,2006-07
387,Michael Olowokandi,C,Boston Celtics,744551,2006-07
388,Earl Barron,C,Miami Heat,744551,2006-07
389,Salim Stoudamire,SG,Atlanta Hawks,729000,2006-07
390,John Lucas III,PG,Houston Rockets,700000,2006-07
391,James Singleton,F,LA Clippers,675000,2006-07
392,Solomon Jones,PF,Atlanta Hawks,675000,2006-07
393,Donell Taylor,PG,Washington Wizards,664209,2006-07
394,Dwayne Jones II,PF,Cleveland Cavaliers,664209,2006-07
395,Travis Diener,PG,Orlando Magic,664209,2006-07
396,Rawle Marshall,SF,Indiana Pacers,664209,2006-07
397,Ronnie Price,PG,Sacramento Kings,664209,2006-07
398,Ronny Turiaf,C,Los Angeles Lakers,664209,2006-07
399,Amir Johnson,F,Detroit Pistons,664209,2006-07
400,Andray Blatche,C,Washington Wizards,664209,2006-07
401,Bracey Wright,SG,Minnesota Timberwolves,664209,2006-07
402,Stephen Graham,SF,Portland Trail Blazers,664209,2006-07
403,Orien Greene,PG,Indiana Pacers,664209,2006-07
404,Lynn Greer,PG,Milwaukee Bucks,664209,2006-07
405,Daniel Ewing,PG,LA Clippers,664209,2006-07
406,Brandon Bass,PF,NO/Oklahoma City Hornets,664209,2006-07
407,Lawrence Roberts,PF,Memphis Grizzlies,664209,2006-07
408,Monta Ellis,SG,Golden State Warriors,664209,2006-07
409,Chuck Hayes,PF,Houston Rockets,664209,2006-07
410,Noel Felix,F,Oklahoma City Thunder,664209,2006-07
411,Eddie Basden,SG,Chicago Bulls,664209,2006-07
412,Ersan Ilyasova,PF,Milwaukee Bucks,664209,2006-07
413,Martynas Andriuskevicius,C,Chicago Bulls,664209,2006-07
414,CJ Miles,G,Utah Jazz,664209,2006-07
415,Ryan Gomes,SF,Boston Celtics,664209,2006-07
416,Lou Williams,SG,Philadelphia 76ers,664209,2006-07
417,Esteban Batista,PF,Atlanta Hawks,644209,2006-07
418,Paul Millsap,PF,Utah Jazz,625000,2006-07
419,Derek Anderson,SG,Charlotte Bobcats,617539,2006-07
420,Steve Novak,SF,Houston Rockets,600000,2006-07
421,Devin Brown,SG,NO/Oklahoma City Hornets,516806,2006-07
422,Slava Medvedenko,PF,Atlanta Hawks,490528,2006-07
423,Leon Powe,PF,Boston Celtics,432000,2006-07
424,Taurean Green,PG,Denver Nuggets,427163,2006-07
425,Josh McRoberts,PF,Dallas Mavericks,427163,2006-07
426,Yakhouba Diawara,SG,Denver Nuggets,412718,2006-07
427,Marquinhos Vieira,F,NO/Oklahoma City Hornets,412718,2006-07
428,Ryan Hollins,C,Charlotte Bobcats,412718,2006-07
429,Hassan Adams,SF,New Jersey Nets,412718,2006-07
430,Uros Slokar,PF,Toronto Raptors,412718,2006-07
431,Paul Davis,C,LA Clippers,412718,2006-07
432,Craig Smith,PF,Minnesota Timberwolves,412718,2006-07
433,James Augustine,PF,Orlando Magic,412718,2006-07
434,Robert Hite,SG,Miami Heat,412718,2006-07
435,Will Blalock,SG,Detroit Pistons,412718,2006-07
436,Chris McCray,SG,Milwaukee Bucks,412718,2006-07
437,David Noel,SF,Milwaukee Bucks,412718,2006-07
438,Damir Markota,PF,Milwaukee Bucks,412718,2006-07
439,Brian Chase,NA,Utah Jazz,412718,2006-07
440,Mike Gansey,NA,null Unknown,412718,2006-07
441,P.J. Tucker,PF,Toronto Raptors,412718,2006-07
442,Alexander Johnson,SF,Memphis Grizzlies,412718,2006-07
443,Tarence Kinsey,SG,Memphis Grizzlies,412718,2006-07
444,Pops Mensah-Bonsu,PF,Dallas Mavericks,412718,2006-07
445,Bobby Jones,SF,Philadelphia 76ers,412718,2006-07
446,Pat Carroll,NA,null Unknown,412718,2006-07
447,J.J. Barea,G,Dallas Mavericks,412718,2006-07
448,Dee Brown,PG,Utah Jazz,412718,2006-07
449,Chris Quinn,PG,Miami Heat,412718,2006-07
450,Daniel Gibson,SG,Cleveland Cavaliers,412718,2006-07
451,Allan Ray,G,Boston Celtics,412718,2006-07
452,Steven Smith,SF,Philadelphia 76ers,412718,2006-07
453,Chris Webber,C,Detroit Pistons,407313,2006-07
454,Andre Brown,PF,Seattle SuperSonics,406340,2006-07
455,James White,SG,San Antonio Spurs,405435,2006-07
456,Eddie Jones,SG,Miami Heat,337238,2006-07
457,Junior Harrington,PG,Memphis Grizzlies,302200,2006-07
458,Jared Reiner,C,Milwaukee Bucks,302200,2006-07
459,Kelenna Azubuike,SF,Golden State Warriors,259770,2006-07
460,Justin Williams,PF,Sacramento Kings,252486,2006-07
461,Jason Hart,PG,LA Clippers,197087,2006-07
462,Alan Anderson,SG,Charlotte Bobcats,128935,2006-07
463,Mike Hall,F,Washington Wizards,121388,2006-07
464,Luke Jackson,SF,Toronto Raptors,109493,2006-07
465,Lou Amundson,PF,Philadelphia 76ers,101966,2006-07
466,Alan Henderson,PF,Utah Jazz,70075,2006-07
467,Will Conroy,PG,LA Clippers,55839,2006-07
468,Anthony Carter,PG,Denver Nuggets,37620,2006-07
469,Von Wafer,SG,Denver Nuggets,23443,2006-07
