﻿Rank,Player,Position,Team,Salary,Season
1,Stephen Curry,G,Golden State Warriors,45780966,2021-22
2,James Harden,G,Philadelphia 76ers,44310840,2021-22
3,John Wall,PG,Houston Rockets,44310840,2021-22
4,Russell Westbrook,G,Los Angeles Lakers,44211146,2021-22
5,Kevin Durant,F,Brooklyn Nets,42018900,2021-22
6,LeBron James,F,Los Angeles Lakers,41180544,2021-22
7,Giannis Antetokounmpo,F,Milwaukee Bucks,39344970,2021-22
8,Damian Lillard,G,Portland Trail Blazers,39344900,2021-22
9,Kawhi Leonard,F,LA Clippers,39344900,2021-22
10,Paul George,F,LA Clippers,39344900,2021-22
11,Klay Thompson,G,Golden State Warriors,37980720,2021-22
12,Jimmy Butler III,F,Miami Heat,36016200,2021-22
13,Tobias Harris,F,Philadelphia 76ers,35995950,2021-22
14,Khris Middleton,F,Milwaukee Bucks,35500000,2021-22
15,Anthony Davis,F,Los Angeles Lakers,35361360,2021-22
16,Rudy Gobert,C,Utah Jazz,35344828,2021-22
17,Kyrie Irving,G,Brooklyn Nets,35328700,2021-22
18,Bradley Beal,G,Washington Wizards,33724200,2021-22
19,Ben Simmons,PG,LA Clippers,33003936,2021-22
20,Pascal Siakam,F,Toronto Raptors,33003936,2021-22
21,Jrue Holiday,G,Milwaukee Bucks,32413333,2021-22
22,Devin Booker,G,Phoenix Suns,31650600,2021-22
23,Karl-Anthony Towns,C,Minnesota Timberwolves,31650600,2021-22
24,Kristaps Porzingis,C,Washington Wizards,31650600,2021-22
25,Joel Embiid,C,Philadelphia 76ers,31579390,2021-22
26,Andrew Wiggins,F,Golden State Warriors,31579390,2021-22
27,Nikola Jokic,C,Denver Nuggets,31579390,2021-22
28,Kevin Love,F,Cleveland Cavaliers,31258256,2021-22
29,CJ McCollum,G,New Orleans Pelicans,30864198,2021-22
30,D'Angelo Russell,G,Minnesota Timberwolves,30013500,2021-22
31,Chris Paul,G,Phoenix Suns,30000000,2021-22
32,Gordon Hayward,SF,Charlotte Hornets,29925000,2021-22
33,Jamal Murray,G,Denver Nuggets,29467800,2021-22
34,Brandon Ingram,F,New Orleans Pelicans,29467800,2021-22
35,De'Aaron Fox,G,Sacramento Kings,28103550,2021-22
36,Bam Adebayo,C,Miami Heat,28103500,2021-22
37,Donovan Mitchell,G,Utah Jazz,28103500,2021-22
38,Jayson Tatum,F,Boston Celtics,28103500,2021-22
39,Al Horford,C,Boston Celtics,27000000,2021-22
40,Kyle Lowry,G,Miami Heat,26894128,2021-22
41,Jaylen Brown,G,Boston Celtics,26758928,2021-22
42,DeMar DeRozan,G,Chicago Bulls,26000000,2021-22
43,Draymond Green,F,Golden State Warriors,24026712,2021-22
44,Nikola Vucevic,C,Chicago Bulls,24000000,2021-22
45,John Collins,F,Atlanta Hawks,23000000,2021-22
46,Buddy Hield,G,Indiana Pacers,22768890,2021-22
47,Julius Randle,F,New York Knicks,21780000,2021-22
48,Malcolm Brogdon,G,Indiana Pacers,21700000,2021-22
49,Tim Hardaway Jr.,G,Dallas Mavericks,21308816,2021-22
50,Mike Conley,G,Utah Jazz,21000000,2021-22
51,Gary Harris,G,Orlando Magic,20482143,2021-22
52,Danilo Gallinari,PF,Atlanta Hawks,20475000,2021-22
53,Harrison Barnes,F,Sacramento Kings,20284091,2021-22
54,Jerami Grant,F,Detroit Pistons,20002500,2021-22
55,Jarrett Allen,C,Cleveland Cavaliers,20000000,2021-22
56,Domantas Sabonis,F,Sacramento Kings,19800000,2021-22
57,Fred VanVleet,G,Toronto Raptors,19675926,2021-22
58,Zach LaVine,G,Chicago Bulls,19500000,2021-22
59,Bojan Bogdanovic,SF,Utah Jazz,18700000,2021-22
60,Lonzo Ball,G,Chicago Bulls,18604651,2021-22
61,Clint Capela,C,Atlanta Hawks,18603448,2021-22
62,Eric Gordon,G,Houston Rockets,18218818,2021-22
63,Eric Bledsoe,SG,LA Clippers,18125000,2021-22
64,Myles Turner,C,Indiana Pacers,18000000,2021-22
65,Bogdan Bogdanovic,G,Atlanta Hawks,18000000,2021-22
66,Terry Rozier,G,Charlotte Hornets,17905263,2021-22
67,Ricky Rubio,PG,Cleveland Cavaliers,17800000,2021-22
68,Caris LeVert,G,Cleveland Cavaliers,17500000,2021-22
69,Jonathan Isaac,F,Orlando Magic,17400000,2021-22
70,Joe Harris,SF,Brooklyn Nets,17357143,2021-22
71,Spencer Dinwiddie,PG,Dallas Mavericks,17142857,2021-22
72,Steven Adams,C,Memphis Grizzlies,17073171,2021-22
73,Evan Fournier,SG,New York Knicks,17000000,2021-22
74,Markelle Fultz,PG,Orlando Magic,16500000,2021-22
75,Aaron Gordon,F,Denver Nuggets,16409091,2021-22
76,OG Anunoby,F,Toronto Raptors,16071429,2021-22
77,Davis Bertans,SF,Dallas Mavericks,16000000,2021-22
78,Gary Trent Jr.,G,Toronto Raptors,16000000,2021-22
79,Lauri Markkanen,F,Cleveland Cavaliers,15690909,2021-22
80,Duncan Robinson,F,Miami Heat,15650000,2021-22
81,Marcus Morris Sr.,F,LA Clippers,15627907,2021-22
82,Will Barton,G,Denver Nuggets,15625000,2021-22
83,Norman Powell,G,LA Clippers,15517241,2021-22
84,Dejounte Murray,G,San Antonio Spurs,15428880,2021-22
85,Derrick White,G,Boston Celtics,15178571,2021-22
86,Malik Beasley,SG,Minnesota Timberwolves,14491964,2021-22
87,Marcus Smart,G,Boston Celtics,14339285,2021-22
88,Patrick Beverley,PG,Minnesota Timberwolves,14320988,2021-22
89,Thaddeus Young,F,Toronto Raptors,14190000,2021-22
90,Jonas Valanciunas,C,New Orleans Pelicans,14000000,2021-22
91,Doug McDermott,F,San Antonio Spurs,13750000,2021-22
92,Christian Wood,F,Houston Rockets,13666667,2021-22
93,Derrick Rose,PG,New York Knicks,13445120,2021-22
94,Luke Kennard,G,LA Clippers,13347727,2021-22
95,Brook Lopez,C,Milwaukee Bucks,13302325,2021-22
96,Kentavious Caldwell-Pope,G,Washington Wizards,13038862,2021-22
97,Joe Ingles,F,Utah Jazz,13036364,2021-22
98,Kyle Kuzma,F,Washington Wizards,13000000,2021-22
99,Taurean Prince,F,Minnesota Timberwolves,13000000,2021-22
100,Robert Covington,PF,LA Clippers,12975471,2021-22
101,T.J. Warren,SF,New York Knicks,12690000,2021-22
102,Deandre Ayton,C,Phoenix Suns,12632950,2021-22
103,Terrence Ross,G,Orlando Magic,12500000,2021-22
104,Jordan Clarkson,G,Utah Jazz,12420000,2021-22
105,Dillon Brooks,F,Memphis Grizzlies,12200000,2021-22
106,Kelly Olynyk,F,Detroit Pistons,12195122,2021-22
107,Jusuf Nurkic,C,Portland Trail Blazers,12000000,2021-22
108,Kelly Oubre Jr.,G,Charlotte Hornets,12000000,2021-22
109,Josh Hart,G,Portland Trail Blazers,12000000,2021-22
110,Josh Richardson,SG,San Antonio Spurs,11615328,2021-22
111,Marvin Bagley III,F,Detroit Pistons,11312114,2021-22
112,Dwight Powell,F,Dallas Mavericks,11080125,2021-22
113,Devonte' Graham,PG,New Orleans Pelicans,11000000,2021-22
114,Zion Williamson,F,New Orleans Pelicans,10733400,2021-22
115,Larry Nance Jr.,F,New Orleans Pelicans,10690909,2021-22
116,Jeremy Lamb,SG,Sacramento Kings,10500000,2021-22
117,Richaun Holmes,F,Sacramento Kings,10384500,2021-22
118,Reggie Jackson,PG,LA Clippers,10384500,2021-22
119,Anthony Edwards,G,Minnesota Timberwolves,10245480,2021-22
120,Luka Doncic,G,Dallas Mavericks,10174391,2021-22
121,Cade Cunningham,G,Detroit Pistons,10050120,2021-22
122,Tomas Satoransky,SG,Washington Wizards,10000000,2021-22
123,Danny Green,F,Philadelphia 76ers,10000000,2021-22
124,Kyle Anderson,F,Memphis Grizzlies,9937150,2021-22
125,Montrezl Harrell,C,Charlotte Hornets,9720900,2021-22
126,Jae Crowder,PF,Phoenix Suns,9720900,2021-22
127,Serge Ibaka,F,Milwaukee Bucks,9720900,2021-22
128,Derrick Jones Jr.,F,Chicago Bulls,9720900,2021-22
129,Derrick Favors,F,Oklahoma City Thunder,9720900,2021-22
130,Ja Morant,G,Memphis Grizzlies,9603360,2021-22
131,Alec Burks,SG,New York Knicks,9536000,2021-22
132,Reggie Bullock Jr.,SF,Dallas Mavericks,9536000,2021-22
133,Talen Horton-Tucker,SF,Los Angeles Lakers,9500000,2021-22
134,Mason Plumlee,C,Charlotte Hornets,9248333,2021-22
135,Jaren Jackson Jr.,F,Memphis Grizzlies,9180560,2021-22
136,James Wiseman,C,Indiana Pacers,9166800,2021-22
137,Jalen Green,G,Houston Rockets,8992200,2021-22
138,Maxi Kleber,F,Dallas Mavericks,8975000,2021-22
139,De'Anthony Melton,G,Memphis Grizzlies,8805976,2021-22
140,Royce O'Neale,F,Utah Jazz,8800000,2021-22
141,Jakob Poeltl,C,San Antonio Spurs,8750000,2021-22
142,Kemba Walker,PG,New York Knicks,8729020,2021-22
143,Thomas Bryant,C,Washington Wizards,8666667,2021-22
144,Alex Caruso,G,Chicago Bulls,8650651,2021-22
145,RJ Barrett,F,New York Knicks,8623920,2021-22
146,Delon Wright,G,Atlanta Hawks,8526316,2021-22
147,Dario Saric,F,Sacramento Kings,8510000,2021-22
148,Monte Morris,PG,Denver Nuggets,8449074,2021-22
149,Tyus Jones,G,Memphis Grizzlies,8376286,2021-22
150,Trae Young,G,Atlanta Hawks,8326471,2021-22
151,Daniel Theis,C,Boston Celtics,8280351,2021-22
152,LaMelo Ball,G,Charlotte Hornets,8231760,2021-22
153,Seth Curry,SG,Brooklyn Nets,8207518,2021-22
154,JaMychal Green,F,Denver Nuggets,8200000,2021-22
155,Cedi Osman,SF,Cleveland Cavaliers,8133334,2021-22
156,Evan Mobley,C,Cleveland Cavaliers,8075160,2021-22
157,Nerlens Noel,C,New York Knicks,8000000,2021-22
158,De'Andre Hunter,F,Atlanta Hawks,7775400,2021-22
159,Mo Bamba,C,Orlando Magic,7568743,2021-22
160,Ivica Zubac,C,LA Clippers,7518518,2021-22
161,T.J. McConnell,G,Indiana Pacers,7500000,2021-22
162,Patrick Williams,F,Chicago Bulls,7422000,2021-22
163,Aron Baynes,C,Toronto Raptors,7350000,2021-22
164,Scottie Barnes,F,Toronto Raptors,7280520,2021-22
165,Darius Garland,G,Cleveland Cavaliers,7040880,2021-22
166,Chris Boucher,F,Toronto Raptors,7020000,2021-22
167,Zach Collins,F,San Antonio Spurs,7000000,2021-22
168,P.J. Tucker,PF,Miami Heat,7000000,2021-22
169,Wendell Carter Jr.,C,Orlando Magic,6920027,2021-22
170,Juancho Hernangomez,PF,Utah Jazz,6907815,2021-22
171,Isaac Okoro,F,Cleveland Cavaliers,6720720,2021-22
172,Jalen Suggs,G,Orlando Magic,6593040,2021-22
173,Cameron Payne,PG,Phoenix Suns,6500000,2021-22
174,Collin Sexton,G,Cleveland Cavaliers,6439671,2021-22
175,Jarrett Culver,G,Memphis Grizzlies,6395160,2021-22
176,Khem Birch,C,Toronto Raptors,6350000,2021-22
177,Onyeka Okongwu,F,Atlanta Hawks,6104280,2021-22
178,Justin Holiday,F,Sacramento Kings,6006420,2021-22
179,Josh Giddey,G,Oklahoma City Thunder,5988000,2021-22
180,Dennis Schroder,G,Houston Rockets,5890000,2021-22
181,Patty Mills,PG,Brooklyn Nets,5890000,2021-22
182,Rudy Gay,SF,Utah Jazz,5890000,2021-22
183,Kevin Knox II,F,Atlanta Hawks,5845979,2021-22
184,Coby White,G,Chicago Bulls,5837760,2021-22
185,Killian Hayes,G,Detroit Pistons,5572680,2021-22
186,Mikal Bridges,G,Phoenix Suns,5557725,2021-22
187,Shai Gilgeous-Alexander,G,Oklahoma City Thunder,5495532,2021-22
188,Jonathan Kuminga,F,Golden State Warriors,5466360,2021-22
189,Miles Bridges,F,Charlotte Hornets,5421493,2021-22
190,Jaxson Hayes,C,New Orleans Pelicans,5348280,2021-22
191,Pat Connaughton,G,Milwaukee Bucks,5333334,2021-22
192,Michael Porter Jr.,F,Denver Nuggets,5258735,2021-22
193,Hamidou Diallo,G,Detroit Pistons,5200000,2021-22
194,Kevon Looney,F,Golden State Warriors,5178572,2021-22
195,Troy Brown Jr.,SF,Chicago Bulls,5170564,2021-22
196,Obi Toppin,F,New York Knicks,5105160,2021-22
197,Franz Wagner,F,Orlando Magic,5007840,2021-22
198,Josh Jackson,SG,Sacramento Kings,5005350,2021-22
199,Kris Dunn,G,Portland Trail Blazers,5005350,2021-22
200,Kendrick Nunn,G,Washington Wizards,5000000,2021-22
201,JaVale McGee,C,Phoenix Suns,5000000,2021-22
202,Robin Lopez,C,Orlando Magic,5000000,2021-22
203,Dante Exum,G,Dallas Mavericks,5000000,2021-22
204,Lou Williams,SG,Atlanta Hawks,5000000,2021-22
205,Rui Hachimura,F,Washington Wizards,4916160,2021-22
206,Garrett Temple,G,New Orleans Pelicans,4910000,2021-22
207,Cory Joseph,PG,Detroit Pistons,4910000,2021-22
208,Taj Gibson,F,New York Knicks,4910000,2021-22
209,Torrey Craig,SF,Phoenix Suns,4878049,2021-22
210,Bruce Brown,G,Brooklyn Nets,4736102,2021-22
211,Deni Avdija,F,Washington Wizards,4692840,2021-22
212,Donte DiVincenzo,G,Sacramento Kings,4675830,2021-22
213,Cam Reddish,SF,New York Knicks,4670160,2021-22
214,David Nwaba,SF,Houston Rockets,4650000,2021-22
215,Furkan Korkmaz,SG,Philadelphia 76ers,4629630,2021-22
216,Davion Mitchell,G,Sacramento Kings,4603320,2021-22
217,Ish Smith,PG,Washington Wizards,4500000,2021-22
218,Bryn Forbes,SG,Denver Nuggets,4500000,2021-22
219,Jeff Green,F,Denver Nuggets,4500000,2021-22
220,Jalen Smith,F,Indiana Pacers,4458000,2021-22
221,Lonnie Walker IV,G,San Antonio Spurs,4447896,2021-22
222,Cameron Johnson,F,Phoenix Suns,4437000,2021-22
223,Ziaire Williams,F,Memphis Grizzlies,4373040,2021-22
224,Bobby Portis,F,Milwaukee Bucks,4347600,2021-22
225,Maurice Harkless,SF,Sacramento Kings,4347600,2021-22
226,Kevin Huerter,G,Atlanta Hawks,4253357,2021-22
227,Devin Vassell,G,San Antonio Spurs,4235160,2021-22
228,P.J. Washington,F,Charlotte Hornets,4215120,2021-22
229,James Bouknight,SG,Charlotte Hornets,4154400,2021-22
230,Willie Cauley-Stein,C,Philadelphia 76ers,4100000,2021-22
231,Josh Okogie,G,Minnesota Timberwolves,4087904,2021-22
232,Grayson Allen,G,Milwaukee Bucks,4054695,2021-22
233,Jarred Vanderbilt,F,Minnesota Timberwolves,4050000,2021-22
234,Tyrese Haliburton,G,Indiana Pacers,4023600,2021-22
235,Chandler Hutchison,SF,Phoenix Suns,4019459,2021-22
236,Tyler Herro,G,Miami Heat,4004280,2021-22
237,Gorgui Dieng,C,Atlanta Hawks,4000000,2021-22
238,Terence Davis,G,Sacramento Kings,4000000,2021-22
239,Dorian Finney-Smith,F,Dallas Mavericks,4000000,2021-22
240,George Hill,PG,Milwaukee Bucks,4000000,2021-22
241,Aaron Holiday,G,Phoenix Suns,3980551,2021-22
242,Joshua Primo,G,San Antonio Spurs,3946800,2021-22
243,Jake Layman,F,Minnesota Timberwolves,3940185,2021-22
244,Anfernee Simons,G,Portland Trail Blazers,3938818,2021-22
245,Justise Winslow,PF,Portland Trail Blazers,3902439,2021-22
246,Kira Lewis Jr.,G,New Orleans Pelicans,3822240,2021-22
247,Romeo Langford,SG,San Antonio Spurs,3804360,2021-22
248,Landry Shamet,G,Phoenix Suns,3768342,2021-22
249,Chris Duarte,SG,Indiana Pacers,3749400,2021-22
250,Alex Len,C,Sacramento Kings,3732000,2021-22
251,Gabriel Deck,SF,Oklahoma City Thunder,3676852,2021-22
252,Robert Williams III,C,Boston Celtics,3661976,2021-22
253,Aaron Nesmith,G,Boston Celtics,3631200,2021-22
254,Sekou Doumbouya,SF,Los Angeles Lakers,3613680,2021-22
255,Moses Moody,G,Golden State Warriors,3562200,2021-22
256,Boban Marjanovic,C,Dallas Mavericks,3500000,2021-22
257,Cole Anthony,G,Orlando Magic,3449400,2021-22
258,Corey Kispert,F,Washington Wizards,3383640,2021-22
259,Mike Muscala,C,Oklahoma City Thunder,3365385,2021-22
260,Michael Carter-Williams,G,Orlando Magic,3300000,2021-22
261,Georges Niang,F,Philadelphia 76ers,3300000,2021-22
262,Chuma Okeke,F,Orlando Magic,3277080,2021-22
263,Isaiah Stewart,F,Detroit Pistons,3277080,2021-22
264,Nickeil Alexander-Walker,G,Utah Jazz,3261480,2021-22
265,Alperen Sengun,C,Houston Rockets,3214680,2021-22
266,Nicolas Batum,F,LA Clippers,3170029,2021-22
267,Trey Burke,PG,Dallas Mavericks,3150000,2021-22
268,Aleksej Pokusevski,F,Oklahoma City Thunder,3113160,2021-22
269,Goga Bitadze,C,Indiana Pacers,3098400,2021-22
270,Trey Murphy III,F,New Orleans Pelicans,3053760,2021-22
271,Frank Jackson,G,Detroit Pistons,3000000,2021-22
272,Sterling Brown,SF,Dallas Mavericks,3000000,2021-22
273,Luka Samanic,F,Utah Jazz,2959080,2021-22
274,Josh Green,G,Dallas Mavericks,2957520,2021-22
275,Tre Mann,G,Oklahoma City Thunder,2901240,2021-22
276,Matisse Thybulle,G,Philadelphia 76ers,2840160,2021-22
277,Saddiq Bey,G,Detroit Pistons,2824320,2021-22
278,Kai Jones,PF,Charlotte Hornets,2770560,2021-22
279,Brandon Clarke,F,Memphis Grizzlies,2726880,2021-22
280,Precious Achiuwa,PF,Toronto Raptors,2711280,2021-22
281,Marc Gasol,C,Memphis Grizzlies,2692991,2021-22
282,Anthony Tolliver,PF,New Orleans Pelicans,2692991,2021-22
283,Jalen Johnson,F,Atlanta Hawks,2659580,2021-22
284,Grant Williams,F,Boston Celtics,2617800,2021-22
285,Tyrese Maxey,G,Philadelphia 76ers,2602920,2021-22
286,Keon Johnson,G,Portland Trail Blazers,2553120,2021-22
287,Darius Bazley,F,Oklahoma City Thunder,2513040,2021-22
288,Trey Lyles,PF,Sacramento Kings,2500000,2021-22
289,Zeke Nnaji,F,Denver Nuggets,2498760,2021-22
290,Isaiah Jackson,F,Indiana Pacers,2451240,2021-22
291,Ty Jerome,G,Oklahoma City Thunder,2412840,2021-22
292,Leandro Bolmaro,F,Minnesota Timberwolves,2353320,2021-22
293,Usman Garuba,PF,Houston Rockets,2353320,2021-22
294,Willy Hernangomez,C,New Orleans Pelicans,2327220,2021-22
295,Edmond Sumner,PG,Charlotte Hornets,2320000,2021-22
296,Nassir Little,SF,Portland Trail Blazers,2316240,2021-22
297,R.J. Hampton,G,Orlando Magic,2303040,2021-22
298,Josh Christopher,SG,Houston Rockets,2259240,2021-22
299,Dylan Windler,G,Cleveland Cavaliers,2239200,2021-22
300,Immanuel Quickley,G,New York Knicks,2210640,2021-22
301,John Konchar,G,Memphis Grizzlies,2200000,2021-22
302,Quentin Grimes,G,New York Knicks,2168760,2021-22
303,Jordan Poole,G,Golden State Warriors,2161440,2021-22
304,Bol Bol,C,Denver Nuggets,2161152,2021-22
305,Keldon Johnson,F,San Antonio Spurs,2145720,2021-22
306,Payton Pritchard,G,Boston Celtics,2137440,2021-22
307,Jahlil Okafor,C,Indiana Pacers,2130023,2021-22
308,Bones Hyland,G,Denver Nuggets,2096880,2021-22
309,Udoka Azubuike,C,Utah Jazz,2075880,2021-22
310,Jaden McDaniels,F,Minnesota Timberwolves,2063280,2021-22
311,Malachi Flynn,PG,Toronto Raptors,2048040,2021-22
312,Cam Thomas,G,Brooklyn Nets,2036280,2021-22
313,Desmond Bane,G,Memphis Grizzlies,2033160,2021-22
314,Jaden Springer,G,Philadelphia 76ers,2023800,2021-22
315,Day'Ron Sharpe,C,Brooklyn Nets,2009040,2021-22
316,Kenrich Williams,G,Oklahoma City Thunder,2000000,2021-22
317,Theo Maledon,PG,Oklahoma City Thunder,2000000,2021-22
318,Abdel Nader,SF,Phoenix Suns,2000000,2021-22
319,Jordan McLaughlin,G,Minnesota Timberwolves,2000000,2021-22
320,Jeremiah Robinson-Earl,F,Oklahoma City Thunder,2000000,2021-22
321,Garrison Mathews,G,Houston Rockets,2000000,2021-22
322,Santi Aldama,F,Memphis Grizzlies,1994520,2021-22
323,Damian Jones,C,Sacramento Kings,1977011,2021-22
324,Jontay Porter,C,Toronto Raptors,1950000,2021-22
325,Denzel Valentine,G,Utah Jazz,1939350,2021-22
326,PJ Dozier,G,Denver Nuggets,1910860,2021-22
327,Damion Lee,SG,Golden State Warriors,1910860,2021-22
328,Killian Tillie,SF,Memphis Grizzlies,1901625,2021-22
329,Shake Milton,SG,Philadelphia 76ers,1846738,2021-22
330,Wes Iwundu,F,Atlanta Hawks,1824003,2021-22
331,Mitchell Robinson,C,New York Knicks,1802057,2021-22
332,Jalen Brunson,G,Dallas Mavericks,1802057,2021-22
333,Cody Martin,SF,Charlotte Hornets,1782621,2021-22
334,Mychal Mulder,G,Miami Heat,1782621,2021-22
335,Jalen McDaniels,F,Charlotte Hornets,1782621,2021-22
336,Luguentz Dort,G,Oklahoma City Thunder,1782621,2021-22
337,KZ Okpala,SF,Miami Heat,1782621,2021-22
338,Miye Oni,SF,Utah Jazz,1782621,2021-22
339,Isaiah Roby,PF,Oklahoma City Thunder,1782621,2021-22
340,Nic Claxton,C,Brooklyn Nets,1782621,2021-22
341,Naz Reid,C,Minnesota Timberwolves,1782621,2021-22
342,Eric Paschall,F,Utah Jazz,1782621,2021-22
343,Caleb Martin,F,Miami Heat,1782621,2021-22
344,Terance Mann,G,LA Clippers,1782621,2021-22
345,Yogi Ferrell,PG,LA Clippers,1782621,2021-22
346,Kevin Porter Jr.,G,Houston Rockets,1782621,2021-22
347,Alen Smailagic,PF,Golden State Warriors,1782621,2021-22
348,Jaylen Nowell,G,Minnesota Timberwolves,1782621,2021-22
349,Carsen Edwards,PG,Detroit Pistons,1782621,2021-22
350,Vlatko Cancar,SF,Denver Nuggets,1782621,2021-22
351,Daniel Gafford,F,Washington Wizards,1782621,2021-22
352,Dean Wade,F,Cleveland Cavaliers,1782621,2021-22
353,Bruno Fernando,F,Houston Rockets,1782621,2021-22
354,Yuta Watanabe,SF,Toronto Raptors,1762796,2021-22
355,Drew Eubanks,F,Portland Trail Blazers,1762796,2021-22
356,Khyri Thomas,SG,Houston Rockets,1762796,2021-22
357,Chimezie Metu,PF,Sacramento Kings,1762796,2021-22
358,Moritz Wagner,F,Orlando Magic,1729217,2021-22
359,Keita Bates-Diop,SF,San Antonio Spurs,1729217,2021-22
360,Svi Mykhailiuk,G,Toronto Raptors,1729217,2021-22
361,Paul Watson,SG,Oklahoma City Thunder,1701593,2021-22
362,Juan Toscano-Anderson,F,Golden State Warriors,1701593,2021-22
363,Charlie Brown Jr.,G,Philadelphia 76ers,1701593,2021-22
364,Tyler Cook,F,Chicago Bulls,1701593,2021-22
365,Kelan Martin,SG,Boston Celtics,1701593,2021-22
366,Oshae Brissett,SF,Indiana Pacers,1701593,2021-22
367,Mfiondu Kabengele,C,Cleveland Cavaliers,1701593,2021-22
368,Herbert Jones,F,New Orleans Pelicans,1700000,2021-22
369,Frank Ntilikina,PG,Dallas Mavericks,1669178,2021-22
370,Victor Oladipo,SG,Miami Heat,1669178,2021-22
371,Isaac Bonga,G,Toronto Raptors,1669178,2021-22
372,Sam Dekker,F,Toronto Raptors,1669178,2021-22
373,Jarrell Brantley,PF,Utah Jazz,1669178,2021-22
374,Otto Porter Jr.,SF,Golden State Warriors,1669178,2021-22
375,Hassan Whiteside,C,Utah Jazz,1669178,2021-22
376,Malik Monk,G,Los Angeles Lakers,1669178,2021-22
377,Kent Bazemore,SF,Los Angeles Lakers,1669178,2021-22
378,Ben McLemore,SG,Portland Trail Blazers,1669178,2021-22
379,Timothe Luwawu-Cabarrot,SG,Atlanta Hawks,1669178,2021-22
380,Dewayne Dedmon,C,Miami Heat,1669178,2021-22
381,Paul Millsap,PF,Philadelphia 76ers,1669178,2021-22
382,E'Twaun Moore,G,Orlando Magic,1669178,2021-22
383,Isaiah Hartenstein,C,LA Clippers,1669178,2021-22
384,Solomon Hill,SF,Atlanta Hawks,1669178,2021-22
385,LaMarcus Aldridge,C,Brooklyn Nets,1669178,2021-22
386,Austin Rivers,SG,Denver Nuggets,1669178,2021-22
387,Thanasis Antetokounmpo,F,Milwaukee Bucks,1669178,2021-22
388,Udonis Haslem,PF,Miami Heat,1669178,2021-22
389,Gabe Vincent,G,Miami Heat,1669178,2021-22
390,Avery Bradley,PG,Los Angeles Lakers,1669178,2021-22
391,Wayne Ellington,SG,Los Angeles Lakers,1669178,2021-22
392,Trevor Ariza,SF,Los Angeles Lakers,1669178,2021-22
393,Dwight Howard,C,Los Angeles Lakers,1669178,2021-22
394,Carmelo Anthony,PF,Los Angeles Lakers,1669178,2021-22
395,Semi Ojeleye,PF,LA Clippers,1669178,2021-22
396,Rodney Hood,SG,LA Clippers,1669178,2021-22
397,James Johnson,PF,Brooklyn Nets,1669178,2021-22
398,Frank Kaminsky,F,Phoenix Suns,1669178,2021-22
399,Gary Payton II,G,Golden State Warriors,1669178,2021-22
400,Rodney McGruder,G,Detroit Pistons,1669178,2021-22
401,Nemanja Bjelica,PF,Golden State Warriors,1669178,2021-22
402,Andre Iguodala,F,Golden State Warriors,1669178,2021-22
403,Tony Bradley,C,Chicago Bulls,1669178,2021-22
404,Markieff Morris,PF,Miami Heat,1669178,2021-22
405,Max Strus,G,Miami Heat,1669178,2021-22
406,Raul Neto,PG,Washington Wizards,1669178,2021-22
407,Kevin Pangos,G,Cleveland Cavaliers,1669178,2021-22
408,Ed Davis,C,Cleveland Cavaliers,1669178,2021-22
409,Rajon Rondo,PG,Cleveland Cavaliers,1669178,2021-22
410,Matt Thomas,SG,Chicago Bulls,1669178,2021-22
411,Javonte Green,G,Chicago Bulls,1669178,2021-22
412,Andre Drummond,C,Brooklyn Nets,1669178,2021-22
413,Tony Snell,SF,New Orleans Pelicans,1669178,2021-22
414,Jabari Parker,PF,Boston Celtics,1669178,2021-22
415,Enes Freedom,C,Boston Celtics,1669178,2021-22
416,Blake Griffin,PF,Brooklyn Nets,1669178,2021-22
417,Nick Richards,C,Charlotte Hornets,1517981,2021-22
418,Tyrell Terry,PG,Memphis Grizzlies,1517981,2021-22
419,Lamar Stevens,F,Cleveland Cavaliers,1517981,2021-22
420,Jahmi'us Ramsey,PG,Sacramento Kings,1517981,2021-22
421,Daniel Oturu,C,Toronto Raptors,1517981,2021-22
422,Jordan Nwora,SF,Milwaukee Bucks,1517981,2021-22
423,Vernon Carey Jr.,C,Washington Wizards,1517981,2021-22
424,Caleb Homesley,SG,Washington Wizards,1517981,2021-22
425,Anthony Gill,F,Washington Wizards,1517981,2021-22
426,Robert Woodard II,F,Sacramento Kings,1517981,2021-22
427,Isaiah Joe,G,Philadelphia 76ers,1517981,2021-22
428,Tre Jones,G,San Antonio Spurs,1517981,2021-22
429,Elijah Hughes,F,Portland Trail Blazers,1517981,2021-22
430,KJ Martin,F,Houston Rockets,1517981,2021-22
431,Paul Reed,F,Philadelphia 76ers,1517981,2021-22
432,Mamadi Diakite,F,Oklahoma City Thunder,1517981,2021-22
433,CJ Elleby,SG,Portland Trail Blazers,1517981,2021-22
434,Elijah Bryant,SG,Milwaukee Bucks,1517981,2021-22
435,Deividas Sirvydis,F,Detroit Pistons,1517981,2021-22
436,Jae'Sean Tate,F,Houston Rockets,1517981,2021-22
437,Sam Merrill,G,Memphis Grizzlies,1517981,2021-22
438,Naji Marshall,F,New Orleans Pelicans,1517981,2021-22
439,Xavier Tillman,F,Memphis Grizzlies,1517981,2021-22
440,Isaiah Todd,PF,Washington Wizards,1500000,2021-22
441,Omer Yurtseven,C,Miami Heat,1489065,2021-22
442,Saben Lee,G,Detroit Pistons,1489065,2021-22
443,JT Thor,F,Charlotte Hornets,1250000,2021-22
444,Wesley Matthews,SG,Milwaukee Bucks,1237494,2021-22
445,Alfonzo McKinnie,F,Chicago Bulls,1090007,2021-22
446,Jason Preston,G,LA Clippers,1062303,2021-22
447,Isaiah Livers,F,Detroit Pistons,1057260,2021-22
448,Tristan Thompson,C,Chicago Bulls,1000000,2021-22
449,Marquese Chriss,SF,Dallas Mavericks,958529,2021-22
450,Duane Washington Jr.,PG,Indiana Pacers,950000,2021-22
451,Jared Butler,G,Utah Jazz,925258,2021-22
452,Georgios Kalaitzakis,SF,Oklahoma City Thunder,925258,2021-22
453,Charles Bassey,C,Philadelphia 76ers,925258,2021-22
454,Dalano Banton,G,Toronto Raptors,925258,2021-22
455,Miles McBride,G,New York Knicks,925258,2021-22
456,Luka Garza,C,Detroit Pistons,925258,2021-22
457,Austin Reaves,G,Los Angeles Lakers,925258,2021-22
458,Brandon Boston,SG,LA Clippers,925258,2021-22
459,Jock Landale,C,San Antonio Spurs,925258,2021-22
460,Greg Brown III,PF,Portland Trail Blazers,925258,2021-22
461,Marko Simonovic,C,Chicago Bulls,925258,2021-22
462,Ayo Dosunmu,G,Chicago Bulls,925258,2021-22
463,Vit Krejci,G,Oklahoma City Thunder,925258,2021-22
464,Stanley Johnson,SF,Los Angeles Lakers,888616,2021-22
465,Bismack Biyombo,C,Phoenix Suns,863368,2021-22
466,Lance Stephenson,G,Indiana Pacers,642729,2021-22
467,Daishen Nix,SG,Houston Rockets,612000,2021-22
468,Terry Taylor,F,Indiana Pacers,600000,2021-22
469,Danuel House Jr.,SF,Utah Jazz,565986,2021-22
470,Luke Kornet,C,Boston Celtics,565986,2021-22
471,Keifer Sykes,G,Indiana Pacers,558345,2021-22
472,Ryan Arcidiacono,G,New York Knicks,546800,2021-22
473,DeAndre' Bembry,SG,Milwaukee Bucks,518021,2021-22
474,Goran Dragic,PG,Brooklyn Nets,460463,2021-22
475,Jevon Carter,G,Milwaukee Bucks,441277,2021-22
476,Trendon Watford,F,Portland Trail Blazers,436482,2021-22
477,Nik Stauskas,G,Boston Celtics,432536,2021-22
478,DeMarcus Cousins,C,Denver Nuggets,431684,2021-22
479,D.J. Augustin,G,Los Angeles Lakers,393312,2021-22
480,DeAndre Jordan,C,Philadelphia 76ers,374126,2021-22
481,Devontae Cacok,PF,San Antonio Spurs,364353,2021-22
482,Sam Hauser,F,Boston Celtics,313737,2021-22
483,Haywood Highsmith,F,Miami Heat,290967,2021-22
484,Malik Fitts,F,Boston Celtics,231062,2021-22
485,Joe Wieskamp,SF,San Antonio Spurs,202068,2021-22
486,Isaiah Thomas,G,Charlotte Hornets,191860,2021-22
487,Amir Coffey,G,LA Clippers,153488,2021-22
488,Jose Alvarado,G,New Orleans Pelicans,150000,2021-22
489,Armoni Brooks,G,Toronto Raptors,136926,2021-22
490,Devin Cannady,G,Orlando Magic,100000,2021-22
491,Luca Vildoza,G,Milwaukee Bucks,42789,2021-22
492,Rayjon Tucker,G,Milwaukee Bucks,28779,2021-22
493,Juwan Morgan,F,Toronto Raptors,19816,2021-22
494,Moses Brown,C,Cleveland Cavaliers,19186,2021-22
495,Xavier Sneed,F,Utah Jazz,8558,2021-22
496,Kessler Edwards,F,Brooklyn Nets,5318,2021-22
497,Ish Wainright,F,Phoenix Suns,5318,2021-22
