﻿Rank,Player,Position,Team,Salary,Season
1,Stephen Curry,G,Golden State Warriors,40231758,2019-20
2,Russell Westbrook,G,Houston Rockets,38506482,2019-20
3,Chris Paul,G,Oklahoma City Thunder,38506482,2019-20
4,Kevin Durant,F,Houston Rockets,38199000,2019-20
5,James Harden,G,Houston Rockets,38199000,2019-20
6,John Wall,PG,Houston Rockets,38199000,2019-20
7,LeBron James,F,Los Angeles Lakers,37436858,2019-20
8,Kyle Lowry,G,Toronto Raptors,34996296,2019-20
9,Blake Griffin,PF,Detroit Pistons,34449964,2019-20
10,Tobias Harris,F,Philadelphia 76ers,32742000,2019-20
11,Jimmy Butler III,F,Miami Heat,32742000,2019-20
12,Kawhi Leonard,F,LA Clippers,32742000,2019-20
13,Klay Thompson,G,Dallas Mavericks,32742000,2019-20
14,Kemba Walker,PG,Boston Celtics,32742000,2019-20
15,Gordon Hayward,SF,Boston Celtics,32700690,2019-20
16,Mike Conley,G,Utah Jazz,32511624,2019-20
17,Kyrie Irving,G,Brooklyn Nets,31742000,2019-20
18,Khris Middleton,F,Milwaukee Bucks,30603448,2019-20
19,Paul George,F,LA Clippers,30560700,2019-20
20,Paul Millsap,PF,Denver Nuggets,30350000,2019-20
21,Damian Lillard,G,Portland Trail Blazers,29802321,2019-20
22,Kevin Love,F,Cleveland Cavaliers,28942830,2019-20
23,Nikola Vucevic,C,Orlando Magic,28000000,2019-20
24,Al Horford,C,Philadelphia 76ers,28000000,2019-20
25,DeMar DeRozan,G,San Antonio Spurs,27739975,2019-20
26,CJ McCollum,G,Portland Trail Blazers,27556959,2019-20
27,Joel Embiid,C,Philadelphia 76ers,27504630,2019-20
28,Andrew Wiggins,F,Golden State Warriors,27504630,2019-20
29,Nikola Jokic,C,Denver Nuggets,27504630,2019-20
30,Devin Booker,G,Phoenix Suns,27285000,2019-20
31,Karl-Anthony Towns,C,Minnesota Timberwolves,27285000,2019-20
32,D'Angelo Russell,G,Minnesota Timberwolves,27285000,2019-20
33,Kristaps Porzingis,C,Dallas Mavericks,27285000,2019-20
34,Otto Porter Jr.,SF,Chicago Bulls,27250575,2019-20
35,Bradley Beal,G,Washington Wizards,27093019,2019-20
36,Andre Drummond,C,Cleveland Cavaliers,27093019,2019-20
37,Anthony Davis,F,Los Angeles Lakers,27093018,2019-20
38,Hassan Whiteside,C,Portland Trail Blazers,27093017,2019-20
39,Jrue Holiday,G,New Orleans Pelicans,26231111,2019-20
40,LaMarcus Aldridge,C,San Antonio Spurs,26000000,2019-20
41,Giannis Antetokounmpo,F,Milwaukee Bucks,25842697,2019-20
42,Steven Adams,C,Oklahoma City Thunder,25842697,2019-20
43,Marc Gasol,C,Toronto Raptors,25595700,2019-20
44,Nicolas Batum,F,Charlotte Hornets,25565217,2019-20
45,Chandler Parsons,SF,Atlanta Hawks,25102511,2019-20
46,Harrison Barnes,F,Sacramento Kings,24147727,2019-20
47,Serge Ibaka,F,Toronto Raptors,23271604,2019-20
48,Rudy Gobert,C,Utah Jazz,23241573,2019-20
49,Danilo Gallinari,PF,Oklahoma City Thunder,22615559,2019-20
50,Victor Oladipo,SG,Indiana Pacers,21000000,2019-20
51,Tim Hardaway Jr.,G,Dallas Mavericks,20025127,2019-20
52,Malcolm Brogdon,G,Indiana Pacers,20000000,2019-20
53,Terry Rozier,G,Charlotte Hornets,19894737,2019-20
54,Aaron Gordon,F,Orlando Magic,19863636,2019-20
55,Zach LaVine,G,Chicago Bulls,19500000,2019-20
56,Kent Bazemore,SF,Sacramento Kings,19269662,2019-20
57,Goran Dragic,PG,Miami Heat,19217900,2019-20
58,Jeff Teague,PG,Atlanta Hawks,19000000,2019-20
59,Evan Turner,G,Atlanta Hawks,18606556,2019-20
60,Draymond Green,F,Golden State Warriors,18539130,2019-20
61,Tristan Thompson,C,Cleveland Cavaliers,18539130,2019-20
62,Allen Crabbe,G,Minnesota Timberwolves,18500000,2019-20
63,Julius Randle,F,New York Knicks,18000000,2019-20
64,Myles Turner,C,Indiana Pacers,18000000,2019-20
65,Gary Harris,G,Denver Nuggets,17839286,2019-20
66,Derrick Favors,F,New Orleans Pelicans,17650000,2019-20
67,Andre Iguodala,F,Miami Heat,17185185,2019-20
68,Evan Fournier,SG,Orlando Magic,17150000,2019-20
69,Bismack Biyombo,C,Charlotte Hornets,17000000,2019-20
70,Bojan Bogdanovic,SF,Utah Jazz,17000000,2019-20
71,Timofey Mozgov,C,Orlando Magic,16720000,2019-20
72,Gorgui Dieng,C,Memphis Grizzlies,16229213,2019-20
73,Ricky Rubio,PG,Phoenix Suns,16200000,2019-20
74,Jonas Valanciunas,C,Memphis Grizzlies,16000000,2019-20
75,Brandon Knight,PG,Detroit Pistons,15643750,2019-20
76,Eric Bledsoe,SG,Milwaukee Bucks,15625000,2019-20
77,Kelly Oubre Jr.,G,Phoenix Suns,15625000,2019-20
78,Dennis Schroder,G,Oklahoma City Thunder,15500000,2019-20
79,Ian Mahinmi,C,Washington Wizards,15450051,2019-20
80,James Johnson,PF,Minnesota Timberwolves,15349400,2019-20
81,Bobby Portis,F,New York Knicks,15000000,2019-20
82,Marcus Morris Sr.,F,LA Clippers,15000000,2019-20
83,Clint Capela,C,Houston Rockets,14896552,2019-20
84,Luke Babbitt,F,Miami Heat,14651700,2019-20
85,Danny Green,F,Los Angeles Lakers,14634146,2019-20
86,Rudy Gay,SF,San Antonio Spurs,14500000,2019-20
87,Cody Zeller,C,Charlotte Hornets,14471910,2019-20
88,Eric Gordon,G,Houston Rockets,14057730,2019-20
89,Mason Plumlee,C,Denver Nuggets,14041096,2019-20
90,Marcin Gortat,C,LA Clippers,13565218,2019-20
91,JJ Redick,SG,New Orleans Pelicans,13486300,2019-20
92,Jordan Clarkson,G,Utah Jazz,13437500,2019-20
93,Dewayne Dedmon,C,Atlanta Hawks,13333333,2019-20
94,Jusuf Nurkic,C,Portland Trail Blazers,13125000,2019-20
95,Justise Winslow,PF,Miami Heat,13000000,2019-20
96,Thaddeus Young,F,Chicago Bulls,12900000,2019-20
97,Will Barton,G,Denver Nuggets,12776786,2019-20
98,Courtney Lee,G,Dallas Mavericks,12759670,2019-20
99,Solomon Hill,SF,Miami Heat,12758781,2019-20
100,Larry Nance Jr.,F,Cleveland Cavaliers,12727273,2019-20
101,Kelly Olynyk,F,Miami Heat,12667885,2019-20
102,Marcus Smart,G,Boston Celtics,12553571,2019-20
103,Miles Plumlee,C,Memphis Grizzlies,12500000,2019-20
104,Terrence Ross,G,Orlando Magic,12500000,2019-20
105,Nikola Mirotic,F,Milwaukee Bucks,12500000,2019-20
106,Patty Mills,PG,San Antonio Spurs,12428571,2019-20
107,Tyreke Evans,G,Indiana Pacers,12400000,2019-20
108,Patrick Beverley,PG,LA Clippers,12345680,2019-20
109,Trevor Ariza,SF,Portland Trail Blazers,12195122,2019-20
110,Brook Lopez,C,Milwaukee Bucks,12093023,2019-20
111,Cory Joseph,PG,Sacramento Kings,12000000,2019-20
112,Joe Ingles,F,Utah Jazz,11954546,2019-20
113,Zach Randolph,F,Dallas Mavericks,11692308,2019-20
114,Tony Snell,SF,Detroit Pistons,11392857,2019-20
115,Robert Covington,PF,Houston Rockets,11301219,2019-20
116,Meyers Leonard,C,Miami Heat,11286516,2019-20
117,Omer Asik,C,Chicago Bulls,11286516,2019-20
118,Maurice Harkless,SF,New York Knicks,11011234,2019-20
119,T.J. Warren,SF,Indiana Pacers,10810000,2019-20
120,Andre Roberson,F,Oklahoma City Thunder,10740740,2019-20
121,Spencer Dinwiddie,PG,Brooklyn Nets,10605600,2019-20
122,Jeremy Lamb,SG,Indiana Pacers,10500000,2019-20
123,Dwight Powell,F,Dallas Mavericks,10259375,2019-20
124,Josh Richardson,SG,Philadelphia 76ers,10116576,2019-20
125,Norman Powell,G,Toronto Raptors,10116576,2019-20
126,Tomas Satoransky,SG,Chicago Bulls,10000000,2019-20
127,Darren Collison,PG,Los Angeles Lakers,10000000,2019-20
128,DeAndre Jordan,C,Brooklyn Nets,9881598,2019-20
129,Zion Williamson,F,New Orleans Pelicans,9757440,2019-20
130,Markelle Fultz,PG,Orlando Magic,9745200,2019-20
131,John Henson,F,Detroit Pistons,9732396,2019-20
132,Matthew Dellavedova,PG,Cleveland Cavaliers,9607500,2019-20
133,Dante Exum,G,Cleveland Cavaliers,9600000,2019-20
134,Deandre Ayton,C,Phoenix Suns,9562920,2019-20
135,Delon Wright,G,Dallas Mavericks,9473684,2019-20
136,Jerami Grant,F,Denver Nuggets,9346153,2019-20
137,Fred VanVleet,G,Toronto Raptors,9346153,2019-20
138,Tyus Jones,G,Memphis Grizzlies,9258000,2019-20
139,Al-Farouq Aminu,SF,Orlando Magic,9258000,2019-20
140,George Hill,PG,Milwaukee Bucks,9133907,2019-20
141,Kyle Anderson,F,Memphis Grizzlies,9073050,2019-20
142,Taj Gibson,F,New York Knicks,9000000,2019-20
143,Ja Morant,G,Memphis Grizzlies,8730240,2019-20
144,Lonzo Ball,G,New Orleans Pelicans,8719320,2019-20
145,E'Twaun Moore,G,New Orleans Pelicans,8664928,2019-20
146,Marvin Bagley III,F,Sacramento Kings,8556120,2019-20
147,Bogdan Bogdanovic,G,Sacramento Kings,8529386,2019-20
148,P.J. Tucker,PF,Houston Rockets,8349039,2019-20
149,CJ Miles,G,Washington Wizards,8333333,2019-20
150,Cristiano Felicio,PF,Chicago Bulls,8156500,2019-20
151,Ben Simmons,PG,Philadelphia 76ers,8113930,2019-20
152,Kentavious Caldwell-Pope,G,Los Angeles Lakers,8089282,2019-20
153,Thomas Bryant,C,Washington Wizards,8000000,2019-20
154,Wayne Ellington,SG,New York Knicks,8000000,2019-20
155,Maxi Kleber,F,Dallas Mavericks,8000000,2019-20
156,Lou Williams,SG,LA Clippers,8000000,2019-20
157,RJ Barrett,F,New York Knicks,7839960,2019-20
158,Jayson Tatum,F,Boston Celtics,7830000,2019-20
159,Jae Crowder,PF,Miami Heat,7815533,2019-20
160,Luka Doncic,G,Dallas Mavericks,7683360,2019-20
161,Joe Harris,SF,Brooklyn Nets,7666667,2019-20
162,Darrell Arthur,F,Phoenix Suns,7464912,2019-20
163,Seth Curry,SG,Dallas Mavericks,7461380,2019-20
164,Langston Galloway,SG,Detroit Pistons,7333333,2019-20
165,Doug McDermott,F,Indiana Pacers,7333333,2019-20
166,Derrick Rose,PG,Detroit Pistons,7317073,2019-20
167,Brandon Ingram,F,New Orleans Pelicans,7265485,2019-20
168,D.J. Augustin,G,Orlando Magic,7250000,2019-20
169,Lance Thomas,F,Brooklyn Nets,7119650,2019-20
170,De'Andre Hunter,F,Atlanta Hawks,7068360,2019-20
171,Josh Jackson,SG,Memphis Grizzlies,7059480,2019-20
172,Davis Bertans,SF,Washington Wizards,7000000,2019-20
173,Darius Miller,SF,Oklahoma City Thunder,7000000,2019-20
174,Ersan Ilyasova,PF,Milwaukee Bucks,7000000,2019-20
175,Jaren Jackson Jr.,F,Memphis Grizzlies,6927480,2019-20
176,Nemanja Bjelica,PF,Sacramento Kings,6825000,2019-20
177,Jaylen Brown,G,Boston Celtics,6534829,2019-20
178,Jabari Parker,PF,Sacramento Kings,6500000,2019-20
179,Ivica Zubac,C,LA Clippers,6481482,2019-20
180,Darius Garland,G,Cleveland Cavaliers,6400920,2019-20
181,De'Aaron Fox,G,Sacramento Kings,6392760,2019-20
182,Milos Teodosic,G,LA Clippers,6300000,2019-20
183,Trae Young,G,Atlanta Hawks,6273000,2019-20
184,Wesley Johnson,F,Washington Wizards,6134520,2019-20
185,Ish Smith,PG,Washington Wizards,6000000,2019-20
186,Montrezl Harrell,C,LA Clippers,6000000,2019-20
187,Marco Belinelli,G,San Antonio Spurs,5846154,2019-20
188,Jarrett Culver,G,Minnesota Timberwolves,5813640,2019-20
189,Jonathan Isaac,F,Orlando Magic,5806440,2019-20
190,Rodney Hood,SG,Portland Trail Blazers,5718000,2019-20
191,Jonathon Simmons,G,Washington Wizards,5700000,2019-20
192,Mo Bamba,C,Orlando Magic,5697600,2019-20
193,Trey Lyles,PF,San Antonio Spurs,5500000,2019-20
194,Alex Abrines,G,Oklahoma City Thunder,5455236,2019-20
195,Aron Baynes,C,Phoenix Suns,5453280,2019-20
196,Jason Smith,F,New Orleans Pelicans,5450000,2019-20
197,Kris Dunn,G,Chicago Bulls,5348007,2019-20
198,Coby White,G,Chicago Bulls,5307120,2019-20
199,Lauri Markkanen,F,Chicago Bulls,5300400,2019-20
200,Alexis Ajinca,C,LA Clippers,5285394,2019-20
201,Wendell Carter Jr.,C,Chicago Bulls,5201400,2019-20
202,Daniel Theis,C,Boston Celtics,5000000,2019-20
203,Dirk Nowitzki,F,Dallas Mavericks,5000000,2019-20
204,Kyle Singler,F,Oklahoma City Thunder,4996000,2019-20
205,Jaxson Hayes,C,New Orleans Pelicans,4862040,2019-20
206,Buddy Hield,G,Sacramento Kings,4861208,2019-20
207,Frank Ntilikina,PG,New York Knicks,4855800,2019-20
208,Rodney McGruder,G,LA Clippers,4807693,2019-20
209,Garrett Temple,G,Brooklyn Nets,4767000,2019-20
210,Richaun Holmes,F,Sacramento Kings,4767000,2019-20
211,Robin Lopez,C,Milwaukee Bucks,4767000,2019-20
212,Mike Scott,PF,Philadelphia 76ers,4767000,2019-20
213,Avery Bradley,PG,Los Angeles Lakers,4767000,2019-20
214,Frank Kaminsky,F,Phoenix Suns,4767000,2019-20
215,JaMychal Green,F,LA Clippers,4767000,2019-20
216,Justin Holiday,F,Indiana Pacers,4767000,2019-20
217,Ed Davis,C,Utah Jazz,4767000,2019-20
218,Enes Freedom,C,Boston Celtics,4767000,2019-20
219,Collin Sexton,G,Cleveland Cavaliers,4764960,2019-20
220,Rui Hachimura,F,Washington Wizards,4469160,2019-20
221,Kevon Looney,F,Golden State Warriors,4464226,2019-20
222,Dennis Smith Jr.,PG,New York Knicks,4463640,2019-20
223,Jamal Murray,G,Denver Nuggets,4444746,2019-20
224,Kevin Knox II,F,New York Knicks,4380120,2019-20
225,Luc Mbah a Moute,F,Houston Rockets,4320500,2019-20
226,Cam Reddish,SF,Atlanta Hawks,4245720,2019-20
227,Zach Collins,F,Portland Trail Blazers,4240200,2019-20
228,Mikal Bridges,G,Phoenix Suns,4161000,2019-20
229,Alex Len,C,Sacramento Kings,4160000,2019-20
230,Nicolo Melli,PF,New Orleans Pelicans,4102564,2019-20
231,Cameron Johnson,F,Phoenix Suns,4033440,2019-20
232,Malik Monk,G,Charlotte Hornets,4028400,2019-20
233,Patrick McCaw,SF,Toronto Raptors,4000000,2019-20
234,JaVale McGee,C,Los Angeles Lakers,4000000,2019-20
235,Dorian Finney-Smith,F,Dallas Mavericks,4000000,2019-20
236,Reggie Bullock Jr.,SF,New York Knicks,4000000,2019-20
237,Shai Gilgeous-Alexander,G,Oklahoma City Thunder,3952920,2019-20
238,P.J. Washington,F,Charlotte Hornets,3831840,2019-20
239,Luke Kennard,G,Detroit Pistons,3827160,2019-20
240,Miles Bridges,F,Charlotte Hornets,3755400,2019-20
241,Jakob Poeltl,C,San Antonio Spurs,3754886,2019-20
242,Tyler Herro,G,Miami Heat,3640200,2019-20
243,Donovan Mitchell,G,Utah Jazz,3635760,2019-20
244,Stanley Johnson,SF,Toronto Raptors,3623000,2019-20
245,Jake Layman,F,Minnesota Timberwolves,3581986,2019-20
246,Thon Maker,F,Detroit Pistons,3569643,2019-20
247,Jerome Robinson,SG,Washington Wizards,3567720,2019-20
248,Allonzo Trier,G,New York Knicks,3551000,2019-20
249,Danuel House Jr.,SF,Houston Rockets,3540000,2019-20
250,Domantas Sabonis,F,Indiana Pacers,3529555,2019-20
251,Michael Beasley,F,Brooklyn Nets,3500000,2019-20
252,T.J. McConnell,G,Indiana Pacers,3500000,2019-20
253,Boban Marjanovic,C,Dallas Mavericks,3500000,2019-20
254,DeMarcus Cousins,C,Denver Nuggets,3500000,2019-20
255,Taurean Prince,F,Brooklyn Nets,3481986,2019-20
256,Dario Saric,F,Phoenix Suns,3481986,2019-20
257,Romeo Langford,SG,Boston Celtics,3458400,2019-20
258,Bam Adebayo,C,Miami Heat,3454080,2019-20
259,Michael Porter Jr.,F,Denver Nuggets,3389400,2019-20
260,Denzel Valentine,G,Chicago Bulls,3377569,2019-20
261,Juancho Hernangomez,PF,Minnesota Timberwolves,3321030,2019-20
262,Sekou Doumbouya,SF,Detroit Pistons,3285120,2019-20
263,Justin Jackson,F,Dallas Mavericks,3280920,2019-20
264,Troy Brown Jr.,SF,Washington Wizards,3219480,2019-20
265,Yogi Ferrell,PG,Sacramento Kings,3150000,2019-20
266,Zhaire Smith,G,Philadelphia 76ers,3058800,2019-20
267,Khem Birch,C,Orlando Magic,3000000,2019-20
268,Quinn Cook,PG,Los Angeles Lakers,3000000,2019-20
269,Ryan Arcidiacono,G,Chicago Bulls,3000000,2019-20
270,Nickeil Alexander-Walker,G,New Orleans Pelicans,2964840,2019-20
271,D.J. Wilson,F,Milwaukee Bucks,2961120,2019-20
272,Cedi Osman,SF,Cleveland Cavaliers,2907143,2019-20
273,Donte DiVincenzo,G,Milwaukee Bucks,2905800,2019-20
274,Bryn Forbes,SG,San Antonio Spurs,2875000,2019-20
275,Goga Bitadze,C,Indiana Pacers,2816760,2019-20
276,T.J. Leaf,PF,Indiana Pacers,2813280,2019-20
277,Alex Caruso,G,Los Angeles Lakers,2750000,2019-20
278,Malik Beasley,SG,Minnesota Timberwolves,2731714,2019-20
279,Luka Samanic,F,San Antonio Spurs,2689920,2019-20
280,Lonnie Walker IV,G,San Antonio Spurs,2689920,2019-20
281,John Collins,F,Atlanta Hawks,2686560,2019-20
282,Kevin Huerter,G,Atlanta Hawks,2636280,2019-20
283,Caris LeVert,G,Brooklyn Nets,2625718,2019-20
284,Marko Guduric,G,Memphis Grizzlies,2625000,2019-20
285,DeAndre' Bembry,SG,Atlanta Hawks,2603982,2019-20
286,Matisse Thybulle,G,Philadelphia 76ers,2582160,2019-20
287,Harry Giles III,PF,Sacramento Kings,2578800,2019-20
288,Rajon Rondo,PG,Los Angeles Lakers,2564753,2019-20
289,Wesley Matthews,SG,Milwaukee Bucks,2564753,2019-20
290,Nene Hilario,C,Atlanta Hawks,2564753,2019-20
291,Josh Okogie,G,Minnesota Timberwolves,2530680,2019-20
292,Manu Ginobili,G,San Antonio Spurs,2500000,2019-20
293,Rondae Hollis Jefferson,SF,Toronto Raptors,2500000,2019-20
294,Brandon Clarke,F,Memphis Grizzlies,2478840,2019-20
295,Terrance Ferguson,SF,Oklahoma City Thunder,2475840,2019-20
296,Emeka Okafor,C,Philadelphia 76ers,2445085,2019-20
297,Kendrick Perkins,C,Cleveland Cavaliers,2445085,2019-20
298,Grayson Allen,G,Memphis Grizzlies,2429400,2019-20
299,Grant Williams,F,Boston Celtics,2379840,2019-20
300,Jarrett Allen,C,Brooklyn Nets,2376840,2019-20
301,Pascal Siakam,F,Toronto Raptors,2351839,2019-20
302,Skal Labissiere,C,Portland Trail Blazers,2338847,2019-20
303,Chandler Hutchison,SF,Chicago Bulls,2332320,2019-20
304,Aaron Holiday,G,Indiana Pacers,2329200,2019-20
305,Dejounte Murray,G,San Antonio Spurs,2321735,2019-20
306,Damian Jones,C,Atlanta Hawks,2305057,2019-20
307,Darius Bazley,F,Oklahoma City Thunder,2284800,2019-20
308,OG Anunoby,F,Toronto Raptors,2281800,2019-20
309,Ante Zizic,C,Cleveland Cavaliers,2281800,2019-20
310,Luke Kornet,C,Chicago Bulls,2250000,2019-20
311,Brandon Jennings,G,Milwaukee Bucks,2222803,2019-20
312,Ty Jerome,G,Phoenix Suns,2193480,2019-20
313,Willie Cauley-Stein,C,Dallas Mavericks,2177483,2019-20
314,Anfernee Simons,G,Portland Trail Blazers,2149560,2019-20
315,Austin Rivers,SG,Houston Rockets,2147317,2019-20
316,Nassir Little,SF,Portland Trail Blazers,2105520,2019-20
317,Moritz Wagner,F,Washington Wizards,2063520,2019-20
318,Sean Kilpatrick,G,Chicago Bulls,2054856,2019-20
319,Dylan Windler,G,Atlanta Hawks,2035800,2019-20
320,Caleb Swanigan,F,Portland Trail Blazers,2033160,2019-20
321,Mike Muscala,C,Oklahoma City Thunder,2028594,2019-20
322,Ben McLemore,SG,Houston Rockets,2028594,2019-20
323,Edmond Sumner,PG,Indiana Pacers,2000000,2019-20
324,Torrey Craig,SF,Denver Nuggets,2000000,2019-20
325,Noah Vonleh,PF,Denver Nuggets,2000000,2019-20
326,Landry Shamet,G,LA Clippers,1995120,2019-20
327,Mfiondu Kabengele,C,LA Clippers,1977000,2019-20
328,Kyle Kuzma,F,Los Angeles Lakers,1974600,2019-20
329,Jordan Poole,G,Golden State Warriors,1964760,2019-20
330,Tony Bradley,C,Utah Jazz,1962360,2019-20
331,Keldon Johnson,F,San Antonio Spurs,1950600,2019-20
332,Derrick White,G,San Antonio Spurs,1948080,2019-20
333,Robert Williams III,C,Boston Celtics,1937520,2019-20
334,Jacob Evans,G,Minnesota Timberwolves,1925880,2019-20
335,Omari Rasulala Spellman,F,Golden State Warriors,1897800,2019-20
336,James Ennis III,F,Orlando Magic,1882867,2019-20
337,Shabazz Napier,G,Washington Wizards,1845301,2019-20
338,DeAndre Liggins,G,Miami Heat,1795015,2019-20
339,Markieff Morris,PF,Los Angeles Lakers,1750000,2019-20
340,Cameron Payne,PG,Phoenix Suns,1737145,2019-20
341,Pat Connaughton,G,Milwaukee Bucks,1723050,2019-20
342,Jahlil Okafor,C,New Orleans Pelicans,1702486,2019-20
343,Rodions Kurucs,SF,Brooklyn Nets,1699236,2019-20
344,Jonah Bolden,PF,Phoenix Suns,1698450,2019-20
345,Cheick Diallo,F,Phoenix Suns,1678854,2019-20
346,Dragan Bender,F,Golden State Warriors,1678854,2019-20
347,Willy Hernangomez,C,Charlotte Hornets,1676735,2019-20
348,Julyan Stone,G,Chicago Bulls,1656092,2019-20
349,MarShon Brooks,G,Chicago Bulls,1656092,2019-20
350,Josh Hart,G,New Orleans Pelicans,1655160,2019-20
351,Treveon Graham,F,Atlanta Hawks,1645357,2019-20
352,Christian Wood,F,Detroit Pistons,1645357,2019-20
353,Jordan McRae,G,Detroit Pistons,1645357,2019-20
354,Derrick Jones Jr.,F,Miami Heat,1645357,2019-20
355,Georges Niang,F,Utah Jazz,1645357,2019-20
356,Shaquille Harrison,G,Chicago Bulls,1620564,2019-20
357,Isaiah Taylor,G,Toronto Raptors,1620564,2019-20
358,Trey Burke,PG,Dallas Mavericks,1620564,2019-20
359,Tyler Lydon,F,Sacramento Kings,1620564,2019-20
360,Emmanuel Mudiay,G,Utah Jazz,1620564,2019-20
361,Nerlens Noel,C,Oklahoma City Thunder,1620564,2019-20
362,Patrick Patterson,PF,LA Clippers,1620564,2019-20
363,Isaiah Thomas,G,Washington Wizards,1620564,2019-20
364,Kyle O'Quinn,C,Philadelphia 76ers,1620564,2019-20
365,Michael Carter-Williams,G,Orlando Magic,1620564,2019-20
366,Alec Burks,SG,Philadelphia 76ers,1620564,2019-20
367,Wilson Chandler,F,Brooklyn Nets,1620564,2019-20
368,Glenn Robinson III,F,Philadelphia 76ers,1620564,2019-20
369,Kyle Korver,G,Milwaukee Bucks,1620564,2019-20
370,Udonis Haslem,PF,Miami Heat,1620564,2019-20
371,Jared Dudley,SF,Los Angeles Lakers,1620564,2019-20
372,Dwight Howard,C,Los Angeles Lakers,1620564,2019-20
373,Furkan Korkmaz,SG,Philadelphia 76ers,1620564,2019-20
374,JaKarr Sampson,SF,Indiana Pacers,1620564,2019-20
375,Justin Patton,C,Oklahoma City Thunder,1620564,2019-20
376,Ryan Anderson,PF,Houston Rockets,1620564,2019-20
377,Thabo Sefolosha,F,Houston Rockets,1620564,2019-20
378,Gerald Green,G,Houston Rockets,1620564,2019-20
379,Tyson Chandler,C,Houston Rockets,1620564,2019-20
380,J.J. Barea,G,Dallas Mavericks,1620564,2019-20
381,Jarell Martin,F,Cleveland Cavaliers,1620564,2019-20
382,Raul Neto,PG,Philadelphia 76ers,1620564,2019-20
383,Tim Frazier,PG,Detroit Pistons,1620564,2019-20
384,Jordan Bell,F,Memphis Grizzlies,1620564,2019-20
385,Joe Johnson,G,Boston Celtics,1620564,2019-20
386,Vince Carter,G,Atlanta Hawks,1620564,2019-20
387,Frank Jackson,G,New Orleans Pelicans,1618520,2019-20
388,Abdel Nader,SF,Oklahoma City Thunder,1618520,2019-20
389,Royce O'Neale,F,Utah Jazz,1618520,2019-20
390,Damyean Dotson,SG,New York Knicks,1618520,2019-20
391,Sterling Brown,SF,Milwaukee Bucks,1618520,2019-20
392,Semi Ojeleye,PF,Boston Celtics,1618520,2019-20
393,Dillon Brooks,F,Memphis Grizzlies,1618520,2019-20
394,Wes Iwundu,F,Orlando Magic,1618420,2019-20
395,Dwight Buycks,G,Detroit Pistons,1600520,2019-20
396,Mitchell Robinson,C,New York Knicks,1599712,2019-20
397,Chris Boucher,F,Toronto Raptors,1588231,2019-20
398,Malcolm Miller,F,Toronto Raptors,1588231,2019-20
399,Monte Morris,PG,Denver Nuggets,1588231,2019-20
400,Antonio Blakeney,G,Chicago Bulls,1588231,2019-20
401,Tyrone Wallace,G,Atlanta Hawks,1588231,2019-20
402,Malachi Richardson,G,Philadelphia 76ers,1569360,2019-20
403,Georgios Papagiannis,C,Portland Trail Blazers,1544951,2019-20
404,Chinanu Onuaku,C,Portland Trail Blazers,1544951,2019-20
405,Wade Baldwin IV,G,Indiana Pacers,1544951,2019-20
406,Isaiah Whitehead,G,Detroit Pistons,1544951,2019-20
407,Paul Zipser,F,Chicago Bulls,1544951,2019-20
408,Amile Jefferson,F,Orlando Magic,1529007,2019-20
409,Omri Casspi,F,Memphis Grizzlies,1512601,2019-20
410,Isaiah Canaan,G,Milwaukee Bucks,1512601,2019-20
411,Dwyane Wade,G,Miami Heat,1512601,2019-20
412,Nigel Williams-Goss,G,Utah Jazz,1500000,2019-20
413,Isaiah Roby,PF,Oklahoma City Thunder,1500000,2019-20
414,Alfonzo McKinnie,F,Cleveland Cavaliers,1500000,2019-20
415,Shake Milton,SG,Philadelphia 76ers,1455697,2019-20
416,Wenyen Gabriel,F,Portland Trail Blazers,1445697,2019-20
417,Brad Wanamaker,PG,Boston Celtics,1445697,2019-20
418,Thanasis Antetokounmpo,F,Milwaukee Bucks,1445697,2019-20
419,Derrick Walton Jr.,G,Detroit Pistons,1445697,2019-20
420,Theo Pinson,G,Brooklyn Nets,1445697,2019-20
421,Iman Shumpert,G,Brooklyn Nets,1419138,2019-20
422,Gary Trent Jr.,G,Portland Trail Blazers,1416852,2019-20
423,Bruce Brown,G,Detroit Pistons,1416852,2019-20
424,Hamidou Diallo,G,Oklahoma City Thunder,1416852,2019-20
425,Kendrick Nunn,G,Miami Heat,1416852,2019-20
426,Melvin Frazier Jr.,G,Orlando Magic,1416852,2019-20
427,Kenrich Williams,G,New Orleans Pelicans,1416852,2019-20
428,Alize Johnson,F,Indiana Pacers,1416852,2019-20
429,Devonte' Graham,PG,Charlotte Hornets,1416852,2019-20
430,Deonte Burton,F,Oklahoma City Thunder,1416852,2019-20
431,De'Anthony Melton,G,Memphis Grizzlies,1416852,2019-20
432,Ryan Broekhoff,G,Dallas Mavericks,1416852,2019-20
433,Isaiah Hartenstein,C,Houston Rockets,1416852,2019-20
434,Jalen Brunson,G,Dallas Mavericks,1416852,2019-20
435,Elie Okobo,G,Phoenix Suns,1416852,2019-20
436,Keita Bates-Diop,SF,Denver Nuggets,1416852,2019-20
437,Duncan Robinson,F,Miami Heat,1416852,2019-20
438,Jarred Vanderbilt,F,Minnesota Timberwolves,1416852,2019-20
439,Jemerrio Jones,F,Los Angeles Lakers,1416852,2019-20
440,Khyri Thomas,SG,Detroit Pistons,1416852,2019-20
441,Chimezie Metu,PF,San Antonio Spurs,1416852,2019-20
442,Jevon Carter,G,Phoenix Suns,1416852,2019-20
443,Dairis Bertans,G,New Orleans Pelicans,1416852,2019-20
444,Yante Maten,F,Boston Celtics,1416852,2019-20
445,Svi Mykhailiuk,G,Detroit Pistons,1416852,2019-20
446,Isaac Bonga,G,Washington Wizards,1416842,2019-20
447,Tarik Phillip,G,Washington Wizards,1416842,2019-20
448,Jaylen Nowell,G,Minnesota Timberwolves,1400000,2019-20
449,Bruno Fernando,F,Atlanta Hawks,1400000,2019-20
450,Dakari Johnson,C,Memphis Grizzlies,1378242,2019-20
451,Kyle Collinsworth,G,Utah Jazz,1378242,2019-20
452,Jaylen Morris,F,San Antonio Spurs,1378242,2019-20
453,Brandon Paul,G,San Antonio Spurs,1378242,2019-20
454,Rodney Purvis,G,Miami Heat,1378242,2019-20
455,David Stockton,G,Los Angeles Lakers,1378242,2019-20
456,Zhou Qi,C,Houston Rockets,1378242,2019-20
457,Aaron Jackson,F,Houston Rockets,1378242,2019-20
458,Ike Anigbogu,C,New Orleans Pelicans,1378242,2019-20
459,Carmelo Anthony,PF,Portland Trail Blazers,1364204,2019-20
460,Jabari Bird,G,Atlanta Hawks,1349464,2019-20
461,Ben Moore,F,San Antonio Spurs,1349383,2019-20
462,James Nunnally,SF,New Orleans Pelicans,1349383,2019-20
463,Kevin Porter Jr.,G,Cleveland Cavaliers,1290960,2019-20
464,Carsen Edwards,PG,Boston Celtics,1228026,2019-20
465,Cody Martin,SF,Charlotte Hornets,1173310,2019-20
466,Gary Payton II,G,Washington Wizards,1052909,2019-20
467,Nick Young,G,Denver Nuggets,1042584,2019-20
468,Admiral Schofield,SF,Washington Wizards,1000000,2019-20
469,Terance Mann,G,LA Clippers,1000000,2019-20
470,Ron Baker,G,Washington Wizards,948580,2019-20
471,David Nwaba,SF,Brooklyn Nets,903111,2019-20
472,Jalen McDaniels,F,Charlotte Hornets,898310,2019-20
473,Dewan Hernandez,F,Toronto Raptors,898310,2019-20
474,Talen Horton-Tucker,SF,Los Angeles Lakers,898310,2019-20
475,Stanton Kidd,SF,Utah Jazz,898310,2019-20
476,KZ Okpala,SF,Miami Heat,898310,2019-20
477,Terence Davis,G,Toronto Raptors,898310,2019-20
478,Ignas Brazdeikis,SF,New York Knicks,898310,2019-20
479,Miye Oni,SF,Utah Jazz,898310,2019-20
480,Nic Claxton,C,Brooklyn Nets,898310,2019-20
481,Naz Reid,C,Minnesota Timberwolves,898310,2019-20
482,Eric Paschall,F,Golden State Warriors,898310,2019-20
483,Jalen Lecque,G,Phoenix Suns,898310,2019-20
484,Caleb Martin,F,Charlotte Hornets,898310,2019-20
485,Alen Smailagic,PF,Golden State Warriors,898310,2019-20
486,Justin Robinson,F,Washington Wizards,898310,2019-20
487,Vlatko Cancar,SF,Denver Nuggets,898310,2019-20
488,Daniel Gafford,F,Chicago Bulls,898310,2019-20
489,Max Strus,G,Chicago Bulls,898310,2019-20
490,Matt Thomas,SG,Toronto Raptors,898310,2019-20
491,Javonte Green,G,Boston Celtics,898310,2019-20
492,Justin James,G,Sacramento Kings,898310,2019-20
493,Damion Lee,SG,Golden State Warriors,842327,2019-20
494,Isaiah Briscoe,G,Orlando Magic,838464,2019-20
495,Juwan Morgan,F,Utah Jazz,746054,2019-20
496,Marquese Chriss,SF,Golden State Warriors,654469,2019-20
497,Timothe Luwawu-Cabarrot,SG,Brooklyn Nets,654469,2019-20
498,Marvin Williams,F,Milwaukee Bucks,604278,2019-20
499,Michael Kidd-Gilchrist,F,Dallas Mavericks,595122,2019-20
500,Rayjon Tucker,G,Utah Jazz,578573,2019-20
501,Chris Clemons,G,Houston Rockets,563347,2019-20
502,Gary Clark,F,Orlando Magic,555409,2019-20
503,Brandon Goodwin,G,Atlanta Hawks,522738,2019-20
504,DeMarre Carroll,F,Houston Rockets,512721,2019-20
505,Reggie Jackson,PG,LA Clippers,512721,2019-20
506,Anzejs Pasecniks,C,Washington Wizards,482144,2019-20
507,Chris Silva,F,Miami Heat,466918,2019-20
508,Jeff Green,F,Houston Rockets,439475,2019-20
509,Troy Daniels,G,Denver Nuggets,384541,2019-20
510,Dion Waiters,G,Los Angeles Lakers,375385,2019-20
511,Juan Toscano-Anderson,F,Golden State Warriors,350189,2019-20
512,Norvel Pelle,PF,Philadelphia 76ers,350189,2019-20
513,Ky Bowman,G,Golden State Warriors,350189,2019-20
514,JR Smith,G,Los Angeles Lakers,289803,2019-20
515,Tyler Zeller,C,San Antonio Spurs,245686,2019-20
516,Jimmer Fredette,G,Phoenix Suns,208509,2019-20
517,Jontay Porter,C,Toronto Raptors,197933,2019-20
518,Tyler Johnson,G,Brooklyn Nets,183115,2019-20
519,Anthony Tolliver,PF,Memphis Grizzlies,183115,2019-20
520,Luguentz Dort,G,Oklahoma City Thunder,155647,2019-20
