﻿Rank,Player,Position,Team,Salary,Season
1,Stephen Curry,G,Golden State Warriors,51915615,2023-24
2,Kevin Durant,F,Phoenix Suns,47649433,2023-24
3,LeBron James,F,Los Angeles Lakers,47607350,2023-24
4,Nikola Jokic,C,Denver Nuggets,47607350,2023-24
5,Joel Embiid,C,Philadelphia 76ers,46900000,2023-24
6,Bradley Beal,G,Phoenix Suns,46741590,2023-24
7,Giannis Antetokounmpo,F,Milwaukee Bucks,45640084,2023-24
8,Damian Lillard,G,Milwaukee Bucks,45640084,2023-24
9,Kawhi Leonard,F,LA Clippers,45640084,2023-24
10,Paul George,F,LA Clippers,45640084,2023-24
11,Jimmy Butler III,F,Miami Heat,45183960,2023-24
12,Klay Thompson,G,Golden State Warriors,43219440,2023-24
13,Rudy Gobert,C,Minnesota Timberwolves,41000000,2023-24
14,Fred VanVleet,G,Houston Rockets,40806300,2023-24
15,Anthony Davis,F,Los Angeles Lakers,40600080,2023-24
16,Luka Doncic,G,Dallas Mavericks,40064220,2023-24
17,Zach LaVine,G,Chicago Bulls,40064220,2023-24
18,Trae Young,G,Atlanta Hawks,40064220,2023-24
19,Tobias Harris,F,Philadelphia 76ers,39270150,2023-24
20,Ben Simmons,PG,Brooklyn Nets,37893408,2023-24
21,Pascal Siakam,F,Indiana Pacers,37893408,2023-24
22,Kyrie Irving,G,Dallas Mavericks,37037037,2023-24
23,Jrue Holiday,G,Boston Celtics,36861707,2023-24
24,Devin Booker,G,Phoenix Suns,36016200,2023-24
25,Karl-Anthony Towns,C,Minnesota Timberwolves,36016200,2023-24
26,Kristaps Porzingis,C,Boston Celtics,36016200,2023-24
27,CJ McCollum,G,New Orleans Pelicans,35802469,2023-24
28,James Harden,G,LA Clippers,35640000,2023-24
29,Ja Morant,G,Memphis Grizzlies,34005250,2023-24
30,Darius Garland,G,Cleveland Cavaliers,34005250,2023-24
31,Zion Williamson,F,New Orleans Pelicans,34005250,2023-24
32,Jamal Murray,G,Denver Nuggets,33833400,2023-24
33,Brandon Ingram,F,New Orleans Pelicans,33833400,2023-24
34,Shai Gilgeous-Alexander,G,Oklahoma City Thunder,33386850,2023-24
35,Michael Porter Jr.,F,Denver Nuggets,33386850,2023-24
36,Donovan Mitchell,G,Cleveland Cavaliers,33162030,2023-24
37,De'Aaron Fox,G,Sacramento Kings,32600060,2023-24
38,Bam Adebayo,C,Miami Heat,32600060,2023-24
39,Jayson Tatum,F,Boston Celtics,32600060,2023-24
40,Deandre Ayton,C,Portland Trail Blazers,32459438,2023-24
41,Jaylen Brown,G,Boston Celtics,31830357,2023-24
42,Gordon Hayward,SF,Oklahoma City Thunder,31500000,2023-24
43,Chris Paul,G,Golden State Warriors,30800000,2023-24
44,Domantas Sabonis,F,Sacramento Kings,30600000,2023-24
45,Khris Middleton,F,Milwaukee Bucks,29320988,2023-24
46,DeMar DeRozan,G,Chicago Bulls,28600000,2023-24
47,Julius Randle,F,New York Knicks,28226880,2023-24
48,Jordan Poole,G,Washington Wizards,27955357,2023-24
49,Jerami Grant,F,Portland Trail Blazers,27586207,2023-24
50,Jaren Jackson Jr.,F,Memphis Grizzlies,27102202,2023-24
51,Tyler Herro,G,Miami Heat,27000000,2023-24
52,Jalen Brunson,G,New York Knicks,26346666,2023-24
53,Cameron Johnson,F,Brooklyn Nets,25679348,2023-24
54,Kyle Kuzma,F,Washington Wizards,25568182,2023-24
55,John Collins,F,Utah Jazz,25340000,2023-24
56,Brook Lopez,C,Milwaukee Bucks,25000000,2023-24
57,Mike Conley,G,Minnesota Timberwolves,24360000,2023-24
58,Andrew Wiggins,F,Golden State Warriors,24330357,2023-24
59,Anfernee Simons,G,Portland Trail Blazers,24107143,2023-24
60,RJ Barrett,F,Toronto Raptors,23883929,2023-24
61,Jordan Clarkson,G,Utah Jazz,23487629,2023-24
62,Dillon Brooks,F,Houston Rockets,22627671,2023-24
63,Malcolm Brogdon,G,Portland Trail Blazers,22500000,2023-24
64,Draymond Green,F,Golden State Warriors,22321429,2023-24
65,Aaron Gordon,F,Denver Nuggets,22266182,2023-24
66,Terry Rozier,G,Miami Heat,22205221,2023-24
67,Bruce Brown,G,Toronto Raptors,22000000,2023-24
68,Mikal Bridges,G,Brooklyn Nets,21700000,2023-24
69,Myles Turner,C,Indiana Pacers,20975000,2023-24
70,Clint Capela,C,Atlanta Hawks,20616000,2023-24
71,Lonzo Ball,G,Cleveland Cavaliers,20465117,2023-24
72,De'Andre Hunter,F,Atlanta Hawks,20089286,2023-24
73,Keldon Johnson,F,San Antonio Spurs,20000000,2023-24
74,Bojan Bogdanovic,SF,New York Knicks,20000000,2023-24
75,Jarrett Allen,C,Cleveland Cavaliers,20000000,2023-24
76,Joe Harris,SF,Detroit Pistons,19928571,2023-24
77,Jakob Poeltl,C,Toronto Raptors,19500000,2023-24
78,Buddy Hield,G,Philadelphia 76ers,19279841,2023-24
79,Evan Fournier,SG,Detroit Pistons,18857143,2023-24
80,Marcus Smart,G,Memphis Grizzlies,18833712,2023-24
81,Bogdan Bogdanovic,G,Atlanta Hawks,18700000,2023-24
82,OG Anunoby,F,New York Knicks,18642857,2023-24
83,Gary Trent Jr.,G,Toronto Raptors,18560000,2023-24
84,Nikola Vucevic,C,Chicago Bulls,18518519,2023-24
85,Derrick White,G,Boston Celtics,18357143,2023-24
86,Dejounte Murray,G,Atlanta Hawks,18214000,2023-24
87,Duncan Robinson,F,Miami Heat,18154000,2023-24
88,Norman Powell,G,LA Clippers,18000000,2023-24
89,Tim Hardaway Jr.,G,Dallas Mavericks,17897728,2023-24
90,Jonathan Isaac,F,Orlando Magic,17400000,2023-24
91,Collin Sexton,G,Utah Jazz,17325000,2023-24
92,D'Angelo Russell,G,Los Angeles Lakers,17307693,2023-24
93,Lauri Markkanen,F,Utah Jazz,17259999,2023-24
94,Marcus Morris Sr.,F,Cleveland Cavaliers,17116279,2023-24
95,Davis Bertans,SF,Charlotte Hornets,17000000,2023-24
96,Harrison Barnes,F,Sacramento Kings,17000000,2023-24
97,Markelle Fultz,PG,Orlando Magic,17000000,2023-24
98,Jusuf Nurkic,C,Phoenix Suns,16875000,2023-24
99,P.J. Washington,F,Dallas Mavericks,16847826,2023-24
100,Kevin Porter Jr.,G,Milwaukee Bucks,15860000,2023-24
101,Rui Hachimura,F,Los Angeles Lakers,15740741,2023-24
102,Mitchell Robinson,C,New York Knicks,15681818,2023-24
103,Kevin Huerter,G,Sacramento Kings,15669643,2023-24
104,Jonas Valanciunas,C,New Orleans Pelicans,15435000,2023-24
105,Luke Kennard,G,Memphis Grizzlies,15418363,2023-24
106,Caris LeVert,G,Cleveland Cavaliers,15384616,2023-24
107,Luguentz Dort,G,Oklahoma City Thunder,15277778,2023-24
108,Kentavious Caldwell-Pope,G,Denver Nuggets,14704938,2023-24
109,Max Strus,G,Cleveland Cavaliers,14487684,2023-24
110,Tyus Jones,G,Washington Wizards,14000000,2023-24
111,Dorian Finney-Smith,F,Brooklyn Nets,13932008,2023-24
112,Doug McDermott,F,Indiana Pacers,13750000,2023-24
113,Wendell Carter Jr.,C,Orlando Magic,13050000,2023-24
114,Gary Harris,G,Orlando Magic,13000000,2023-24
115,Josh Hart,G,New York Knicks,12960000,2023-24
116,Naz Reid,C,Minnesota Timberwolves,12950400,2023-24
117,Steven Adams,C,Houston Rockets,12600000,2023-24
118,Brandon Clarke,F,Memphis Grizzlies,12500000,2023-24
119,Marvin Bagley III,F,Washington Wizards,12500000,2023-24
120,Dennis Schroder,G,Brooklyn Nets,12405000,2023-24
121,Daniel Gafford,F,Dallas Mavericks,12402000,2023-24
122,Grant Williams,F,Charlotte Hornets,12325581,2023-24
123,Kelly Olynyk,F,Toronto Raptors,12195122,2023-24
124,Victor Wembanyama,F,San Antonio Spurs,12160680,2023-24
125,James Wiseman,C,Detroit Pistons,12119400,2023-24
126,Devonte' Graham,PG,San Antonio Spurs,12100000,2023-24
127,Richaun Holmes,F,Washington Wizards,12046020,2023-24
128,Austin Reaves,G,Los Angeles Lakers,12015150,2023-24
129,Herbert Jones,F,New Orleans Pelicans,12015150,2023-24
130,Chris Boucher,F,Toronto Raptors,11750000,2023-24
131,Nicolas Batum,F,Philadelphia 76ers,11710818,2023-24
132,Bobby Portis,F,Milwaukee Bucks,11710818,2023-24
133,Robert Covington,PF,Philadelphia 76ers,11692308,2023-24
134,Paolo Banchero,F,Orlando Magic,11608080,2023-24
135,Robert Williams III,C,Portland Trail Blazers,11571429,2023-24
136,Coby White,G,Chicago Bulls,11111111,2023-24
137,Cade Cunningham,G,Detroit Pistons,11055240,2023-24
138,Talen Horton-Tucker,SF,Utah Jazz,11020000,2023-24
139,P.J. Tucker,PF,LA Clippers,11014500,2023-24
140,Joe Ingles,F,Orlando Magic,11000000,2023-24
141,Maxi Kleber,F,Dallas Mavericks,11000000,2023-24
142,Donte DiVincenzo,G,New York Knicks,10960000,2023-24
143,Ivica Zubac,C,LA Clippers,10933333,2023-24
144,LaMelo Ball,G,Charlotte Hornets,10900635,2023-24
145,Brandon Miller,F,Charlotte Hornets,10880400,2023-24
146,Terance Mann,G,LA Clippers,10576923,2023-24
147,Matisse Thybulle,G,Portland Trail Blazers,10500000,2023-24
148,Gabe Vincent,G,Los Angeles Lakers,10500000,2023-24
149,Alec Burks,SG,New York Knicks,10489600,2023-24
150,Chet Holmgren,C,Oklahoma City Thunder,10386000,2023-24
151,Larry Nance Jr.,F,New Orleans Pelicans,10375000,2023-24
152,Landry Shamet,G,Washington Wizards,10250000,2023-24
153,Al Horford,C,Boston Celtics,10000000,2023-24
154,Malik Monk,G,Sacramento Kings,9945830,2023-24
155,Tre Jones,G,San Antonio Spurs,9895833,2023-24
156,Jalen Green,G,Houston Rockets,9891480,2023-24
157,Patrick Williams,F,Chicago Bulls,9835881,2023-24
158,Monte Morris,PG,Minnesota Timberwolves,9800926,2023-24
159,Scoot Henderson,G,Portland Trail Blazers,9770880,2023-24
160,Nic Claxton,C,Brooklyn Nets,9625000,2023-24
161,Jeff Green,F,Houston Rockets,9600000,2023-24
162,Royce O'Neale,F,Phoenix Suns,9500000,2023-24
163,Alex Caruso,G,Chicago Bulls,9460000,2023-24
164,Victor Oladipo,SG,Guangzhou Loong-Lions,9450000,2023-24
165,Pat Connaughton,G,Milwaukee Bucks,9423869,2023-24
166,Jabari Smith Jr.,F,Houston Rockets,9326520,2023-24
167,Isaiah Hartenstein,C,New York Knicks,9245121,2023-24
168,Anthony Edwards,G,Minnesota Timberwolves,9219512,2023-24
169,Kyle Anderson,F,Minnesota Timberwolves,9219512,2023-24
170,Grayson Allen,G,Phoenix Suns,8925000,2023-24
171,Isaac Okoro,F,Cleveland Cavaliers,8920795,2023-24
172,Evan Mobley,C,Cleveland Cavaliers,8882760,2023-24
173,Amen Thompson,G,Houston Rockets,8809320,2023-24
174,Georges Niang,F,Cleveland Cavaliers,8800000,2023-24
175,Gary Payton II,G,Golden State Warriors,8715000,2023-24
176,T.J. McConnell,G,Indiana Pacers,8700000,2023-24
177,Keegan Murray,F,Sacramento Kings,8409000,2023-24
178,Onyeka Okongwu,F,Atlanta Hawks,8109063,2023-24
179,Scottie Barnes,F,Toronto Raptors,8008560,2023-24
180,Trey Lyles,PF,Sacramento Kings,8000000,2023-24
181,De'Anthony Melton,G,Philadelphia 76ers,8000000,2023-24
182,Moritz Wagner,F,Orlando Magic,8000000,2023-24
183,Jock Landale,C,Houston Rockets,8000000,2023-24
184,Ausar Thompson,G,Detroit Pistons,7977480,2023-24
185,Miles Bridges,F,Charlotte Hornets,7921301,2023-24
186,Vasilije Micic,G,Charlotte Hornets,7723000,2023-24
187,Paul Reed,F,Philadelphia 76ers,7723000,2023-24
188,Zach Collins,F,San Antonio Spurs,7700000,2023-24
189,Jaden Ivey,G,Detroit Pistons,7641480,2023-24
190,Cody Martin,SF,Charlotte Hornets,7560000,2023-24
191,Kevon Looney,F,Golden State Warriors,7500000,2023-24
192,Taurean Prince,F,Los Angeles Lakers,7455000,2023-24
193,Killian Hayes,G,Detroit Pistons,7413955,2023-24
194,Jalen Suggs,G,Orlando Magic,7252080,2023-24
195,Anthony Black,G,Orlando Magic,7245480,2023-24
196,Khem Birch,C,San Antonio Spurs,6985000,2023-24
197,Bennedict Mathurin,G,Indiana Pacers,6916080,2023-24
198,Obi Toppin,F,Indiana Pacers,6803012,2023-24
199,Caleb Martin,F,Miami Heat,6802950,2023-24
200,Cedi Osman,SF,San Antonio Spurs,6718842,2023-24
201,Bilal Coulibaly,G,Washington Wizards,6614280,2023-24
202,Josh Giddey,G,Oklahoma City Thunder,6587040,2023-24
203,Cameron Payne,PG,Philadelphia 76ers,6500000,2023-24
204,Jae'Sean Tate,F,Houston Rockets,6500000,2023-24
205,Ayo Dosunmu,G,Chicago Bulls,6481481,2023-24
206,Rudy Gay,SF,Golden State Warriors,6479000,2023-24
207,Sasha Vezenkov,F,Sacramento Kings,6341464,2023-24
208,Shaedon Sharpe,G,Portland Trail Blazers,6313800,2023-24
209,Otto Porter Jr.,SF,Toronto Raptors,6300000,2023-24
210,Deni Avdija,F,Washington Wizards,6263188,2023-24
211,Nassir Little,SF,Phoenix Suns,6250000,2023-24
212,Jevon Carter,G,Chicago Bulls,6190476,2023-24
213,Kenrich Williams,G,Oklahoma City Thunder,6175000,2023-24
214,Ricky Rubio,PG,Cleveland Cavaliers,6146342,2023-24
215,Jarace Walker,F,Indiana Pacers,6059520,2023-24
216,Jonathan Kuminga,F,Golden State Warriors,6012840,2023-24
217,Devin Vassell,G,San Antonio Spurs,5887899,2023-24
218,Tyrese Haliburton,G,Indiana Pacers,5808435,2023-24
219,Dyson Daniels,G,New Orleans Pelicans,5784120,2023-24
220,Kira Lewis Jr.,G,Utah Jazz,5722116,2023-24
221,Dean Wade,F,Cleveland Cavaliers,5709877,2023-24
222,Aaron Nesmith,G,Indiana Pacers,5634257,2023-24
223,Jalen Smith,F,Indiana Pacers,5604192,2023-24
224,Taylor Hendricks,F,Utah Jazz,5569920,2023-24
225,Cole Anthony,G,Orlando Magic,5539771,2023-24
226,Franz Wagner,F,Orlando Magic,5508720,2023-24
227,Garrett Temple,G,Toronto Raptors,5401000,2023-24
228,Furkan Korkmaz,SG,Philadelphia 76ers,5370370,2023-24
229,Jeremy Sochan,F,San Antonio Spurs,5316960,2023-24
230,Cason Wallace,G,Oklahoma City Thunder,5291000,2023-24
231,Chuma Okeke,F,Orlando Magic,5266713,2023-24
232,Isaiah Stewart,F,Detroit Pistons,5266713,2023-24
233,Davion Mitchell,G,Sacramento Kings,5063760,2023-24
234,Johnny Davis,G,Washington Wizards,5050800,2023-24
235,Jett Howard,G,Orlando Magic,5026800,2023-24
236,Nick Richards,C,Charlotte Hornets,5000000,2023-24
237,Reggie Jackson,PG,Denver Nuggets,5000000,2023-24
238,Mason Plumlee,C,LA Clippers,5000000,2023-24
239,Ziaire Williams,F,Memphis Grizzlies,4810200,2023-24
240,Ousmane Dieng,F,Oklahoma City Thunder,4798440,2023-24
241,Dereck Lively II,C,Dallas Mavericks,4775640,2023-24
242,Josh Green,G,Dallas Mavericks,4765339,2023-24
243,Jarred Vanderbilt,F,Los Angeles Lakers,4698000,2023-24
244,Nickeil Alexander-Walker,G,Minnesota Timberwolves,4687500,2023-24
245,James Bouknight,SG,Charlotte Hornets,4570080,2023-24
246,Jalen Williams,G,Oklahoma City Thunder,4558680,2023-24
247,Saddiq Bey,G,Atlanta Hawks,4556983,2023-24
248,Gradey Dick,G,Toronto Raptors,4536720,2023-24
249,Jalen McDaniels,F,Toronto Raptors,4516000,2023-24
250,Precious Achiuwa,PF,New York Knicks,4379527,2023-24
251,Tyrese Maxey,G,Philadelphia 76ers,4343920,2023-24
252,Jalen Duren,C,Detroit Pistons,4330680,2023-24
253,Danuel House Jr.,SF,Philadelphia 76ers,4310250,2023-24
254,Jordan Hawkins,G,New Orleans Pelicans,4310160,2023-24
255,Zeke Nnaji,F,Denver Nuggets,4306281,2023-24
256,Immanuel Quickley,G,Toronto Raptors,4171548,2023-24
257,Chris Duarte,SG,Sacramento Kings,4124400,2023-24
258,Ochai Agbaji,G,Toronto Raptors,4114200,2023-24
259,Kobe Bufkin,G,Atlanta Hawks,4094280,2023-24
260,Payton Pritchard,G,Boston Celtics,4037278,2023-24
261,Seth Curry,SG,Charlotte Hornets,4000000,2023-24
262,Troy Brown Jr.,SF,Detroit Pistons,4000000,2023-24
263,Dwight Powell,F,Dallas Mavericks,4000000,2023-24
264,Moses Moody,G,Golden State Warriors,3918480,2023-24
265,Mark Williams,C,Charlotte Hornets,3908160,2023-24
266,Jaden McDaniels,F,Minnesota Timberwolves,3901399,2023-24
267,Keyonte George,G,Utah Jazz,3889800,2023-24
268,Malachi Flynn,PG,Detroit Pistons,3873025,2023-24
269,Desmond Bane,G,Memphis Grizzlies,3845083,2023-24
270,Kevin Love,F,Miami Heat,3835738,2023-24
271,Russell Westbrook,G,LA Clippers,3835738,2023-24
272,Corey Kispert,F,Washington Wizards,3722040,2023-24
273,AJ Griffin,F,Atlanta Hawks,3712920,2023-24
274,Jalen Hood-Schifino,G,Los Angeles Lakers,3695040,2023-24
275,Amir Coffey,G,LA Clippers,3666667,2023-24
276,Alperen Sengun,C,Houston Rockets,3536280,2023-24
277,Tari Eason,F,Houston Rockets,3527160,2023-24
278,Jaime Jaquez Jr.,F,Miami Heat,3510600,2023-24
279,Mike Muscala,C,Oklahoma City Thunder,3500000,2023-24
280,Andre Drummond,C,Chicago Bulls,3360000,2023-24
281,Trey Murphy III,F,New Orleans Pelicans,3359280,2023-24
282,Brandin Podziemski,G,Golden State Warriors,3352440,2023-24
283,Dalen Terry,F,Chicago Bulls,3350760,2023-24
284,Cam Whitmore,F,Houston Rockets,3218160,2023-24
285,Jake LaRavia,F,Memphis Grizzlies,3199920,2023-24
286,Derrick Rose,PG,Memphis Grizzlies,3196448,2023-24
287,Eric Gordon,G,Phoenix Suns,3196448,2023-24
288,Tre Mann,G,Charlotte Hornets,3191280,2023-24
289,Noah Clowney,F,Brooklyn Nets,3089520,2023-24
290,Malaki Branham,G,San Antonio Spurs,3071880,2023-24
291,Simone Fontecchio,F,Detroit Pistons,3044872,2023-24
292,Jordan Nwora,SF,Toronto Raptors,3000000,2023-24
293,Julian Champagnie,F,San Antonio Spurs,3000000,2023-24
294,Dante Exum,G,Dallas Mavericks,3000000,2023-24
295,Dariq Whitehead,F,Brooklyn Nets,2966040,2023-24
296,Christian Braun,G,Denver Nuggets,2949120,2023-24
297,Jalen Johnson,F,Atlanta Hawks,2925360,2023-24
298,Josh Richardson,SG,Miami Heat,2891467,2023-24
299,Kris Murray,F,Portland Trail Blazers,2847480,2023-24
300,Walker Kessler,C,Utah Jazz,2831160,2023-24
301,Josh Okogie,G,Phoenix Suns,2815937,2023-24
302,Keon Johnson,G,Brooklyn Nets,2808720,2023-24
303,Omer Yurtseven,C,Utah Jazz,2800000,2023-24
304,Kyle Lowry,G,Philadelphia 76ers,2795839,2023-24
305,Olivier-Maxence Prosper,F,Dallas Mavericks,2733360,2023-24
306,David Roddy,F,Phoenix Suns,2718240,2023-24
307,Christian Wood,F,Los Angeles Lakers,2709849,2023-24
308,Isaiah Jackson,F,Indiana Pacers,2696280,2023-24
309,Marcus Sasser,G,Detroit Pistons,2623680,2023-24
310,MarJon Beauchamp,F,Milwaukee Bucks,2609400,2023-24
311,Charles Bassey,C,San Antonio Spurs,2600000,2023-24
312,Kris Dunn,G,Utah Jazz,2586665,2023-24
313,Damian Jones,C,Cleveland Cavaliers,2586665,2023-24
314,Bruno Fernando,F,Atlanta Hawks,2581522,2023-24
315,Willy Hernangomez,C,New Orleans Pelicans,2559942,2023-24
316,Ben Sheppard,G,Indiana Pacers,2537160,2023-24
317,Damion Lee,SG,Phoenix Suns,2528233,2023-24
318,Thomas Bryant,C,Miami Heat,2528233,2023-24
319,Torrey Craig,SF,Chicago Bulls,2528233,2023-24
320,Blake Wesley,G,San Antonio Spurs,2504640,2023-24
321,Josh Christopher,SG,Miami Heat,2485200,2023-24
322,Nick Smith Jr.,G,Charlotte Hornets,2463960,2023-24
323,Brice Sensabaugh,F,Utah Jazz,2448600,2023-24
324,Ty Jerome,G,Cleveland Cavaliers,2439025,2023-24
325,Julian Strawther,G,Denver Nuggets,2431080,2023-24
326,Wendell Moore Jr.,F,Minnesota Timberwolves,2421720,2023-24
327,Kobe Brown,G,LA Clippers,2413320,2023-24
328,PJ Dozier,G,Minnesota Timberwolves,2413304,2023-24
329,Luke Kornet,C,Boston Celtics,2413304,2023-24
330,John Konchar,G,Memphis Grizzlies,2400000,2023-24
331,Quentin Grimes,G,Detroit Pistons,2385720,2023-24
332,Keita Bates-Diop,SF,Brooklyn Nets,2364614,2023-24
333,Nikola Jovic,F,Miami Heat,2352000,2023-24
334,Yuta Watanabe,SF,Memphis Grizzlies,2346614,2023-24
335,Drew Eubanks,F,Phoenix Suns,2346614,2023-24
336,Patrick Baldwin Jr.,G,Washington Wizards,2337720,2023-24
337,Jordan McLaughlin,G,Minnesota Timberwolves,2320000,2023-24
338,Bones Hyland,G,LA Clippers,2306400,2023-24
339,Peyton Watson,G,Denver Nuggets,2303520,2023-24
340,Cam Thomas,G,Brooklyn Nets,2240160,2023-24
341,Vlatko Cancar,SF,Denver Nuggets,2234359,2023-24
342,Vince Williams Jr.,G,Memphis Grizzlies,2232308,2023-24
343,Jaden Springer,G,Boston Celtics,2226240,2023-24
344,Day'Ron Sharpe,C,Brooklyn Nets,2210040,2023-24
345,Jeremiah Robinson-Earl,F,New Orleans Pelicans,2196970,2023-24
346,Santi Aldama,F,Memphis Grizzlies,2194200,2023-24
347,Jaxson Hayes,C,Los Angeles Lakers,2165000,2023-24
348,Cam Reddish,SF,Los Angeles Lakers,2165000,2023-24
349,Oshae Brissett,SF,Boston Celtics,2165000,2023-24
350,Andrew Nembhard,G,Indiana Pacers,2131905,2023-24
351,Kobi Simmons,G,Toronto Raptors,2066585,2023-24
352,Luka Samanic,F,Utah Jazz,2066585,2023-24
353,Isaiah Roby,PF,Ulm Ulm,2066585,2023-24
354,Goga Bitadze,C,Orlando Magic,2062585,2023-24
355,Tristan Thompson,C,Cleveland Cavaliers,2019796,2023-24
356,Sandro Mamukelashvili,F,San Antonio Spurs,2019760,2023-24
357,Alex Len,C,Sacramento Kings,2019760,2023-24
358,Montrezl Harrell,C,Philadelphia 76ers,2019760,2023-24
359,Malik Beasley,SG,Milwaukee Bucks,2019760,2023-24
360,Jae Crowder,PF,Milwaukee Bucks,2019760,2023-24
361,Frank Ntilikina,PG,Charlotte Hornets,2019706,2023-24
362,Ish Smith,PG,Charlotte Hornets,2019706,2023-24
363,Colby Jones,G,Sacramento Kings,2019706,2023-24
364,Nerlens Noel,C,Sacramento Kings,2019706,2023-24
365,JaVale McGee,C,Sacramento Kings,2019706,2023-24
366,Robin Lopez,C,Milwaukee Bucks,2019706,2023-24
367,Dalano Banton,G,Portland Trail Blazers,2019706,2023-24
368,Moses Brown,C,Portland Trail Blazers,2019706,2023-24
369,Bol Bol,C,Phoenix Suns,2019706,2023-24
370,Mo Bamba,C,Philadelphia 76ers,2019706,2023-24
371,Kelly Oubre Jr.,G,Philadelphia 76ers,2019706,2023-24
372,Danny Green,F,Philadelphia 76ers,2019706,2023-24
373,Trendon Watford,F,Brooklyn Nets,2019706,2023-24
374,Lonnie Walker IV,G,Brooklyn Nets,2019706,2023-24
375,Dennis Smith Jr.,PG,Brooklyn Nets,2019706,2023-24
376,Thanasis Antetokounmpo,F,Milwaukee Bucks,2019706,2023-24
377,Patrick Beverley,PG,Milwaukee Bucks,2019706,2023-24
378,Cory Joseph,PG,Golden State Warriors,2019706,2023-24
379,Aaron Holiday,G,Houston Rockets,2019706,2023-24
380,Reggie Bullock Jr.,SF,Houston Rockets,2019706,2023-24
381,Boban Marjanovic,C,Houston Rockets,2019706,2023-24
382,Dario Saric,F,Golden State Warriors,2019706,2023-24
383,Chimezie Metu,PF,Detroit Pistons,2019706,2023-24
384,Ryan Arcidiacono,G,New York Knicks,2019706,2023-24
385,Jalen Pickett,G,Denver Nuggets,2019706,2023-24
386,Justin Holiday,F,Denver Nuggets,2019706,2023-24
387,DeAndre Jordan,C,Denver Nuggets,2019706,2023-24
388,Derrick Jones Jr.,F,Dallas Mavericks,2019706,2023-24
389,Markieff Morris,PF,Dallas Mavericks,2019706,2023-24
390,Terry Taylor,F,Chicago Bulls,2019706,2023-24
391,Cody Zeller,C,New Orleans Pelicans,2019706,2023-24
392,Svi Mykhailiuk,G,Boston Celtics,2019706,2023-24
393,Wesley Matthews,SG,Atlanta Hawks,2019706,2023-24
394,Jaylin Williams,F,Oklahoma City Thunder,2000000,2023-24
395,Caleb Houstan,G,Orlando Magic,2000000,2023-24
396,Garrison Mathews,G,Atlanta Hawks,2000000,2023-24
397,Anthony Gill,F,Washington Wizards,1997239,2023-24
398,R.J. Hampton,G,Miami Heat,1997238,2023-24
399,Isaiah Joe,G,Oklahoma City Thunder,1997238,2023-24
400,Sam Merrill,G,Cleveland Cavaliers,1997238,2023-24
401,GG Jackson,F,Memphis Grizzlies,1991428,2023-24
402,Duop Reath,C,Portland Trail Blazers,1951220,2023-24
403,Lamar Stevens,F,Memphis Grizzlies,1930681,2023-24
404,KJ Martin,F,Philadelphia 76ers,1930681,2023-24
405,KJ Martin,F,LA Clippers,1930681,2023-24
406,Naji Marshall,F,New Orleans Pelicans,1930681,2023-24
407,Xavier Tillman,F,Boston Celtics,1930681,2023-24
408,Kessler Edwards,F,Sacramento Kings,1927896,2023-24
409,Jericho Sims,C,New York Knicks,1927896,2023-24
410,Joe Wieskamp,SF,Dallas Mavericks,1927896,2023-24
411,Sam Hauser,F,Boston Celtics,1927896,2023-24
412,Carlik Jones,G,Chicago Bulls,1922896,2023-24
413,Haywood Highsmith,F,Miami Heat,1902137,2023-24
414,Kevin Knox II,F,Detroit Pistons,1845593,2023-24
415,JT Thor,F,Charlotte Hornets,1836096,2023-24
416,Isaiah Todd,PF,Memphis Grizzlies,1836096,2023-24
417,Isaiah Livers,F,Detroit Pistons,1836096,2023-24
418,Aaron Wiggins,G,Oklahoma City Thunder,1836096,2023-24
419,Miles McBride,G,New York Knicks,1836096,2023-24
420,Brandon Boston,SG,LA Clippers,1836096,2023-24
421,Marko Simonovic,C,Chicago Bulls,1836096,2023-24
422,Jose Alvarado,G,New Orleans Pelicans,1836096,2023-24
423,Jack White,F,Memphis Grizzlies,1801769,2023-24
424,AJ Green,G,Milwaukee Bucks,1801769,2023-24
425,Orlando Robinson,C,Miami Heat,1801769,2023-24
426,Dru Smith,G,Miami Heat,1801769,2023-24
427,E.J. Liddell,F,New Orleans Pelicans,1801769,2023-24
428,Leonard Miller,F,Minnesota Timberwolves,1800000,2023-24
429,Joshua Primo,G,LA Clippers,1764341,2023-24
430,Daniel Theis,C,LA Clippers,1741126,2023-24
431,Bryce McGowens,G,Charlotte Hornets,1719865,2023-24
432,Xavier Cooks,G,Washington Wizards,1719864,2023-24
433,Jabari Walker,F,Portland Trail Blazers,1719864,2023-24
434,Josh Minott,F,Minnesota Timberwolves,1719864,2023-24
435,Tyrese Martin,G,Brooklyn Nets,1719864,2023-24
436,Max Christie,G,Los Angeles Lakers,1719864,2023-24
437,Jaden Hardy,G,Dallas Mavericks,1719864,2023-24
438,Julian Phillips,F,Chicago Bulls,1600000,2023-24
439,Spencer Dinwiddie,PG,Los Angeles Lakers,1554654,2023-24
440,Craig Porter Jr.,G,Cleveland Cavaliers,1500000,2023-24
441,Sidy Cissoko,G,San Antonio Spurs,1119563,2023-24
442,Filip Petrusev,PF,Sacramento Kings,1119563,2023-24
443,Rayan Rupert,G,Portland Trail Blazers,1119563,2023-24
444,Toumani Camara,F,Portland Trail Blazers,1119563,2023-24
445,Chris Livingston,F,Milwaukee Bucks,1119563,2023-24
446,Andre Jackson Jr.,G,Milwaukee Bucks,1119563,2023-24
447,Maxwell Lewis,F,Los Angeles Lakers,1119563,2023-24
448,Trayce Jackson-Davis,F,Golden State Warriors,1119563,2023-24
449,Hunter Tyson,F,Denver Nuggets,1119563,2023-24
450,Jordan Walsh,G,Boston Celtics,1119563,2023-24
451,Mouhamed Gueye,F,Atlanta Hawks,1119563,2023-24
452,Kendall Brown,G,Indiana Pacers,1100000,2023-24
453,Gui Santos,F,Golden State Warriors,1029483,2023-24
454,A.J. Lawson,G,Dallas Mavericks,1000000,2023-24
455,Eugene Omoruyi,F,Washington Wizards,900000,2023-24
456,Jalen Wilson,F,Brooklyn Nets,850000,2023-24
457,James Johnson,PF,Indiana Pacers,777703,2023-24
458,Lindy Waters III,F,Oklahoma City Thunder,766095,2023-24
459,Bismack Biyombo,C,Oklahoma City Thunder,754488,2023-24
460,Keon Ellis,G,Sacramento Kings,683430,2023-24
461,Danilo Gallinari,PF,Milwaukee Bucks,661628,2023-24
462,Delon Wright,G,Miami Heat,661628,2023-24
463,Thaddeus Young,F,Phoenix Suns,638413,2023-24
464,Aleksej Pokusevski,F,Charlotte Hornets,565176,2023-24
465,Trent Forrest,G,Atlanta Hawks,553151,2023-24
466,Shake Milton,SG,New York Knicks,552938,2023-24
467,Lester Quinones,G,Golden State Warriors,548815,2023-24
468,Stanley Umude,G,Detroit Pistons,538460,2023-24
469,Kenneth Lofton Jr.,F,Utah Jazz,500000,2023-24
470,Darius Bazley,F,Utah Jazz,500000,2023-24
471,Patty Mills,PG,Miami Heat,475908,2023-24
472,Dominick Barlow,F,San Antonio Spurs,455620,2023-24
473,Taj Gibson,F,Detroit Pistons,348225,2023-24
474,Onuralp Bitim,SF,Chicago Bulls,334582,2023-24
475,Javon Freeman-Liberty,G,Toronto Raptors,289542,2023-24
