﻿Rank,Player,Position,Team,Salary,Season
1,LeBron James,F,Cleveland Cavaliers,30963450,2016-17
2,Kevin Durant,F,Golden State Warriors,26540100,2016-17
3,Mike Conley,G,Memphis Grizzlies,26540100,2016-17
4,James Harden,G,Houston Rockets,26540100,2016-17
5,Russell Westbrook,G,Oklahoma City Thunder,26540100,2016-17
6,DeMar DeRozan,G,Toronto Raptors,26540100,2016-17
7,Al Horford,C,Boston Celtics,26540100,2016-17
8,Dirk Nowitzki,F,Dallas Mavericks,25000000,2016-17
9,Carmelo Anthony,PF,New York Knicks,24559380,2016-17
10,Damian Lillard,G,Portland Trail Blazers,24328425,2016-17
11,Chris Bosh,PF,Miami Heat,23741060,2016-17
12,Dwyane Wade,G,Chicago Bulls,23200000,2016-17
13,Dwight Howard,C,Atlanta Hawks,23180275,2016-17
14,Chris Paul,G,LA Clippers,22868827,2016-17
15,Hassan Whiteside,C,Miami Heat,22116750,2016-17
16,Harrison Barnes,F,Dallas Mavericks,22116750,2016-17
17,Bradley Beal,G,Washington Wizards,22116750,2016-17
18,Anthony Davis,F,New Orleans Pelicans,22116750,2016-17
19,Andre Drummond,C,Detroit Pistons,22116750,2016-17
20,Chandler Parsons,SF,Memphis Grizzlies,22116750,2016-17
21,Derrick Rose,PG,New York Knicks,21323252,2016-17
22,Marc Gasol,C,Memphis Grizzlies,21165675,2016-17
23,Brook Lopez,C,Brooklyn Nets,21165675,2016-17
24,Kevin Love,F,Cleveland Cavaliers,21165675,2016-17
25,DeAndre Jordan,C,LA Clippers,21165675,2016-17
26,Nicolas Batum,F,Charlotte Hornets,20869566,2016-17
27,LaMarcus Aldridge,C,San Antonio Spurs,20575005,2016-17
28,Blake Griffin,PF,LA Clippers,20140839,2016-17
29,Paul Millsap,PF,Atlanta Hawks,20072033,2016-17
30,Ryan Anderson,PF,Houston Rockets,18735364,2016-17
31,Allen Crabbe,G,Portland Trail Blazers,18500000,2016-17
32,Paul George,F,Indiana Pacers,18314532,2016-17
33,Luol Deng,F,Los Angeles Lakers,18000000,2016-17
34,Kawhi Leonard,F,San Antonio Spurs,17638063,2016-17
35,Kyrie Irving,G,Cleveland Cavaliers,17638063,2016-17
36,Jimmy Butler III,F,Chicago Bulls,17552209,2016-17
37,Tobias Harris,F,Detroit Pistons,17200000,2016-17
38,Greg Monroe,C,Milwaukee Bucks,17145838,2016-17
39,Enes Freedom,C,Oklahoma City Thunder,17145838,2016-17
40,Wesley Matthews,SG,Dallas Mavericks,17145838,2016-17
41,Bismack Biyombo,C,Orlando Magic,17000000,2016-17
42,Joakim Noah,C,New York Knicks,17000000,2016-17
43,Evan Fournier,SG,Orlando Magic,17000000,2016-17
44,John Wall,PG,Washington Wizards,16957900,2016-17
45,DeMarcus Cousins,C,New Orleans Pelicans,16957900,2016-17
46,Klay Thompson,G,Golden State Warriors,16663575,2016-17
47,Evan Turner,G,Portland Trail Blazers,16393443,2016-17
48,Gordon Hayward,SF,Utah Jazz,16073140,2016-17
49,Timofey Mozgov,C,Los Angeles Lakers,16000000,2016-17
50,Ian Mahinmi,C,Washington Wizards,15944154,2016-17
51,Goran Dragic,PG,Miami Heat,15891725,2016-17
52,Kent Bazemore,SF,Atlanta Hawks,15730338,2016-17
53,Pau Gasol,PF,San Antonio Spurs,15500000,2016-17
54,Draymond Green,F,Golden State Warriors,15330435,2016-17
55,Tristan Thompson,C,Cleveland Cavaliers,15330435,2016-17
56,Khris Middleton,F,Milwaukee Bucks,15200000,2016-17
57,Danilo Gallinari,PF,Denver Nuggets,15050000,2016-17
58,Jeff Green,F,Orlando Magic,15000000,2016-17
59,Reggie Jackson,PG,Detroit Pistons,14956522,2016-17
60,Tony Parker,G,San Antonio Spurs,14445313,2016-17
61,Jonas Valanciunas,C,Toronto Raptors,14382023,2016-17
62,DeMarre Carroll,F,Toronto Raptors,14200000,2016-17
63,Thaddeus Young,F,Indiana Pacers,14153652,2016-17
64,Manu Ginobili,G,San Antonio Spurs,14000000,2016-17
65,Eric Bledsoe,SG,Phoenix Suns,14000000,2016-17
66,Rajon Rondo,PG,Chicago Bulls,14000000,2016-17
67,Ricky Rubio,PG,Minnesota Timberwolves,13550000,2016-17
68,Rudy Gay,SF,Sacramento Kings,13333333,2016-17
69,Jamal Crawford,G,LA Clippers,13253012,2016-17
70,Robin Lopez,C,Chicago Bulls,13219250,2016-17
71,Michael Kidd-Gilchrist,F,Charlotte Hornets,13000000,2016-17
72,JR Smith,G,Cleveland Cavaliers,12800000,2016-17
73,Brandon Knight,PG,Phoenix Suns,12606250,2016-17
74,John Henson,F,Milwaukee Bucks,12517606,2016-17
75,Miles Plumlee,C,Charlotte Hornets,12500000,2016-17
76,Jordan Clarkson,G,Los Angeles Lakers,12500000,2016-17
77,Arron Afflalo,G,Sacramento Kings,12500000,2016-17
78,Tyson Chandler,C,Phoenix Suns,12415000,2016-17
79,Eric Gordon,G,Houston Rockets,12385364,2016-17
80,Marvin Williams,F,Charlotte Hornets,12250000,2016-17
81,Serge Ibaka,F,Toronto Raptors,12250000,2016-17
82,Stephen Curry,G,Golden State Warriors,12112359,2016-17
83,Nikola Pekovic,C,Minnesota Timberwolves,12100000,2016-17
84,Kenneth Faried,F,Denver Nuggets,12078652,2016-17
85,Kyle Lowry,G,Toronto Raptors,12000000,2016-17
86,Amir Johnson,F,Boston Celtics,12000000,2016-17
87,Marcin Gortat,C,Washington Wizards,12000000,2016-17
88,Kemba Walker,PG,Charlotte Hornets,12000000,2016-17
89,Nikola Vucevic,C,Orlando Magic,11750000,2016-17
90,Jeremy Lin,G,Brooklyn Nets,11483254,2016-17
91,Jrue Holiday,G,New Orleans Pelicans,11286518,2016-17
92,Courtney Lee,G,New York Knicks,11242000,2016-17
93,Solomon Hill,SF,New Orleans Pelicans,11241218,2016-17
94,Wilson Chandler,F,Denver Nuggets,11233146,2016-17
95,Andre Iguodala,F,Golden State Warriors,11131368,2016-17
96,Derrick Favors,F,Utah Jazz,11050000,2016-17
97,Austin Rivers,SG,LA Clippers,11000000,2016-17
98,Joe Johnson,G,Utah Jazz,11000000,2016-17
99,Jon Leuer,F,Detroit Pistons,10991957,2016-17
100,Monta Ellis,SG,Indiana Pacers,10763500,2016-17
101,Mirza Teletovic,PF,Milwaukee Bucks,10500000,2016-17
102,Jared Dudley,SF,Phoenix Suns,10470000,2016-17
103,Zach Randolph,F,Memphis Grizzlies,10361445,2016-17
104,Al Jefferson,C,Indiana Pacers,10314532,2016-17
105,Tyreke Evans,G,Sacramento Kings,10203755,2016-17
106,Alec Burks,SG,Utah Jazz,10154495,2016-17
107,Terrence Ross,G,Orlando Magic,10000000,2016-17
108,Danny Green,F,San Antonio Spurs,10000000,2016-17
109,Omer Asik,C,New Orleans Pelicans,9904494,2016-17
110,Iman Shumpert,G,Cleveland Cavaliers,9662922,2016-17
111,Matthew Dellavedova,PG,Milwaukee Bucks,9607500,2016-17
112,Jerryd Bayless,G,Philadelphia 76ers,9424084,2016-17
113,Trevor Booker,F,Brooklyn Nets,9250000,2016-17
114,Meyers Leonard,C,Portland Trail Blazers,9213483,2016-17
115,Gerald Henderson,SG,Philadelphia 76ers,9000000,2016-17
116,Maurice Harkless,SF,Portland Trail Blazers,8988765,2016-17
117,Taj Gibson,F,Oklahoma City Thunder,8950000,2016-17
118,Jeff Teague,PG,Indiana Pacers,8800000,2016-17
119,Tiago Splitter,C,Philadelphia 76ers,8550000,2016-17
120,Ersan Ilyasova,PF,Atlanta Hawks,8400000,2016-17
121,Dwight Powell,F,Dallas Mavericks,8375000,2016-17
122,Avery Bradley,PG,Boston Celtics,8269663,2016-17
123,E'Twaun Moore,G,New Orleans Pelicans,8081363,2016-17
124,Darrell Arthur,F,Denver Nuggets,8070175,2016-17
125,Kosta Koufos,C,Sacramento Kings,8046500,2016-17
126,Garrett Temple,G,Sacramento Kings,8000000,2016-17
127,Kevin Garnett,PF,Minnesota Timberwolves,8000000,2016-17
128,Yi Jianlian,SF,Los Angeles Lakers,8000000,2016-17
129,George Hill,PG,Utah Jazz,8000000,2016-17
130,Anthony Tolliver,PF,Sacramento Kings,8000000,2016-17
131,Tyler Zeller,C,Boston Celtics,8000000,2016-17
132,Trevor Ariza,SF,Houston Rockets,7806971,2016-17
133,Channing Frye,F,Cleveland Cavaliers,7806971,2016-17
134,Al-Farouq Aminu,SF,Portland Trail Blazers,7680965,2016-17
135,Cole Aldrich,C,Minnesota Timberwolves,7643979,2016-17
136,Corey Brewer,F,Los Angeles Lakers,7612172,2016-17
137,Festus Ezeli,C,Portland Trail Blazers,7400000,2016-17
138,Markieff Morris,PF,Washington Wizards,7400000,2016-17
139,JJ Redick,SG,LA Clippers,7377500,2016-17
140,Cory Joseph,PG,Toronto Raptors,7315000,2016-17
141,D.J. Augustin,G,Orlando Magic,7250000,2016-17
142,Boris Diaw,C,Utah Jazz,7000000,2016-17
143,Rodney Stuckey,PG,Indiana Pacers,7000000,2016-17
144,Boban Marjanovic,C,Detroit Pistons,7000000,2016-17
145,Lou Williams,SG,Houston Rockets,7000000,2016-17
146,Ed Davis,C,Portland Trail Blazers,6666667,2016-17
147,Isaiah Thomas,G,Boston Celtics,6587132,2016-17
148,Victor Oladipo,SG,Oklahoma City Thunder,6552961,2016-17
149,Jodie Meeks,G,Orlando Magic,6540000,2016-17
150,Jeremy Lamb,SG,Charlotte Hornets,6511628,2016-17
151,Aron Baynes,C,Detroit Pistons,6500000,2016-17
152,Carl Landry,PF,Philadelphia 76ers,6500000,2016-17
153,Tim Duncan,C,San Antonio Spurs,6393750,2016-17
154,Spencer Hawes,PF,Milwaukee Bucks,6348759,2016-17
155,Marco Belinelli,G,Charlotte Hornets,6333333,2016-17
156,Jae Crowder,PF,Boston Celtics,6286408,2016-17
157,Lance Thomas,F,New York Knicks,6191000,2016-17
158,Tarik Black,F,Los Angeles Lakers,6191000,2016-17
159,Patrick Patterson,PF,Toronto Raptors,6050000,2016-17
160,Andrew Wiggins,F,Minnesota Timberwolves,6006600,2016-17
161,Ish Smith,PG,Detroit Pistons,6000000,2016-17
162,Ramon Sessions,G,Charlotte Hornets,6000000,2016-17
163,Patrick Beverley,PG,Houston Rockets,6000000,2016-17
164,Wayne Ellington,SG,Miami Heat,6000000,2016-17
165,Alex Abrines,G,Oklahoma City Thunder,5994764,2016-17
166,Karl-Anthony Towns,C,Minnesota Timberwolves,5960160,2016-17
167,Ben Simmons,PG,LA Clippers,5903160,2016-17
168,Otto Porter Jr.,SF,Washington Wizards,5893981,2016-17
169,Nikola Mirotic,F,Chicago Bulls,5782450,2016-17
170,Shaun Livingston,G,Golden State Warriors,5782450,2016-17
171,Josh McRoberts,PF,Miami Heat,5782450,2016-17
172,Brandan Wright,F,Memphis Grizzlies,5709880,2016-17
173,Wesley Johnson,F,LA Clippers,5628000,2016-17
174,Tyler Johnson,G,Miami Heat,5628000,2016-17
175,Jared Sullinger,C,Toronto Raptors,5628000,2016-17
176,Tony Allen,SG,Memphis Grizzlies,5505618,2016-17
177,Luis Scola,F,Brooklyn Nets,5500000,2016-17
178,Nick Young,G,Los Angeles Lakers,5443918,2016-17
179,Jabari Parker,PF,Milwaukee Bucks,5374320,2016-17
180,D'Angelo Russell,G,Los Angeles Lakers,5332800,2016-17
181,Cody Zeller,C,Charlotte Hornets,5318313,2016-17
182,P.J. Tucker,PF,Toronto Raptors,5300000,2016-17
183,Brandon Ingram,F,Los Angeles Lakers,5281680,2016-17
184,Kyle Korver,G,Cleveland Cavaliers,5239437,2016-17
185,Darren Collison,PG,Sacramento Kings,5229454,2016-17
186,Langston Galloway,SG,Sacramento Kings,5200000,2016-17
187,C.J. Watson,PG,Orlando Magic,5000000,2016-17
188,Brandon Jennings,G,Washington Wizards,5000000,2016-17
189,Jonas Jerebko,F,Boston Celtics,5000000,2016-17
190,Roy Hibbert,C,Denver Nuggets,5000000,2016-17
191,Jason Smith,F,Washington Wizards,5000000,2016-17
192,Kyle Singler,F,Oklahoma City Thunder,4837500,2016-17
193,Mike Dunleavy,SG,Atlanta Hawks,4837500,2016-17
194,Joel Embiid,C,Philadelphia 76ers,4826160,2016-17
195,Alex Len,C,Phoenix Suns,4823621,2016-17
196,Jahlil Okafor,C,Philadelphia 76ers,4788840,2016-17
197,Jaylen Brown,G,Boston Celtics,4743000,2016-17
198,Alexis Ajinca,C,New Orleans Pelicans,4638203,2016-17
199,Marcus Morris Sr.,F,Detroit Pistons,4625000,2016-17
200,CJ Miles,G,Indiana Pacers,4583450,2016-17
201,Jameer Nelson,G,Denver Nuggets,4540525,2016-17
202,Nerlens Noel,C,Dallas Mavericks,4384490,2016-17
203,Aaron Gordon,F,Orlando Magic,4351320,2016-17
204,Greivis Vasquez,PG,Brooklyn Nets,4347826,2016-17
205,Kristaps Porzingis,C,New York Knicks,4317720,2016-17
206,Dragan Bender,F,Phoenix Suns,4276320,2016-17
207,Vince Carter,G,Memphis Grizzlies,4264057,2016-17
208,Devin Harris,G,Dallas Mavericks,4227996,2016-17
209,J.J. Barea,G,Dallas Mavericks,4096950,2016-17
210,Ben McLemore,SG,Sacramento Kings,4008882,2016-17
211,Lavoy Allen,F,Indiana Pacers,4000000,2016-17
212,Leandro Barbosa,G,Phoenix Suns,4000000,2016-17
213,Kris Humphries,PF,Atlanta Hawks,4000000,2016-17
214,Jordan Hill,C,Minnesota Timberwolves,4000000,2016-17
215,Udonis Haslem,PF,Miami Heat,4000000,2016-17
216,Lance Stephenson,G,Indiana Pacers,4000000,2016-17
217,James Johnson,PF,Miami Heat,4000000,2016-17
218,Dante Exum,G,Utah Jazz,3940320,2016-17
219,Kyle O'Quinn,C,New York Knicks,3918750,2016-17
220,Kris Dunn,G,Minnesota Timberwolves,3872520,2016-17
221,Thabo Sefolosha,F,Atlanta Hawks,3850000,2016-17
222,Nemanja Bjelica,PF,Minnesota Timberwolves,3800000,2016-17
223,Nick Collison,F,Oklahoma City Thunder,3750000,2016-17
224,Bojan Bogdanovic,SF,Washington Wizards,3730653,2016-17
225,Kentavious Caldwell-Pope,G,Detroit Pistons,3678319,2016-17
226,Quincy Pondexter,F,San Antonio Spurs,3617978,2016-17
227,Patty Mills,PG,San Antonio Spurs,3578948,2016-17
228,Marcus Smart,G,Boston Celtics,3578880,2016-17
229,Willie Cauley-Stein,C,Sacramento Kings,3551160,2016-17
230,Drew Gooden,PF,Washington Wizards,3547000,2016-17
231,Will Barton,G,Denver Nuggets,3533333,2016-17
232,Paul Pierce,SF,LA Clippers,3527920,2016-17
233,Buddy Hield,G,Sacramento Kings,3517200,2016-17
234,Mike Miller,SG,Denver Nuggets,3500000,2016-17
235,Anthony Morrow,SG,Chicago Bulls,3488000,2016-17
236,Trey Burke,PG,Washington Wizards,3386598,2016-17
237,Mike Scott,PF,Atlanta Hawks,3333334,2016-17
238,KJ McDaniels,F,Brooklyn Nets,3333333,2016-17
239,Troy Daniels,G,Memphis Grizzlies,3332940,2016-17
240,Julius Randle,F,Los Angeles Lakers,3267120,2016-17
241,Emmanuel Mudiay,G,Denver Nuggets,3241800,2016-17
242,CJ McCollum,G,Portland Trail Blazers,3219579,2016-17
243,Jamal Murray,G,Denver Nuggets,3210840,2016-17
244,Michael Carter-Williams,G,Chicago Bulls,3183526,2016-17
245,Steven Adams,C,Oklahoma City Thunder,3140517,2016-17
246,Kelly Olynyk,F,Boston Celtics,3094014,2016-17
247,Shabazz Muhammad,F,Minnesota Timberwolves,3046299,2016-17
248,Justin Hamilton,C,Brooklyn Nets,3000000,2016-17
249,Tibor Pleiss,C,Philadelphia 76ers,3000000,2016-17
250,Giannis Antetokounmpo,F,Milwaukee Bucks,2995421,2016-17
251,Nik Stauskas,G,Philadelphia 76ers,2993040,2016-17
252,Dante Cunningham,F,New Orleans Pelicans,2978250,2016-17
253,Stanley Johnson,SF,Detroit Pistons,2969880,2016-17
254,Marquese Chriss,SF,Phoenix Suns,2941440,2016-17
255,Seth Curry,SG,Dallas Mavericks,2898000,2016-17
256,Dewayne Dedmon,C,San Antonio Spurs,2898000,2016-17
257,Mindaugas Kuzminskas,F,New York Knicks,2898000,2016-17
258,Dion Waiters,G,Miami Heat,2898000,2016-17
259,Zaza Pachulia,C,Golden State Warriors,2898000,2016-17
260,James Ennis III,F,Memphis Grizzlies,2898000,2016-17
261,Nene Hilario,C,Houston Rockets,2898000,2016-17
262,Tomas Satoransky,SG,Washington Wizards,2870813,2016-17
263,Noah Vonleh,PF,Portland Trail Blazers,2751360,2016-17
264,Frank Kaminsky,F,Charlotte Hornets,2730000,2016-17
265,Dennis Schroder,G,Atlanta Hawks,2708582,2016-17
266,Jakob Poeltl,C,Toronto Raptors,2703960,2016-17
267,Aaron Brooks,G,Indiana Pacers,2700000,2016-17
268,Justise Winslow,PF,Miami Heat,2593440,2016-17
269,Thon Maker,F,Milwaukee Bucks,2568600,2016-17
270,Randy Foye,SG,Brooklyn Nets,2500000,2016-17
271,Richard Jefferson,F,Cleveland Cavaliers,2500000,2016-17
272,Malcolm Delaney,G,Atlanta Hawks,2500000,2016-17
273,Doug McDermott,F,Oklahoma City Thunder,2483040,2016-17
274,Myles Turner,C,Indiana Pacers,2463840,2016-17
275,Domantas Sabonis,F,Oklahoma City Thunder,2440200,2016-17
276,Shelvin Mack,G,Utah Jazz,2433334,2016-17
277,Tony Snell,SF,Milwaukee Bucks,2368327,2016-17
278,Gorgui Dieng,C,Minnesota Timberwolves,2348783,2016-17
279,Trey Lyles,PF,Utah Jazz,2340600,2016-17
280,Mason Plumlee,C,Denver Nuggets,2328530,2016-17
281,Taurean Prince,F,Atlanta Hawks,2318280,2016-17
282,Dario Saric,F,Philadelphia 76ers,2318280,2016-17
283,Tim Hardaway Jr.,G,Atlanta Hawks,2281605,2016-17
284,Reggie Bullock Jr.,SF,Detroit Pistons,2255644,2016-17
285,Zach LaVine,G,Minnesota Timberwolves,2240880,2016-17
286,Devin Booker,G,Phoenix Suns,2223600,2016-17
287,Luc Mbah a Moute,F,LA Clippers,2203000,2016-17
288,Georgios Papagiannis,C,Sacramento Kings,2202240,2016-17
289,Mo Williams,PG,Denver Nuggets,2194500,2016-17
290,Andre Roberson,F,Oklahoma City Thunder,2183072,2016-17
291,Joe Ingles,F,Utah Jazz,2150000,2016-17
292,T.J. Warren,SF,Phoenix Suns,2128920,2016-17
293,Rudy Gobert,C,Utah Jazz,2121288,2016-17
294,Cameron Payne,PG,Chicago Bulls,2112480,2016-17
295,Denzel Valentine,G,Chicago Bulls,2092200,2016-17
296,Tim Frazier,PG,New Orleans Pelicans,2090000,2016-17
297,Kendall Marshall,PG,Milwaukee Bucks,2048257,2016-17
298,Adreian Payne,PF,Minnesota Timberwolves,2022240,2016-17
299,Kelly Oubre Jr.,G,Washington Wizards,2006640,2016-17
300,Juancho Hernangomez,PF,Denver Nuggets,1987440,2016-17
301,Lucas Nogueira,C,Toronto Raptors,1921320,2016-17
302,Jusuf Nurkic,C,Portland Trail Blazers,1921320,2016-17
303,Terry Rozier,G,Boston Celtics,1906440,2016-17
304,James Young,G,Boston Celtics,1825200,2016-17
305,Rashad Vaughn,G,Milwaukee Bucks,1811040,2016-17
306,Kevin Seraphin,C,Indiana Pacers,1800000,2016-17
307,Wade Baldwin IV,G,Memphis Grizzlies,1793760,2016-17
308,Quincy Acy,F,Brooklyn Nets,1790092,2016-17
309,Tyler Ennis,G,Los Angeles Lakers,1733880,2016-17
310,Sam Dekker,F,Houston Rockets,1720560,2016-17
311,Joffrey Lauvergne,F,Chicago Bulls,1709719,2016-17
312,Henry Ellenson,PF,Detroit Pistons,1704120,2016-17
313,Gary Harris,G,Denver Nuggets,1655880,2016-17
314,Jerian Grant,G,Chicago Bulls,1643040,2016-17
315,Malik Beasley,SG,Denver Nuggets,1627320,2016-17
316,Delon Wright,G,Toronto Raptors,1577280,2016-17
317,Caris LeVert,G,Brooklyn Nets,1562280,2016-17
318,David Lee,PF,San Antonio Spurs,1551659,2016-17
319,Caron Butler,SF,Sacramento Kings,1551659,2016-17
320,Mitch McGary,PF,Oklahoma City Thunder,1526040,2016-17
321,Justin Anderson,F,Philadelphia 76ers,1514160,2016-17
322,Marcelinho Huertas,PG,Los Angeles Lakers,1500000,2016-17
323,DeAndre' Bembry,SG,Atlanta Hawks,1499760,2016-17
324,Jordan Adams,SG,Memphis Grizzlies,1465080,2016-17
325,Bobby Portis,F,Chicago Bulls,1453680,2016-17
326,Demetrius Jackson,G,Boston Celtics,1450000,2016-17
327,Malachi Richardson,G,Sacramento Kings,1439800,2016-17
328,Rodney Hood,SG,Utah Jazz,1406520,2016-17
329,JaVale McGee,C,Golden State Warriors,1403611,2016-17
330,Marreese Speights,F,LA Clippers,1403611,2016-17
331,Michael Beasley,F,Milwaukee Bucks,1403611,2016-17
332,Rondae Hollis Jefferson,SF,Brooklyn Nets,1395600,2016-17
333,Deyonta Davis,F,Memphis Grizzlies,1369299,2016-17
334,Nikola Jokic,C,Denver Nuggets,1358500,2016-17
335,Shabazz Napier,G,Portland Trail Blazers,1350120,2016-17
336,Guillermo Hernangomez,C,New York Knicks,1350000,2016-17
337,Willy Hernangomez,C,New York Knicks,1350000,2016-17
338,Tyus Jones,G,Minnesota Timberwolves,1339680,2016-17
339,Sasha Kaun,C,Philadelphia 76ers,1333240,2016-17
340,Timothe Luwawu-Cabarrot,SG,Philadelphia 76ers,1326960,2016-17
341,Clint Capela,C,Houston Rockets,1296240,2016-17
342,Jarell Martin,F,Memphis Grizzlies,1286160,2016-17
343,Brice Johnson,PF,LA Clippers,1273920,2016-17
344,Luke Babbitt,F,Miami Heat,1227286,2016-17
345,Jeremy Evans,F,Atlanta Hawks,1227286,2016-17
346,Jordan Mickey,F,Boston Celtics,1223653,2016-17
347,CJ Wilcox,G,Orlando Magic,1209600,2016-17
348,Larry Nance Jr.,F,Los Angeles Lakers,1207680,2016-17
349,Pascal Siakam,F,Toronto Raptors,1196040,2016-17
350,Kyle Anderson,F,San Antonio Spurs,1192080,2016-17
351,Josh Huestis,F,Oklahoma City Thunder,1191480,2016-17
352,Chris McCullough,F,Washington Wizards,1191480,2016-17
353,Livio Jean-Charles,SF,San Antonio Spurs,1188840,2016-17
354,Skal Labissiere,C,Sacramento Kings,1188840,2016-17
355,Kevon Looney,F,Golden State Warriors,1182840,2016-17
356,Dejounte Murray,G,San Antonio Spurs,1180080,2016-17
357,Damian Jones,C,Golden State Warriors,1171560,2016-17
358,Isaiah Whitehead,G,Brooklyn Nets,1074145,2016-17
359,Rakeem Christmas,PF,Indiana Pacers,1052342,2016-17
360,Joe Young,G,Indiana Pacers,1052342,2016-17
361,Tony Wroten,SG,Memphis Grizzlies,1050961,2016-17
362,John Jenkins,G,Phoenix Suns,1050961,2016-17
363,Chris Johnson,SG,Houston Rockets,1050961,2016-17
364,Glenn Robinson III,F,Indiana Pacers,1050500,2016-17
365,Montrezl Harrell,C,Houston Rockets,1045000,2016-17
366,Ivica Zubac,C,Los Angeles Lakers,1034956,2016-17
367,Richaun Holmes,F,Philadelphia 76ers,1025831,2016-17
368,Mike Muscala,C,Atlanta Hawks,1015696,2016-17
369,Robert Covington,PF,Philadelphia 76ers,1015696,2016-17
370,Isaiah Canaan,G,Chicago Bulls,1015696,2016-17
371,DeAndre Liggins,G,Dallas Mavericks,1015696,2016-17
372,Anthony Bennett,F,Brooklyn Nets,1015696,2016-17
373,Andrew Goudelock,PG,Houston Rockets,1015696,2016-17
374,Justin Holiday,F,New York Knicks,1015696,2016-17
375,Jeff Withey,C,Utah Jazz,1015696,2016-17
376,Willie Reed,C,Miami Heat,1015696,2016-17
377,Brian Roberts,PG,Charlotte Hornets,980431,2016-17
378,Jarnell Stokes,C,Denver Nuggets,980431,2016-17
379,Ty Lawson,G,Sacramento Kings,980431,2016-17
380,Nate Wolters,PG,Utah Jazz,980431,2016-17
381,Henry Sims,C,Utah Jazz,980431,2016-17
382,Eric Moreland,C,Oklahoma City Thunder,980431,2016-17
383,Markel Brown,G,Oklahoma City Thunder,980431,2016-17
384,Chris Wright,SF,Oklahoma City Thunder,980431,2016-17
385,Raymond Felton,G,LA Clippers,980431,2016-17
386,Jordan Farmar,PG,Sacramento Kings,980431,2016-17
387,Jerami Grant,F,Oklahoma City Thunder,980431,2016-17
388,Greg Stiemsma,C,Portland Trail Blazers,980431,2016-17
389,James Michael McAdoo,SF,Golden State Warriors,980431,2016-17
390,Cory Jefferson,F,Philadelphia 76ers,980431,2016-17
391,Elton Brand,PF,Philadelphia 76ers,980431,2016-17
392,Damjan Rudez,SF,Orlando Magic,980431,2016-17
393,Arinze Onuaku,PF,Orlando Magic,980431,2016-17
394,Lou Amundson,PF,New York Knicks,980431,2016-17
395,Sasha Vujacic,SG,New York Knicks,980431,2016-17
396,Marcus Thornton,SG,Washington Wizards,980431,2016-17
397,Toure' Murry,SF,Minnesota Timberwolves,980431,2016-17
398,John Lucas III,PG,Minnesota Timberwolves,980431,2016-17
399,Rasual Butler,SF,Minnesota Timberwolves,980431,2016-17
400,Orlando Johnson,SG,Milwaukee Bucks,980431,2016-17
401,Xavier Henry,SG,Milwaukee Bucks,980431,2016-17
402,Steve Novak,SF,Milwaukee Bucks,980431,2016-17
403,Jason Terry,G,Milwaukee Bucks,980431,2016-17
404,Metta World Peace,SF,Los Angeles Lakers,980431,2016-17
405,Alan Anderson,SG,LA Clippers,980431,2016-17
406,Brandon Bass,PF,LA Clippers,980431,2016-17
407,Dorell Wright,SF,LA Clippers,980431,2016-17
408,JaKarr Sampson,SF,Indiana Pacers,980431,2016-17
409,Shayne Whittington,PF,Indiana Pacers,980431,2016-17
410,Pablo Prigioni,PG,Houston Rockets,980431,2016-17
411,Gerald Green,G,Boston Celtics,980431,2016-17
412,Phil Pressey,PG,Golden State Warriors,980431,2016-17
413,Devyn Marble,G,Golden State Warriors,980431,2016-17
414,JaMychal Green,F,Memphis Grizzlies,980431,2016-17
415,Elliot Williams,SG,Golden State Warriors,980431,2016-17
416,David West,F,Golden State Warriors,980431,2016-17
417,Joe Harris,SF,Brooklyn Nets,980431,2016-17
418,Cameron Bairstow,PF,Detroit Pistons,980431,2016-17
419,Beno Udrih,PG,Detroit Pistons,980431,2016-17
420,Jorge Gutierrez,G,Denver Nuggets,980431,2016-17
421,Robbie Hummel,SF,Denver Nuggets,980431,2016-17
422,Anderson Varejao,C,Golden State Warriors,980431,2016-17
423,James Jones,SG,Cleveland Cavaliers,980431,2016-17
424,Chris Andersen,PF,Cleveland Cavaliers,980431,2016-17
425,Sean Kilpatrick,G,Brooklyn Nets,980431,2016-17
426,Ian Clark,G,Golden State Warriors,980431,2016-17
427,Robert Sacre,C,New Orleans Pelicans,980431,2016-17
428,Thomas Robinson,F,Los Angeles Lakers,980431,2016-17
429,Will Bynum,PG,Atlanta Hawks,980431,2016-17
430,Stephen Zimmerman,C,Orlando Magic,950000,2016-17
431,Andrew Harrison,G,Memphis Grizzlies,945000,2016-17
432,Raul Neto,PG,Utah Jazz,937800,2016-17
433,Malcolm Brogdon,G,Milwaukee Bucks,925000,2016-17
434,Tyler Ulis,G,Phoenix Suns,918369,2016-17
435,Reggie Williams,SF,New Orleans Pelicans,895197,2016-17
436,DJ Stephens,G,Memphis Grizzlies,874636,2016-17
437,D.J. Kennedy,SG,Memphis Grizzlies,874636,2016-17
438,Jonathon Simmons,G,San Antonio Spurs,874636,2016-17
439,Casper Ware,G,Melbourne Melbourne United,874636,2016-17
440,Nick Johnson,G,San Antonio Spurs,874636,2016-17
441,Darrun Hilliard,G,Detroit Pistons,874636,2016-17
442,Duje Dukan,PF,Sacramento Kings,874636,2016-17
443,Grant Jerrett,PF,Portland Trail Blazers,874636,2016-17
444,Branden Dawson,SF,Orlando Magic,874636,2016-17
445,Kevin Murphy,SG,Orlando Magic,874636,2016-17
446,Alan Williams,C,Phoenix Suns,874636,2016-17
447,Xavier Munford,G,Milwaukee Bucks,874636,2016-17
448,Pat Connaughton,G,Portland Trail Blazers,874636,2016-17
449,J.J. O'Brien,SF,Milwaukee Bucks,874636,2016-17
450,Josh Richardson,SG,Miami Heat,874636,2016-17
451,Keith Benson,PF,Miami Heat,874636,2016-17
452,Christian Wood,F,Charlotte Hornets,874636,2016-17
453,Travis Wear,F,Los Angeles Lakers,874636,2016-17
454,Norman Powell,G,Toronto Raptors,874636,2016-17
455,T.J. McConnell,G,Philadelphia 76ers,874636,2016-17
456,Luis Montero,SG,Detroit Pistons,874636,2016-17
457,Jordan McRae,G,Cleveland Cavaliers,874636,2016-17
458,Aaron Harrison,G,Charlotte Hornets,874636,2016-17
459,Salah Mejri,C,Dallas Mavericks,874636,2016-17
460,John Holland,G,Cleveland Cavaliers,874636,2016-17
461,Cristiano Felicio,PF,Chicago Bulls,874636,2016-17
462,Cliff Alexander,PF,New Orleans Pelicans,874636,2016-17
463,RJ Hunter,G,Chicago Bulls,864346,2016-17
464,Paul Zipser,F,Chicago Bulls,750000,2016-17
465,Spencer Dinwiddie,PG,Brooklyn Nets,726672,2016-17
466,Bobby Brown,PG,Houston Rockets,680534,2016-17
467,AJ Hammons,C,Dallas Mavericks,650000,2016-17
468,Michael Gbinije,SG,Detroit Pistons,650000,2016-17
469,Georges Niang,F,Indiana Pacers,650000,2016-17
470,Joel Bolomboy,PF,Utah Jazz,600000,2016-17
471,Jake Layman,F,Portland Trail Blazers,600000,2016-17
472,Marcus Paige,G,Charlotte Hornets,543471,2016-17
473,Rasheed Sulaimon,G,Charlotte Hornets,543471,2016-17
474,Andrew Andrews,G,Charlotte Hornets,543471,2016-17
475,Davis Bertans,SF,San Antonio Spurs,543471,2016-17
476,Vince Hunter,SF,Memphis Grizzlies,543471,2016-17
477,Shaquille Harrison,G,Memphis Grizzlies,543471,2016-17
478,Patrick McCaw,SF,Golden State Warriors,543471,2016-17
479,Kay Felder,G,Cleveland Cavaliers,543471,2016-17
480,Yanick Moreira,C,Toronto Raptors,543471,2016-17
481,Kyle Wiltjer,F,Houston Rockets,543471,2016-17
482,Brady Heslip,SG,Toronto Raptors,543471,2016-17
483,E.J. Singler,SF,Toronto Raptors,543471,2016-17
484,Drew Crawford,SG,Toronto Raptors,543471,2016-17
485,Daniel Ochefu,PF,Washington Wizards,543471,2016-17
486,Ron Baker,G,New York Knicks,543471,2016-17
487,Jalen Jones,F,Washington Wizards,543471,2016-17
488,Isaiah Cousins,G,Utah Jazz,543471,2016-17
489,Kyle Collinsworth,G,Utah Jazz,543471,2016-17
490,Kaleb Tarczewski,C,Oklahoma City Thunder,543471,2016-17
491,Semaj Christon,PG,Oklahoma City Thunder,543471,2016-17
492,Richard Solomon,F,Oklahoma City Thunder,543471,2016-17
493,Matt Costello,F,San Antonio Spurs,543471,2016-17
494,Nicolas Laprovittola,G,San Antonio Spurs,543471,2016-17
495,Brandon Paul,G,San Antonio Spurs,543471,2016-17
496,Ryan Richards,PF,San Antonio Spurs,543471,2016-17
497,Chinanu Onuaku,C,Houston Rockets,543471,2016-17
498,Gracin Bakumanya,C,Phoenix Suns,543471,2016-17
499,Derek Cooke Jr.,PF,Phoenix Suns,543471,2016-17
500,Maurice Ndour,SF,New York Knicks,543471,2016-17
501,J.P. Tokoto,SG,New York Knicks,543471,2016-17
502,James Webb III,F,Brooklyn Nets,543471,2016-17
503,Egidijus Mockevicius,PF,Brooklyn Nets,543471,2016-17
504,Beau Beech,SG,Brooklyn Nets,543471,2016-17
505,Dorian Finney-Smith,F,Dallas Mavericks,543471,2016-17
506,C.J. Williams,G,Brooklyn Nets,543471,2016-17
507,Bryn Forbes,SG,San Antonio Spurs,543471,2016-17
508,Treveon Graham,F,Charlotte Hornets,543471,2016-17
509,Marshall Plumlee,C,New York Knicks,543471,2016-17
510,Cheick Diallo,F,New Orleans Pelicans,543471,2016-17
511,Stefan Jankovic,PF,Miami Heat,543471,2016-17
512,Julian Jacobs,PG,Los Angeles Lakers,543471,2016-17
513,Zach Auguste,F,Los Angeles Lakers,543471,2016-17
514,Nick Zeisloft,G,Golden State Warriors,543471,2016-17
515,Tim Quarterman,G,Portland Trail Blazers,543471,2016-17
516,Fred VanVleet,G,Toronto Raptors,543471,2016-17
517,Elgin Cook,SF,Golden State Warriors,543471,2016-17
518,Rodney McGruder,G,Miami Heat,543471,2016-17
519,Scott Wood,SG,Golden State Warriors,543471,2016-17
520,Cameron Jones,SG,Golden State Warriors,543471,2016-17
521,Nikola Jovanovic,PF,Detroit Pistons,543471,2016-17
522,Danuel House Jr.,SF,Washington Wizards,543471,2016-17
523,Ryan Arcidiacono,G,Detroit Pistons,543471,2016-17
524,Trey Freeman,PG,Detroit Pistons,543471,2016-17
525,Derrick Jones Jr.,F,Phoenix Suns,543471,2016-17
526,Ben Bentil,PF,Dallas Mavericks,543471,2016-17
527,Jameel Warney,PF,Dallas Mavericks,543471,2016-17
528,Keith Hornsby,G,Dallas Mavericks,543471,2016-17
529,Sheldon Mac,G,Washington Wizards,543471,2016-17
530,Diamond Stone,C,LA Clippers,543471,2016-17
531,D'Vauntes Smith-Rivera,PG,Chicago Bulls,543471,2016-17
532,Alex Caruso,G,Oklahoma City Thunder,543471,2016-17
533,Thomas Walkup,SG,Chicago Bulls,543471,2016-17
534,J.J. Avila,PF,Chicago Bulls,543471,2016-17
535,Julyan Stone,G,Chicago Bulls,543471,2016-17
536,Quincy Ford,SG,New Orleans Pelicans,543471,2016-17
537,Jonathan Holmes,PF,Boston Celtics,543471,2016-17
538,Nicolas Brussino,SF,Dallas Mavericks,543471,2016-17
539,Cat Barber,G,Atlanta Hawks,543471,2016-17
540,Jonathan Gibson,G,Dallas Mavericks,469943,2016-17
541,Toney Douglas,PG,Memphis Grizzlies,379159,2016-17
542,Ryan Kelly,PF,Atlanta Hawks,286785,2016-17
543,Ronnie Price,PG,Phoenix Suns,276828,2016-17
544,Deron Williams,PG,Cleveland Cavaliers,259526,2016-17
545,Isaiah Taylor,G,Houston Rockets,255000,2016-17
546,Jose Calderon,G,Atlanta Hawks,247991,2016-17
547,Lamar Patterson,SG,Atlanta Hawks,246956,2016-17
548,Andrew Bogut,C,Cleveland Cavaliers,242224,2016-17
549,Matt Barnes,SF,Golden State Warriors,242224,2016-17
550,Yogi Ferrell,PG,Dallas Mavericks,207798,2016-17
551,Larry Sanders,PF,Cleveland Cavaliers,207722,2016-17
552,Jordan Crawford,G,New Orleans Pelicans,173099,2016-17
553,Johnny O'Bryant III,F,Charlotte Hornets,161483,2016-17
554,Chasson Randle,G,Philadelphia 76ers,143860,2016-17
555,Omri Casspi,F,Minnesota Timberwolves,138414,2016-17
556,Ray McCallum,PG,Charlotte Hornets,121112,2016-17
557,Hollis Thompson,F,New Orleans Pelicans,115344,2016-17
558,Derrick Williams,PF,Cleveland Cavaliers,115344,2016-17
559,Manny Harris,PG,Dallas Mavericks,115344,2016-17
560,Wayne Selden,G,New Orleans Pelicans,83119,2016-17
561,Troy Williams,F,Houston Rockets,76725,2016-17
562,Archie Goodwin,SG,Brooklyn Nets,75000,2016-17
563,David Nwaba,SF,Los Angeles Lakers,73528,2016-17
564,Mike Tobey,C,Charlotte Hornets,67135,2016-17
565,Justin Harper,PF,Philadelphia 76ers,57672,2016-17
566,Alonzo Gee,SF,Denver Nuggets,57672,2016-17
567,Jarell Eddie,F,Phoenix Suns,57672,2016-17
568,Jarrett Jack,G,New Orleans Pelicans,57672,2016-17
569,Jarrod Uthoff,F,Dallas Mavericks,47953,2016-17
570,Alex Poythress,F,Philadelphia 76ers,35166,2016-17
571,Gary Payton II,G,Milwaukee Bucks,35116,2016-17
572,Patricio Garino,SG,Orlando Magic,31969,2016-17
573,Pierre Jackson,PG,Dallas Mavericks,31969,2016-17
574,Elijah Millsap,F,Phoenix Suns,23069,2016-17
575,Quinn Cook,PG,Dallas Mavericks,15984,2016-17
576,Axel Toupane,SG,New Orleans Pelicans,15435,2016-17
577,Dahntay Jones,SG,Cleveland Cavaliers,5767,2016-17
