﻿Rank,Player,Position,Team,Salary,Season
1,Shaquille O'Neal,C,Miami Heat,29464000,2004-05
2,Dikembe Mutombo,C,Houston Rockets,19684000,2004-05
3,Allan Houston,SG,New York Knicks,17531000,2004-05
4,Chris Webber,C,Philadelphia 76ers,17351000,2004-05
5,Damon Stoudamire,PG,Portland Trail Blazers,15750000,2004-05
6,Antoine Walker,PF,Boston Celtics,14625000,2004-05
7,Shareef Abdur-Rahim,PF,Portland Trail Blazers,14625000,2004-05
8,Allen Iverson,SG,Philadelphia 76ers,14625000,2004-05
9,Latrell Sprewell,SG,Minnesota Timberwolves,14625000,2004-05
10,Vin Baker,PF,Houston Rockets,14625000,2004-05
11,Zydrunas Ilgauskas,C,Cleveland Cavaliers,14625000,2004-05
12,Anfernee Hardaway,SF,New York Knicks,14625000,2004-05
13,Ray Allen,SG,Seattle SuperSonics,14625000,2004-05
14,Kobe Bryant,SF,Los Angeles Lakers,14625000,2004-05
15,Stephon Marbury,PG,New York Knicks,14625000,2004-05
16,Michael Finley,SG,Dallas Mavericks,14609000,2004-05
17,Tracy McGrady,SG,Houston Rockets,14487000,2004-05
18,Jalen Rose,SG,Toronto Raptors,14487000,2004-05
19,Keith Van Horn,PF,Dallas Mavericks,14487000,2004-05
20,Grant Hill,SF,Orlando Magic,14487000,2004-05
21,Eddie Jones,SG,Miami Heat,13440000,2004-05
22,Brian Grant,PF,Los Angeles Lakers,13346000,2004-05
23,Vince Carter,G,New Jersey Nets,13281000,2004-05
24,Tim Thomas,PF,New York Knicks,12900000,2004-05
25,Antonio Davis,PF,Chicago Bulls,12000000,2004-05
26,Glenn Robinson,SF,San Antonio Spurs,12000000,2004-05
27,Nick Van Exel,PG,Portland Trail Blazers,11821000,2004-05
28,Theo Ratliff,C,Portland Trail Blazers,10937000,2004-05
29,Kerry Kittles,SG,LA Clippers,9817000,2004-05
30,Jamal Mashburn,SF,Philadelphia 76ers,9300000,2004-05
31,Maurice Taylor,PF,New York Knicks,8450000,2004-05
32,Derek Anderson,SG,Portland Trail Blazers,8444000,2004-05
33,Alan Henderson,PF,Dallas Mavericks,8273000,2004-05
34,Austin Croshere,PF,Indiana Pacers,8260000,2004-05
35,Erick Dampier,C,Dallas Mavericks,8105000,2004-05
36,Kelvin Cato,C,Orlando Magic,7992000,2004-05
37,Marcus Camby,C,Denver Nuggets,7750000,2004-05
38,Shandon Anderson,SF,Miami Heat,7300000,2004-05
39,Lorenzen Wright,PF,Memphis Grizzlies,7150000,2004-05
40,Jerry Stackhouse,SF,Dallas Mavericks,7000000,2004-05
41,Doug Christie,SG,Orlando Magic,6875000,2004-05
42,Peja Stojakovic,SF,Sacramento Kings,6875000,2004-05
43,Kenyon Martin,F,Denver Nuggets,6667000,2004-05
44,Howard Eisley,PG,Utah Jazz,6375000,2004-05
45,Nazr Mohammed,C,San Antonio Spurs,6270000,2004-05
46,Vitaly Potapenko,C,Seattle SuperSonics,6191000,2004-05
47,Christian Laettner,PF,Miami Heat,6078000,2004-05
48,Stromile Swift,PF,Memphis Grizzlies,6022000,2004-05
49,Ben Wallace,PF,Detroit Pistons,6000000,2004-05
50,Danny Fortson,C,Seattle SuperSonics,5922000,2004-05
51,Calvin Booth,C,Milwaukee Bucks,5900000,2004-05
52,Joe Smith,PF,Milwaukee Bucks,5899000,2004-05
53,Ruben Patterson,PF,Portland Trail Blazers,5899000,2004-05
54,Clarence Weatherspoon,PF,Houston Rockets,5899000,2004-05
55,Kurt Thomas,PF,New York Knicks,5885000,2004-05
56,Jahidi White,C,Charlotte Bobcats,5884000,2004-05
57,Cuttino Mobley,SG,Sacramento Kings,5883000,2004-05
58,Scot Pollard,C,Indiana Pacers,5792000,2004-05
59,Steve Nash,PG,Phoenix Suns,5750000,2004-05
60,Shawn Bradley,C,Dallas Mavericks,5714000,2004-05
61,Jerome Williams,PF,New York Knicks,5600000,2004-05
62,Corliss Williamson,PF,Sacramento Kings,5500000,2004-05
63,Aaron McKie,SG,Philadelphia 76ers,5500000,2004-05
64,Darius Miles,SF,Portland Trail Blazers,5419000,2004-05
65,Kwame Brown,C,Washington Wizards,5361000,2004-05
66,Bo Outlaw,PF,Phoenix Suns,5355000,2004-05
67,Marcus Fizer,F,Milwaukee Bucks,4915000,2004-05
68,Lamond Murray,SF,Toronto Raptors,4875000,2004-05
69,Eric Snow,PG,Cleveland Cavaliers,4875000,2004-05
70,Tony Battie,C,Orlando Magic,4800000,2004-05
71,Michael Stewart,PF,Atlanta Hawks,4800000,2004-05
72,Mike Miller,SG,Memphis Grizzlies,4482000,2004-05
73,Pau Gasol,PF,Memphis Grizzlies,4318000,2004-05
74,Marc Jackson,PF,Philadelphia 76ers,4225000,2004-05
75,Chucky Atkins,PG,Los Angeles Lakers,4200000,2004-05
76,DerMarr Johnson,SF,Denver Nuggets,4119000,2004-05
77,Chris Mihm,C,Los Angeles Lakers,3785000,2004-05
78,Moochie Norris,PG,Houston Rockets,3600000,2004-05
79,Jamal Crawford,G,New York Knicks,3475000,2004-05
80,Joel Przybilla,C,Portland Trail Blazers,3215000,2004-05
81,Shane Battier,SF,Memphis Grizzlies,3212000,2004-05
82,Othella Harrington,PF,Chicago Bulls,3150000,2004-05
83,Aaron Williams,C,Toronto Raptors,3150000,2004-05
84,Tony Delk,PG,Atlanta Hawks,3150000,2004-05
85,Bobby Jackson,PG,Sacramento Kings,3150000,2004-05
86,Keyon Dooling,PG,Miami Heat,3073000,2004-05
87,Jerome Moiso,C,Cleveland Cavaliers,3054000,2004-05
88,Etan Thomas,C,Washington Wizards,3043000,2004-05
89,Derek Fisher,PG,Golden State Warriors,3000000,2004-05
90,George Lynch,SF,New Orleans Hornets,3000000,2004-05
91,Mateen Cleaves,PG,Seattle SuperSonics,2969000,2004-05
92,Jason Collier,C,Atlanta Hawks,2949000,2004-05
93,Eddie Griffin,PF,Minnesota Timberwolves,2937000,2004-05
94,Hedo Turkoglu,SF,Orlando Magic,2803000,2004-05
95,DeSagana Diop,C,Cleveland Cavaliers,2695000,2004-05
96,Desmond Mason,SF,Milwaukee Bucks,2680000,2004-05
97,Quentin Richardson,SF,Phoenix Suns,2562000,2004-05
98,Rodney White,SF,Golden State Warriors,2481000,2004-05
99,Jamaal Magloire,C,New Orleans Hornets,2474000,2004-05
100,Speedy Claxton,PG,New Orleans Hornets,2390000,2004-05
101,Morris Peterson,SG,Toronto Raptors,2371000,2004-05
102,Donnell Harvey,PF,New Jersey Nets,2363000,2004-05
103,DeShawn Stevenson,SG,Orlando Magic,2362000,2004-05
104,Joe Johnson,G,Phoenix Suns,2358000,2004-05
105,Kedrick Brown,SG,Philadelphia 76ers,2332000,2004-05
106,Jake Tsakalidis,C,Memphis Grizzlies,2322000,2004-05
107,Vladimir Radmanovic,SF,Seattle SuperSonics,2301000,2004-05
108,Mamadou N'diaye,C,LA Clippers,2269000,2004-05
109,Richard Jefferson,F,New Jersey Nets,2266000,2004-05
110,Troy Murphy,PF,Golden State Warriors,2232000,2004-05
111,Mark Madsen,PF,Minnesota Timberwolves,2212000,2004-05
112,Michael Bradley,PF,Philadelphia 76ers,1985000,2004-05
113,Jason Collins,C,New Jersey Nets,1887000,2004-05
114,Zach Randolph,F,Portland Trail Blazers,1805000,2004-05
115,Andrei Kirilenko,SF,Utah Jazz,1672000,2004-05
116,Samuel Dalembert,C,Philadelphia 76ers,1600000,2004-05
117,Jamaal Tinsley,PG,Indiana Pacers,1554000,2004-05
118,Primoz Brezec,C,Charlotte Bobcats,1554000,2004-05
119,Tony Parker,G,San Antonio Spurs,1545000,2004-05
120,Gerald Wallace,SF,Charlotte Bobcats,1377000,2004-05
