﻿Rank,Player,Position,Team,Salary,Season
1,Stephen Curry,G,Golden State Warriors,37457154,2018-19
2,LeBron James,F,Los Angeles Lakers,35654150,2018-19
3,Russell Westbrook,G,Oklahoma City Thunder,35654150,2018-19
4,Chris Paul,G,Houston Rockets,35654150,2018-19
5,Blake Griffin,PF,Detroit Pistons,32088932,2018-19
6,Gordon Hayward,SF,Boston Celtics,31214295,2018-19
7,Kyle Lowry,G,Toronto Raptors,31200000,2018-19
8,Paul George,F,Oklahoma City Thunder,30560700,2018-19
9,Mike Conley,G,Memphis Grizzlies,30521115,2018-19
10,James Harden,G,Houston Rockets,30421854,2018-19
11,Kevin Durant,F,Golden State Warriors,30000000,2018-19
12,Paul Millsap,PF,Denver Nuggets,29230769,2018-19
13,Al Horford,C,Boston Celtics,28928709,2018-19
14,Damian Lillard,G,Portland Trail Blazers,27977689,2018-19
15,DeMar DeRozan,G,San Antonio Spurs,27739975,2018-19
16,Otto Porter Jr.,SF,Chicago Bulls,26011913,2018-19
17,Jrue Holiday,G,New Orleans Pelicans,25976111,2018-19
18,CJ McCollum,G,Portland Trail Blazers,25759766,2018-19
19,Joel Embiid,C,Philadelphia 76ers,25467250,2018-19
20,Andrew Wiggins,F,Minnesota Timberwolves,25467250,2018-19
21,Bradley Beal,G,Washington Wizards,25434263,2018-19
22,Anthony Davis,F,New Orleans Pelicans,25434263,2018-19
23,Andre Drummond,C,Detroit Pistons,25434263,2018-19
24,Hassan Whiteside,C,Miami Heat,25434262,2018-19
25,Nikola Jokic,C,Denver Nuggets,24605181,2018-19
26,Giannis Antetokounmpo,F,Milwaukee Bucks,24157303,2018-19
27,Steven Adams,C,Oklahoma City Thunder,24157303,2018-19
28,Marc Gasol,C,Toronto Raptors,24119025,2018-19
29,Kevin Love,F,Cleveland Cavaliers,24119025,2018-19
30,Harrison Barnes,F,Sacramento Kings,24107258,2018-19
31,Chandler Parsons,SF,Memphis Grizzlies,24107258,2018-19
32,Nicolas Batum,F,Charlotte Hornets,24000000,2018-19
33,Rudy Gobert,C,Utah Jazz,23241573,2018-19
34,Kawhi Leonard,F,Toronto Raptors,23114067,2018-19
35,DeAndre Jordan,C,New York Knicks,22897200,2018-19
36,LaMarcus Aldridge,C,San Antonio Spurs,22347015,2018-19
37,Serge Ibaka,F,Toronto Raptors,21666667,2018-19
38,Aaron Gordon,F,Orlando Magic,21590909,2018-19
39,Danilo Gallinari,PF,LA Clippers,21587579,2018-19
40,Victor Oladipo,SG,Indiana Pacers,21000000,2018-19
41,Jimmy Butler III,F,Philadelphia 76ers,20445779,2018-19
42,Ryan Anderson,PF,Miami Heat,20421546,2018-19
43,Kyrie Irving,G,Boston Celtics,20099189,2018-19
44,Jabari Parker,PF,Washington Wizards,20000000,2018-19
45,Zach LaVine,G,Chicago Bulls,19500000,2018-19
46,Tyler Johnson,G,Phoenix Suns,19356932,2018-19
47,Tim Hardaway Jr.,G,Dallas Mavericks,19200127,2018-19
48,John Wall,PG,Washington Wizards,19169800,2018-19
49,Jeff Teague,PG,Minnesota Timberwolves,19000000,2018-19
50,George Hill,PG,Milwaukee Bucks,19000000,2018-19
51,Klay Thompson,G,Golden State Warriors,18988725,2018-19
52,Allen Crabbe,G,Brooklyn Nets,18500000,2018-19
53,Goran Dragic,PG,Miami Heat,18109175,2018-19
54,Kent Bazemore,SF,Atlanta Hawks,18089887,2018-19
55,Evan Turner,G,Portland Trail Blazers,17868853,2018-19
56,Draymond Green,F,Golden State Warriors,17469565,2018-19
57,Tristan Thompson,C,Cleveland Cavaliers,17469565,2018-19
58,Evan Fournier,SG,Orlando Magic,17150000,2018-19
59,Reggie Jackson,PG,Detroit Pistons,17043478,2018-19
60,Bismack Biyombo,C,Charlotte Hornets,17000000,2018-19
61,Derrick Favors,F,Utah Jazz,16900000,2018-19
62,Jonas Valanciunas,C,Memphis Grizzlies,16539326,2018-19
63,Gary Harris,G,Denver Nuggets,16517857,2018-19
64,Timofey Mozgov,C,Orlando Magic,16000000,2018-19
65,Andre Iguodala,F,Golden State Warriors,16000000,2018-19
66,Ian Mahinmi,C,Washington Wizards,15944154,2018-19
67,Dennis Schroder,G,Oklahoma City Thunder,15500000,2018-19
68,DeMarre Carroll,F,Brooklyn Nets,15400000,2018-19
69,Gorgui Dieng,C,Minnesota Timberwolves,15170787,2018-19
70,Eric Bledsoe,SG,Milwaukee Bucks,15000000,2018-19
71,Trevor Ariza,SF,Washington Wizards,15000000,2018-19
72,Ricky Rubio,PG,Utah Jazz,14975000,2018-19
73,Tobias Harris,F,Philadelphia 76ers,14800000,2018-19
74,JR Smith,G,Cleveland Cavaliers,14720000,2018-19
75,Luke Babbitt,F,Miami Heat,14651700,2018-19
76,James Johnson,PF,Miami Heat,14651700,2018-19
77,Brandon Knight,PG,Cleveland Cavaliers,14631250,2018-19
78,Robin Lopez,C,Chicago Bulls,14357750,2018-19
79,Marvin Williams,F,Charlotte Hornets,14087500,2018-19
80,Taj Gibson,F,Minnesota Timberwolves,14000000,2018-19
81,Thaddeus Young,F,Indiana Pacers,13964045,2018-19
82,Clint Capela,C,Houston Rockets,13793104,2018-19
83,Marcin Gortat,C,LA Clippers,13565218,2018-19
84,Cody Zeller,C,Charlotte Hornets,13528090,2018-19
85,Eric Gordon,G,Houston Rockets,13500375,2018-19
86,Joe Ingles,F,Utah Jazz,13045455,2018-19
87,Michael Kidd-Gilchrist,F,Charlotte Hornets,13000000,2018-19
88,Khris Middleton,F,Milwaukee Bucks,13000000,2018-19
89,Mason Plumlee,C,Denver Nuggets,12917808,2018-19
90,Wilson Chandler,F,LA Clippers,12800562,2018-19
91,Nikola Vucevic,C,Orlando Magic,12750000,2018-19
92,Kelly Olynyk,F,Miami Heat,12537527,2018-19
93,Miles Plumlee,C,Atlanta Hawks,12500000,2018-19
94,Jordan Clarkson,G,Cleveland Cavaliers,12500000,2018-19
95,Nikola Mirotic,F,Milwaukee Bucks,12500000,2018-19
96,Tyreke Evans,G,Indiana Pacers,12400000,2018-19
97,Courtney Lee,G,Dallas Mavericks,12253780,2018-19
98,Solomon Hill,SF,New Orleans Pelicans,12252928,2018-19
99,JJ Redick,SG,Philadelphia 76ers,12250000,2018-19
100,Avery Bradley,PG,Memphis Grizzlies,12000000,2018-19
101,Kentavious Caldwell-Pope,G,Los Angeles Lakers,12000000,2018-19
102,Kemba Walker,PG,Charlotte Hornets,12000000,2018-19
103,Will Barton,G,Denver Nuggets,11830358,2018-19
104,T.J. Warren,SF,Phoenix Suns,11750000,2018-19
105,Zach Randolph,F,Dallas Mavericks,11692308,2018-19
106,Marcus Smart,G,Boston Celtics,11660716,2018-19
107,Patty Mills,PG,San Antonio Spurs,11571429,2018-19
108,Dion Waiters,G,Miami Heat,11550000,2018-19
109,Alec Burks,SG,Sacramento Kings,11536515,2018-19
110,John Henson,F,Milwaukee Bucks,11327466,2018-19
111,Omer Asik,C,Chicago Bulls,11286516,2018-19
112,Jusuf Nurkic,C,Portland Trail Blazers,11111111,2018-19
113,Iman Shumpert,G,Houston Rockets,11011234,2018-19
114,Maurice Harkless,SF,Portland Trail Blazers,10837079,2018-19
115,Tony Snell,SF,Milwaukee Bucks,10807143,2018-19
116,Meyers Leonard,C,Portland Trail Blazers,10595506,2018-19
117,Terrence Ross,G,Orlando Magic,10500000,2018-19
118,Bojan Bogdanovic,SF,Indiana Pacers,10500000,2018-19
119,Robert Covington,PF,Minnesota Timberwolves,10464092,2018-19
120,Rudy Gay,SF,San Antonio Spurs,10087200,2018-19
121,Jon Leuer,F,Detroit Pistons,10002681,2018-19
122,Danny Green,F,Toronto Raptors,10000000,2018-19
123,Andre Roberson,F,Brooklyn Nets,10000000,2018-19
124,Darren Collison,PG,Indiana Pacers,10000000,2018-19
125,Dwight Powell,F,Dallas Mavericks,9631250,2018-19
126,Matthew Dellavedova,PG,Cleveland Cavaliers,9607500,2018-19
127,Dante Exum,G,Utah Jazz,9600000,2018-19
128,Jared Dudley,SF,Brooklyn Nets,9530000,2018-19
129,Josh Richardson,SG,Miami Heat,9367200,2018-19
130,Norman Powell,G,Toronto Raptors,9367200,2018-19
131,Rajon Rondo,PG,Los Angeles Lakers,9000000,2018-19
132,Bogdan Bogdanovic,G,Sacramento Kings,9000000,2018-19
133,E'Twaun Moore,G,New Orleans Pelicans,8808685,2018-19
134,Cristiano Felicio,PF,Chicago Bulls,8740980,2018-19
135,Kosta Koufos,C,Sacramento Kings,8739500,2018-19
136,Jerami Grant,F,Oklahoma City Thunder,8653847,2018-19
137,Fred VanVleet,G,Toronto Raptors,8653847,2018-19
138,Julius Randle,F,New Orleans Pelicans,8641000,2018-19
139,Kyle Anderson,F,Memphis Grizzlies,8641000,2018-19
140,Jerryd Bayless,G,Minnesota Timberwolves,8575916,2018-19
141,Markelle Fultz,PG,Philadelphia 76ers,8339880,2018-19
142,Joe Harris,SF,Brooklyn Nets,8333333,2018-19
143,CJ Miles,G,Memphis Grizzlies,8333333,2018-19
144,Shaun Livingston,G,Golden State Warriors,8307692,2018-19
145,Deandre Ayton,C,Phoenix Suns,8165160,2018-19
146,Garrett Temple,G,LA Clippers,8000000,2018-19
147,Lou Williams,SG,LA Clippers,8000000,2018-19
148,P.J. Tucker,PF,Houston Rockets,7969537,2018-19
149,Cory Joseph,PG,Indiana Pacers,7945000,2018-19
150,Karl-Anthony Towns,C,Minnesota Timberwolves,7839435,2018-19
151,JaMychal Green,F,LA Clippers,7666667,2018-19
152,Kyle Korver,G,Utah Jazz,7560000,2018-19
153,Jeremy Lamb,SG,Charlotte Hornets,7488372,2018-19
154,Darrell Arthur,F,Phoenix Suns,7464912,2018-19
155,Lonzo Ball,G,Los Angeles Lakers,7461960,2018-19
156,Doug McDermott,F,Indiana Pacers,7333333,2018-19
157,Jae Crowder,PF,Utah Jazz,7305825,2018-19
158,Marvin Bagley III,F,Sacramento Kings,7305600,2018-19
159,D.J. Augustin,G,Orlando Magic,7250000,2018-19
160,Dewayne Dedmon,C,Atlanta Hawks,7200000,2018-19
161,Lance Thomas,F,New York Knicks,7119650,2018-19
162,D'Angelo Russell,G,Brooklyn Nets,7019698,2018-19
163,Davis Bertans,SF,San Antonio Spurs,7000000,2018-19
164,Langston Galloway,SG,Detroit Pistons,7000000,2018-19
165,Boban Marjanovic,C,Philadelphia 76ers,7000000,2018-19
166,Ersan Ilyasova,PF,Milwaukee Bucks,7000000,2018-19
167,Al-Farouq Aminu,SF,Portland Trail Blazers,6957105,2018-19
168,Jayson Tatum,F,Boston Celtics,6700800,2018-19
169,Luka Doncic,G,Dallas Mavericks,6560640,2018-19
170,Nemanja Bjelica,PF,Sacramento Kings,6500000,2018-19
171,Ben Simmons,PG,Philadelphia 76ers,6434520,2018-19
172,Milos Teodosic,G,LA Clippers,6300000,2018-19
173,Marco Belinelli,G,San Antonio Spurs,6153846,2018-19
174,Wesley Johnson,F,Washington Wizards,6134520,2018-19
175,Josh Jackson,SG,Phoenix Suns,6041520,2018-19
176,Ish Smith,PG,Detroit Pistons,6000000,2018-19
177,Jonathon Simmons,G,Philadelphia 76ers,6000000,2018-19
178,Montrezl Harrell,C,LA Clippers,6000000,2018-19
179,Jaren Jackson Jr.,F,Memphis Grizzlies,5915040,2018-19
180,Brandon Ingram,F,Los Angeles Lakers,5757120,2018-19
181,Kristaps Porzingis,C,Atlanta Hawks,5697054,2018-19
182,De'Aaron Fox,G,Sacramento Kings,5470920,2018-19
183,Ben McLemore,SG,Sacramento Kings,5460000,2018-19
184,Alex Abrines,G,Oklahoma City Thunder,5455236,2018-19
185,Patrick Patterson,PF,Oklahoma City Thunder,5451600,2018-19
186,Jason Smith,F,New Orleans Pelicans,5450000,2018-19
187,Marcus Morris Sr.,F,Boston Celtics,5375000,2018-19
188,Trae Young,G,Atlanta Hawks,5356440,2018-19
189,Dwight Howard,C,Washington Wizards,5337000,2018-19
190,DeMarcus Cousins,C,Golden State Warriors,5337000,2018-19
191,Alexis Ajinca,C,LA Clippers,5285394,2018-19
192,Thabo Sefolosha,F,Utah Jazz,5250000,2018-19
193,Aron Baynes,C,Boston Celtics,5193600,2018-19
194,Jaylen Brown,G,Boston Celtics,5169960,2018-19
195,Patrick Beverley,PG,LA Clippers,5027028,2018-19
196,Tony Parker,G,Charlotte Hornets,5000000,2018-19
197,Mike Muscala,C,Los Angeles Lakers,5000000,2018-19
198,Alan Williams,C,Brooklyn Nets,5000000,2018-19
199,Dirk Nowitzki,F,Dallas Mavericks,5000000,2018-19
200,Kyle Singler,F,Oklahoma City Thunder,4996000,2018-19
201,Jonathan Isaac,F,Orlando Magic,4969080,2018-19
202,Mo Bamba,C,Orlando Magic,4865040,2018-19
203,Anthony Tolliver,PF,Minnesota Timberwolves,4750000,2018-19
204,Willie Cauley-Stein,C,Sacramento Kings,4696875,2018-19
205,Dragan Bender,F,Phoenix Suns,4661280,2018-19
206,Lauri Markkanen,F,Chicago Bulls,4536120,2018-19
207,Kyle O'Quinn,C,Indiana Pacers,4449000,2018-19
208,Lance Stephenson,G,Los Angeles Lakers,4449000,2018-19
209,Ed Davis,C,Brooklyn Nets,4449000,2018-19
210,Wendell Carter Jr.,C,Chicago Bulls,4441200,2018-19
211,Justin Holiday,F,Memphis Grizzlies,4384616,2018-19
212,Alex Len,C,Atlanta Hawks,4350000,2018-19
213,Mike Scott,PF,Philadelphia 76ers,4320500,2018-19
214,Luc Mbah a Moute,F,LA Clippers,4320500,2018-19
215,Emmanuel Mudiay,G,New York Knicks,4294480,2018-19
216,Kris Dunn,G,Chicago Bulls,4221000,2018-19
217,Frank Ntilikina,PG,New York Knicks,4155720,2018-19
218,Glenn Robinson III,F,Detroit Pistons,4075000,2018-19
219,Collin Sexton,G,Cleveland Cavaliers,4068600,2018-19
220,Stanley Johnson,SF,New Orleans Pelicans,3940402,2018-19
221,Buddy Hield,G,Sacramento Kings,3844760,2018-19
222,Dennis Smith Jr.,PG,New York Knicks,3819960,2018-19
223,Kevin Knox II,F,New York Knicks,3739920,2018-19
224,J.J. Barea,G,Dallas Mavericks,3710850,2018-19
225,Nene Hilario,C,Houston Rockets,3651480,2018-19
226,Zach Collins,F,Portland Trail Blazers,3628920,2018-19
227,Frank Kaminsky,F,Charlotte Hornets,3627842,2018-19
228,Mikal Bridges,G,Phoenix Suns,3552960,2018-19
229,Michael Beasley,F,Los Angeles Lakers,3500000,2018-19
230,Jamal Murray,G,Denver Nuggets,3499800,2018-19
231,Rodney Hood,SG,Portland Trail Blazers,3472887,2018-19
232,Jodie Meeks,G,Toronto Raptors,3454500,2018-19
233,Justise Winslow,PF,Miami Heat,3448926,2018-19
234,Malik Monk,G,Charlotte Hornets,3447480,2018-19
235,Myles Turner,C,Indiana Pacers,3410284,2018-19
236,Allonzo Trier,G,New York Knicks,3382000,2018-19
237,Brook Lopez,C,Milwaukee Bucks,3382000,2018-19
238,Shai Gilgeous-Alexander,G,LA Clippers,3375360,2018-19
239,Trey Lyles,PF,Denver Nuggets,3364249,2018-19
240,Ekpe Udoh,F,Utah Jazz,3360000,2018-19
241,Devin Booker,G,Phoenix Suns,3314365,2018-19
242,Luke Kennard,G,Detroit Pistons,3275280,2018-19
243,Cameron Payne,PG,Cleveland Cavaliers,3263294,2018-19
244,Troy Daniels,G,Phoenix Suns,3258539,2018-19
245,Kelly Oubre Jr.,G,Phoenix Suns,3208630,2018-19
246,Miles Bridges,F,Charlotte Hornets,3206640,2018-19
247,Marquese Chriss,SF,Cleveland Cavaliers,3206160,2018-19
248,Tomas Satoransky,SG,Washington Wizards,3129187,2018-19
249,Bryn Forbes,SG,San Antonio Spurs,3125000,2018-19
250,Donovan Mitchell,G,Utah Jazz,3111480,2018-19
251,Terry Rozier,G,Boston Celtics,3050390,2018-19
252,Jerome Robinson,SG,LA Clippers,3046200,2018-19
253,Yogi Ferrell,PG,Sacramento Kings,3000000,2018-19
254,Bam Adebayo,C,Miami Heat,2955840,2018-19
255,Jakob Poeltl,C,San Antonio Spurs,2947320,2018-19
256,Michael Porter Jr.,F,Brooklyn Nets,2894160,2018-19
257,Justin Jackson,F,Dallas Mavericks,2807880,2018-19
258,Thon Maker,F,Detroit Pistons,2799720,2018-19
259,Seth Curry,SG,Portland Trail Blazers,2795000,2018-19
260,Cedi Osman,SF,Cleveland Cavaliers,2775000,2018-19
261,Sam Dekker,F,Washington Wizards,2760095,2018-19
262,Troy Brown Jr.,SF,Washington Wizards,2749080,2018-19
263,Justin Patton,C,Philadelphia 76ers,2667600,2018-19
264,Domantas Sabonis,F,Indiana Pacers,2659800,2018-19
265,Jerian Grant,G,Orlando Magic,2639314,2018-19
266,Delon Wright,G,Memphis Grizzlies,2536898,2018-19
267,D.J. Wilson,F,Milwaukee Bucks,2534280,2018-19
268,Taurean Prince,F,Atlanta Hawks,2526840,2018-19
269,Dario Saric,F,Minnesota Timberwolves,2526840,2018-19
270,Zhaire Smith,G,Philadelphia 76ers,2526840,2018-19
271,Justin Anderson,F,Atlanta Hawks,2516048,2018-19
272,Manu Ginobili,G,San Antonio Spurs,2500000,2018-19
273,Reggie Bullock Jr.,SF,Los Angeles Lakers,2500000,2018-19
274,Bobby Portis,F,Washington Wizards,2494346,2018-19
275,Dante Cunningham,F,San Antonio Spurs,2487000,2018-19
276,Donte DiVincenzo,G,Milwaukee Bucks,2481000,2018-19
277,Rondae Hollis Jefferson,SF,Brooklyn Nets,2470357,2018-19
278,Emeka Okafor,C,Philadelphia 76ers,2445085,2018-19
279,Kendrick Perkins,C,Cleveland Cavaliers,2445085,2018-19
280,Tyus Jones,G,Minnesota Timberwolves,2444053,2018-19
281,Jarell Martin,F,Orlando Magic,2416222,2018-19
282,T.J. Leaf,PF,Indiana Pacers,2407560,2018-19
283,Wayne Ellington,SG,Detroit Pistons,2383076,2018-19
284,Lonnie Walker IV,G,San Antonio Spurs,2357160,2018-19
285,John Collins,F,Atlanta Hawks,2299080,2018-19
286,Denzel Valentine,G,Boston Celtics,2280600,2018-19
287,Larry Nance Jr.,F,Cleveland Cavaliers,2272391,2018-19
288,Kevin Huerter,G,Atlanta Hawks,2250960,2018-19
289,Brandon Jennings,G,Milwaukee Bucks,2222803,2018-19
290,Harry Giles III,PF,Sacramento Kings,2207040,2018-19
291,Darius Miller,SF,New Orleans Pelicans,2205000,2018-19
292,Juancho Hernangomez,PF,Denver Nuggets,2166360,2018-19
293,Josh Okogie,G,Minnesota Timberwolves,2160720,2018-19
294,Raul Neto,PG,Utah Jazz,2150000,2018-19
295,Terrance Ferguson,SF,Oklahoma City Thunder,2118840,2018-19
296,Grayson Allen,G,Utah Jazz,2074320,2018-19
297,Sean Kilpatrick,G,Chicago Bulls,2054856,2018-19
298,OG Anunoby,F,Toronto Raptors,2034120,2018-19
299,Jarrett Allen,C,Brooklyn Nets,2034120,2018-19
300,Corey Brewer,F,Sacramento Kings,2000000,2018-19
301,Torrey Craig,SF,Denver Nuggets,2000000,2018-19
302,Chandler Hutchison,SF,Chicago Bulls,1990520,2018-19
303,Ante Zizic,C,Cleveland Cavaliers,1952760,2018-19
304,Shabazz Napier,G,Brooklyn Nets,1942422,2018-19
305,Aaron Holiday,G,Indiana Pacers,1911960,2018-19
306,Tyler Lydon,F,Denver Nuggets,1874640,2018-19
307,Trey Burke,PG,Dallas Mavericks,1795015,2018-19
308,DeAndre Liggins,G,Miami Heat,1795015,2018-19
309,Malik Beasley,SG,Denver Nuggets,1773840,2018-19
310,Moritz Wagner,F,Los Angeles Lakers,1762080,2018-19
311,Anfernee Simons,G,Portland Trail Blazers,1760520,2018-19
312,Nerlens Noel,C,Oklahoma City Thunder,1757429,2018-19
313,Caleb Swanigan,F,Sacramento Kings,1740000,2018-19
314,Furkan Korkmaz,SG,Philadelphia 76ers,1740000,2018-19
315,Landry Shamet,G,LA Clippers,1703649,2018-19
316,Caris LeVert,G,Brooklyn Nets,1702800,2018-19
317,Jonah Bolden,PF,Philadelphia 76ers,1690000,2018-19
318,Kyle Kuzma,F,Los Angeles Lakers,1689840,2018-19
319,Tony Bradley,C,Utah Jazz,1679520,2018-19
320,Derrick White,G,San Antonio Spurs,1667160,2018-19
321,Spencer Dinwiddie,PG,Brooklyn Nets,1656092,2018-19
322,Julyan Stone,G,Chicago Bulls,1656092,2018-19
323,MarShon Brooks,G,Memphis Grizzlies,1656092,2018-19
324,Josh Hart,G,Los Angeles Lakers,1655160,2018-19
325,Robert Williams III,C,Boston Celtics,1654440,2018-19
326,Jacob Evans,G,Golden State Warriors,1644240,2018-19
327,Pat Connaughton,G,Milwaukee Bucks,1641000,2018-19
328,DeAndre' Bembry,SG,Atlanta Hawks,1634640,2018-19
329,James Ennis III,F,Philadelphia 76ers,1621415,2018-19
330,Omari Rasulala Spellman,F,Atlanta Hawks,1620480,2018-19
331,Luke Kornet,C,New York Knicks,1619260,2018-19
332,Rodions Kurucs,SF,Brooklyn Nets,1618320,2018-19
333,Richaun Holmes,F,Phoenix Suns,1600520,2018-19
334,T.J. McConnell,G,Philadelphia 76ers,1600520,2018-19
335,Dwight Buycks,G,Detroit Pistons,1600520,2018-19
336,Malachi Richardson,G,Toronto Raptors,1569360,2018-19
337,Jahlil Okafor,C,New Orleans Pelicans,1567707,2018-19
338,Quinn Cook,PG,Golden State Warriors,1544951,2018-19
339,Georgios Papagiannis,C,Portland Trail Blazers,1544951,2018-19
340,Chinanu Onuaku,C,Portland Trail Blazers,1544951,2018-19
341,Malcolm Brogdon,G,Milwaukee Bucks,1544951,2018-19
342,Timothe Luwawu-Cabarrot,SG,Chicago Bulls,1544951,2018-19
343,Skal Labissiere,C,Portland Trail Blazers,1544951,2018-19
344,Dorian Finney-Smith,F,Dallas Mavericks,1544951,2018-19
345,Cheick Diallo,F,New Orleans Pelicans,1544951,2018-19
346,Ivica Zubac,C,LA Clippers,1544951,2018-19
347,Pascal Siakam,F,Toronto Raptors,1544951,2018-19
348,Wade Baldwin IV,G,Portland Trail Blazers,1544951,2018-19
349,Andrew Harrison,G,New Orleans Pelicans,1544951,2018-19
350,Rodney McGruder,G,Miami Heat,1544951,2018-19
351,Damian Jones,C,Golden State Warriors,1544951,2018-19
352,Paul Zipser,F,Chicago Bulls,1544951,2018-19
353,Wayne Selden,G,Chicago Bulls,1544951,2018-19
354,Willy Hernangomez,C,Charlotte Hornets,1544951,2018-19
355,Jake Layman,F,Portland Trail Blazers,1544951,2018-19
356,Dejounte Murray,G,New Orleans Pelicans,1544951,2018-19
357,Alex Poythress,F,Atlanta Hawks,1544951,2018-19
358,Shelvin Mack,G,Charlotte Hornets,1512601,2018-19
359,Omri Casspi,F,Memphis Grizzlies,1512601,2018-19
360,Derrick Rose,PG,Minnesota Timberwolves,1512601,2018-19
361,David Nwaba,SF,Cleveland Cavaliers,1512601,2018-19
362,Raymond Felton,G,Oklahoma City Thunder,1512601,2018-19
363,Quincy Pondexter,F,San Antonio Spurs,1512601,2018-19
364,Troy Williams,F,Sacramento Kings,1512601,2018-19
365,JaVale McGee,C,Los Angeles Lakers,1512601,2018-19
366,Isaiah Thomas,G,Denver Nuggets,1512601,2018-19
367,Amir Johnson,F,Philadelphia 76ers,1512601,2018-19
368,Jamal Crawford,G,Phoenix Suns,1512601,2018-19
369,Luol Deng,F,Minnesota Timberwolves,1512601,2018-19
370,Treveon Graham,F,Brooklyn Nets,1512601,2018-19
371,Isaiah Canaan,G,Milwaukee Bucks,1512601,2018-19
372,Udonis Haslem,PF,Miami Heat,1512601,2018-19
373,Dwyane Wade,G,Miami Heat,1512601,2018-19
374,Christian Wood,F,New Orleans Pelicans,1512601,2018-19
375,Carmelo Anthony,PF,Houston Rockets,1512601,2018-19
376,Jeff Green,F,Washington Wizards,1512601,2018-19
377,Gerald Green,G,Houston Rockets,1512601,2018-19
378,Kevon Looney,F,Golden State Warriors,1512601,2018-19
379,Jonas Jerebko,F,Golden State Warriors,1512601,2018-19
380,Jose Calderon,G,Detroit Pistons,1512601,2018-19
381,Zaza Pachulia,C,Detroit Pistons,1512601,2018-19
382,Derrick Jones Jr.,F,Miami Heat,1512601,2018-19
383,Devin Harris,G,Dallas Mavericks,1512601,2018-19
384,Georges Niang,F,Utah Jazz,1512601,2018-19
385,Channing Frye,F,Cleveland Cavaliers,1512601,2018-19
386,Ian Clark,G,New Orleans Pelicans,1512601,2018-19
387,Noah Vonleh,PF,New York Knicks,1512601,2018-19
388,Vince Carter,G,Atlanta Hawks,1512601,2018-19
389,Svi Mykhailiuk,G,Detroit Pistons,1487694,2018-19
390,Mitchell Robinson,C,New York Knicks,1485440,2018-19
391,Dakari Johnson,C,Memphis Grizzlies,1378242,2018-19
392,Frank Jackson,G,New Orleans Pelicans,1378242,2018-19
393,Jaylen Morris,F,Milwaukee Bucks,1378242,2018-19
394,Khem Birch,C,Orlando Magic,1378242,2018-19
395,Brandon Paul,G,San Antonio Spurs,1378242,2018-19
396,Wes Iwundu,F,Orlando Magic,1378242,2018-19
397,Jawun Evans,G,Oklahoma City Thunder,1378242,2018-19
398,Abdel Nader,SF,Oklahoma City Thunder,1378242,2018-19
399,Royce O'Neale,F,Utah Jazz,1378242,2018-19
400,Ivan Rabb,PF,Memphis Grizzlies,1378242,2018-19
401,Damyean Dotson,SG,New York Knicks,1378242,2018-19
402,Thomas Bryant,C,Washington Wizards,1378242,2018-19
403,Rodney Purvis,G,Miami Heat,1378242,2018-19
404,Frank Mason III,G,Sacramento Kings,1378242,2018-19
405,Sterling Brown,SF,Milwaukee Bucks,1378242,2018-19
406,David Stockton,G,Los Angeles Lakers,1378242,2018-19
407,Semi Ojeleye,PF,Boston Celtics,1378242,2018-19
408,Daniel Theis,C,Boston Celtics,1378242,2018-19
409,Zhou Qi,C,Houston Rockets,1378242,2018-19
410,Dillon Brooks,F,Memphis Grizzlies,1378242,2018-19
411,Tyler Dorsey,G,Memphis Grizzlies,1378242,2018-19
412,Maxi Kleber,F,Dallas Mavericks,1378242,2018-19
413,Jordan Bell,F,Golden State Warriors,1378242,2018-19
414,Ike Anigbogu,C,Indiana Pacers,1378242,2018-19
415,Jabari Bird,G,Atlanta Hawks,1349464,2018-19
416,Ben Moore,F,San Antonio Spurs,1349383,2018-19
417,Monte Morris,PG,Denver Nuggets,1349383,2018-19
418,Ryan Arcidiacono,G,Chicago Bulls,1349383,2018-19
419,Daniel Hamilton,F,Atlanta Hawks,1349383,2018-19
420,Antonio Blakeney,G,Chicago Bulls,1349383,2018-19
421,Alfonzo McKinnie,F,Golden State Warriors,1349383,2018-19
422,Tyrone Wallace,G,LA Clippers,1349383,2018-19
423,Tyson Chandler,C,Los Angeles Lakers,1333140,2018-19
424,Shaquille Harrison,G,Chicago Bulls,1311265,2018-19
425,Elie Okobo,G,Phoenix Suns,1238464,2018-19
426,Jalen Brunson,G,Dallas Mavericks,1230000,2018-19
427,Joakim Noah,C,Memphis Grizzlies,1093858,2018-19
428,Melvin Frazier Jr.,G,Orlando Magic,1050000,2018-19
429,Nick Young,G,Denver Nuggets,1042584,2018-19
430,Isaac Bonga,G,Los Angeles Lakers,1000000,2018-19
431,Devonte' Graham,PG,Charlotte Hornets,988464,2018-19
432,De'Anthony Melton,G,Phoenix Suns,949000,2018-19
433,Ron Baker,G,Washington Wizards,948580,2018-19
434,Austin Rivers,SG,Houston Rockets,922943,2018-19
435,Chasson Randle,G,Washington Wizards,869094,2018-19
436,Gary Trent Jr.,G,Portland Trail Blazers,838464,2018-19
437,Bruce Brown,G,Detroit Pistons,838464,2018-19
438,Hamidou Diallo,G,Oklahoma City Thunder,838464,2018-19
439,Brad Wanamaker,PG,Boston Celtics,838464,2018-19
440,Kenrich Williams,G,New Orleans Pelicans,838464,2018-19
441,Alize Johnson,F,Indiana Pacers,838464,2018-19
442,Ryan Broekhoff,G,Dallas Mavericks,838464,2018-19
443,Isaiah Briscoe,G,Orlando Magic,838464,2018-19
444,Isaiah Hartenstein,C,Houston Rockets,838464,2018-19
445,Keita Bates-Diop,SF,Minnesota Timberwolves,838464,2018-19
446,Jarred Vanderbilt,F,Denver Nuggets,838464,2018-19
447,Khyri Thomas,SG,Detroit Pistons,838464,2018-19
448,Chimezie Metu,PF,San Antonio Spurs,838464,2018-19
449,Jevon Carter,G,Memphis Grizzlies,838464,2018-19
450,Patrick McCaw,SF,Toronto Raptors,777665,2018-19
451,Kenneth Faried,F,Houston Rockets,683661,2018-19
452,Brandon Goodwin,G,Denver Nuggets,630032,2018-19
453,Gary Clark,F,Houston Rockets,596873,2018-19
454,Salah Mejri,C,Dallas Mavericks,512746,2018-19
455,Wesley Matthews,SG,Indiana Pacers,512746,2018-19
456,Nik Stauskas,G,Cleveland Cavaliers,504200,2018-19
457,Jeremy Lin,G,Toronto Raptors,487109,2018-19
458,Enes Freedom,C,Portland Trail Blazers,487109,2018-19
459,John Jenkins,G,Washington Wizards,486520,2018-19
460,Chris Boucher,F,Toronto Raptors,457418,2018-19
461,Malcolm Miller,F,Toronto Raptors,457418,2018-19
462,Markieff Morris,PF,Oklahoma City Thunder,427288,2018-19
463,Henry Ellenson,PF,New York Knicks,341831,2018-19
464,Pau Gasol,PF,Milwaukee Bucks,333285,2018-19
465,Andrew Bogut,C,Golden State Warriors,307648,2018-19
466,Jaylen Adams,G,Atlanta Hawks,270014,2018-19
467,Danuel House Jr.,SF,Houston Rockets,247827,2018-19
468,Jimmer Fredette,G,Phoenix Suns,208509,2018-19
469,Tim Frazier,PG,New Orleans Pelicans,196553,2018-19
470,Dairis Bertans,G,New Orleans Pelicans,194220,2018-19
471,Ray Spalding,F,Phoenix Suns,184746,2018-19
472,Deonte Burton,F,Oklahoma City Thunder,151587,2018-19
473,Cameron Reynolds,SF,Minnesota Timberwolves,108953,2018-19
474,Chris Chiozza,G,Houston Rockets,90005,2018-19
475,JaKarr Sampson,SF,Chicago Bulls,85458,2018-19
476,Michael Carter-Williams,G,Orlando Magic,59820,2018-19
477,Greg Monroe,C,Philadelphia 76ers,59820,2018-19
478,Tyler Zeller,C,Memphis Grizzlies,59820,2018-19
479,Jemerrio Jones,F,Los Angeles Lakers,52108,2018-19
480,Isaac Humphries,C,Atlanta Hawks,47371,2018-19
481,Mitchell Creek,G,Minnesota Timberwolves,47371,2018-19
482,BJ Johnson,F,Sacramento Kings,42634,2018-19
483,Billy Garrett Jr.,G,New York Knicks,42634,2018-19
484,Deyonta Davis,F,Atlanta Hawks,25367,2018-19
485,Michael Frazier II,G,Houston Rockets,23685,2018-19
486,Yante Maten,F,Miami Heat,18948,2018-19
487,Eric Moreland,C,Phoenix Suns,17092,2018-19
488,Jordan McRae,G,Washington Wizards,17092,2018-19
489,Jonathan Gibson,G,Boston Celtics,17092,2018-19
490,Tarik Phillip,G,Washington Wizards,9474,2018-19
491,Duncan Robinson,F,Miami Heat,9474,2018-19
492,Kendrick Nunn,G,Washington Wizards,4737,2018-19
493,Theo Pinson,G,Brooklyn Nets,4737,2018-19
