﻿Rank,Player,Position,Team,Salary,Season
1,Kevin Garnett,PF,Minnesota Timberwolves,28000000,2003-04
2,Shaquille O'Neal,C,Los Angeles Lakers,26571000,2003-04
3,Rasheed Wallace,PF,Detroit Pistons,18000000,2003-04
4,Dikembe Mutombo,C,New York Knicks,17895000,2003-04
5,Allan Houston,SG,New York Knicks,15937000,2003-04
6,Chris Webber,C,Sacramento Kings,15937000,2003-04
7,Damon Stoudamire,PG,Portland Trail Blazers,14625000,2003-04
8,Antoine Walker,PF,Dallas Mavericks,13500000,2003-04
9,Antonio McDyess,PF,Phoenix Suns,13500000,2003-04
10,Shareef Abdur-Rahim,PF,Portland Trail Blazers,13500000,2003-04
11,Allen Iverson,SG,Philadelphia 76ers,13500000,2003-04
12,Latrell Sprewell,SG,Minnesota Timberwolves,13500000,2003-04
13,Vin Baker,PF,New York Knicks,13500000,2003-04
14,Zydrunas Ilgauskas,C,Cleveland Cavaliers,13500000,2003-04
15,Anfernee Hardaway,SF,New York Knicks,13500000,2003-04
16,Ray Allen,SG,Seattle SuperSonics,13500000,2003-04
17,Kobe Bryant,SF,Los Angeles Lakers,13500000,2003-04
18,Stephon Marbury,PG,New York Knicks,13500000,2003-04
19,Michael Finley,SG,Dallas Mavericks,13281000,2003-04
20,Keith Van Horn,PF,Milwaukee Bucks,13280000,2003-04
21,Tracy McGrady,SG,Orlando Magic,13279000,2003-04
22,Tim Duncan,C,San Antonio Spurs,13279000,2003-04
23,Jalen Rose,SG,Toronto Raptors,13279000,2003-04
24,Eddie Jones,SG,Miami Heat,12320000,2003-04
25,Brian Grant,PF,Miami Heat,12234000,2003-04
26,Vlade Divac,C,Sacramento Kings,12051000,2003-04
27,Antonio Davis,PF,Chicago Bulls,12000000,2003-04
28,Vince Carter,G,Toronto Raptors,11953000,2003-04
29,Tim Thomas,PF,New York Knicks,11825000,2003-04
30,Tom Gugliotta,PF,Utah Jazz,11668000,2003-04
31,Jason Kidd,PG,New Jersey Nets,10950000,2003-04
32,Nick Van Exel,PG,Golden State Warriors,10912000,2003-04
33,Glenn Robinson,SF,Philadelphia 76ers,10730000,2003-04
34,Theo Ratliff,C,Portland Trail Blazers,10156000,2003-04
35,Glen Rice,SF,LA Clippers,9600000,2003-04
36,Kerry Kittles,SG,New Jersey Nets,9267000,2003-04
37,Greg Ostertag,C,Utah Jazz,8666000,2003-04
38,Jamal Mashburn,SF,New Orleans Hornets,8525000,2003-04
39,Toni Kukoc,SF,Milwaukee Bucks,8050000,2003-04
40,Maurice Taylor,PF,Houston Rockets,7800000,2003-04
41,Derek Anderson,SG,Portland Trail Blazers,7794000,2003-04
42,Wesley Person,SF,Atlanta Hawks,7700000,2003-04
43,Alan Henderson,PF,Atlanta Hawks,7682000,2003-04
44,Austin Croshere,PF,Indiana Pacers,7610000,2003-04
45,Erick Dampier,C,Golden State Warriors,7482000,2003-04
46,Kelvin Cato,C,Houston Rockets,7344000,2003-04
47,Marcus Camby,C,Denver Nuggets,7250000,2003-04
48,Ron Mercer,SG,San Antonio Spurs,7169000,2003-04
49,Shandon Anderson,SF,New York Knicks,6700000,2003-04
50,Lorenzen Wright,PF,Memphis Grizzlies,6600000,2003-04
51,Jerry Stackhouse,SF,Washington Wizards,6500000,2003-04
52,Elton Brand,PF,LA Clippers,6364000,2003-04
53,Doug Christie,SG,Sacramento Kings,6250000,2003-04
54,Peja Stojakovic,SF,Sacramento Kings,6250000,2003-04
55,Eddie Robinson,SF,Chicago Bulls,6246000,2003-04
56,Bob Sura,PG,Atlanta Hawks,6166000,2003-04
57,Charlie Ward,PG,San Antonio Spurs,6030000,2003-04
58,Bo Outlaw,PF,Memphis Grizzlies,5955000,2003-04
59,Howard Eisley,PG,Phoenix Suns,5843000,2003-04
60,Steve Nash,PG,Dallas Mavericks,5750000,2003-04
61,Steve Francis,PG,Houston Rockets,5720000,2003-04
62,Vitaly Potapenko,C,Seattle SuperSonics,5715000,2003-04
63,Nazr Mohammed,C,New York Knicks,5700000,2003-04
64,Eric Williams,PF,Cleveland Cavaliers,5560000,2003-04
65,Christian Laettner,PF,Washington Wizards,5526000,2003-04
66,Alvin Williams,PG,Toronto Raptors,5500000,2003-04
67,Ben Wallace,PF,Detroit Pistons,5500000,2003-04
68,Ruben Patterson,PF,Portland Trail Blazers,5447000,2003-04
69,Calvin Booth,C,Seattle SuperSonics,5446000,2003-04
70,Joe Smith,PF,Milwaukee Bucks,5445000,2003-04
71,Clarence Weatherspoon,PF,Houston Rockets,5445000,2003-04
72,Avery Johnson,PG,Golden State Warriors,5445000,2003-04
73,Danny Fortson,C,Dallas Mavericks,5428000,2003-04
74,Jerome Williams,PF,Chicago Bulls,5400000,2003-04
75,Brent Barry,SG,Seattle SuperSonics,5400000,2003-04
76,Jahidi White,C,Phoenix Suns,5394000,2003-04
77,Kurt Thomas,PF,New York Knicks,5394000,2003-04
78,Cuttino Mobley,SG,Houston Rockets,5393000,2003-04
79,Scot Pollard,C,Indiana Pacers,5310000,2003-04
80,Robert Horry,PF,San Antonio Spurs,5300000,2003-04
81,Shawn Bradley,C,Dallas Mavericks,5194000,2003-04
82,Baron Davis,PG,New Orleans Hornets,5173000,2003-04
83,Kenyon Martin,F,New Jersey Nets,5128000,2003-04
84,Brevin Knight,PG,Milwaukee Bucks,5062000,2003-04
85,Corliss Williamson,PF,Detroit Pistons,5000000,2003-04
86,Aaron McKie,SG,Philadelphia 76ers,5000000,2003-04
87,Lamar Odom,PF,Miami Heat,4692000,2003-04
88,Stromile Swift,PF,Memphis Grizzlies,4614000,2003-04
89,Mark Jackson,PG,Houston Rockets,4580000,2003-04
90,Rick Fox,SF,Los Angeles Lakers,4549000,2003-04
91,Lamond Murray,SF,Toronto Raptors,4500000,2003-04
92,Eric Snow,PG,Philadelphia 76ers,4500000,2003-04
93,Michael Stewart,PF,Boston Celtics,4480000,2003-04
94,Tony Battie,C,Cleveland Cavaliers,4400000,2003-04
95,Adonal Foyle,C,Golden State Warriors,4400000,2003-04
96,Jonathan Bender,SF,Indiana Pacers,4278000,2003-04
97,Kwame Brown,C,Washington Wizards,4252000,2003-04
98,Zeljko Rebraca,C,Atlanta Hawks,4200000,2003-04
99,Darius Miles,SF,Portland Trail Blazers,4130000,2003-04
100,Anthony Carter,PG,San Antonio Spurs,4063000,2003-04
101,David Wesley,SG,New Orleans Hornets,3960000,2003-04
102,Wally Szczerbiak,SG,Minnesota Timberwolves,3912000,2003-04
103,Chucky Atkins,PG,Boston Celtics,3900000,2003-04
104,Marc Jackson,PF,Philadelphia 76ers,3900000,2003-04
105,Marcus Fizer,F,Chicago Bulls,3726000,2003-04
106,Andrew DeClercq,C,Orlando Magic,3625000,2003-04
107,Lawrence Funderburke,PF,Sacramento Kings,3600000,2003-04
108,Moochie Norris,PG,New York Knicks,3600000,2003-04
109,Richard Hamilton,SG,Detroit Pistons,3596000,2003-04
110,Pau Gasol,PF,Memphis Grizzlies,3417000,2003-04
111,Mike Miller,SG,Memphis Grizzlies,3380000,2003-04
112,Andre Miller,PG,Denver Nuggets,3317000,2003-04
113,Lindsey Hunter,SG,Detroit Pistons,3300000,2003-04
114,Chris Whitney,PG,Washington Wizards,3259000,2003-04
115,DerMarr Johnson,SF,New York Knicks,3087000,2003-04
116,Shawn Marion,SG,Phoenix Suns,3069000,2003-04
117,Derek Fisher,PG,Los Angeles Lakers,3000000,2003-04
118,Chris Crawford,SF,Atlanta Hawks,3000000,2003-04
119,Jason Terry,G,Atlanta Hawks,2933000,2003-04
120,Othella Harrington,PF,New York Knicks,2925000,2003-04
121,Bimbo Coles,PG,Miami Heat,2925000,2003-04
122,Aaron Williams,C,New Jersey Nets,2925000,2003-04
123,Tony Delk,PG,Dallas Mavericks,2925000,2003-04
124,Bobby Jackson,PG,Sacramento Kings,2925000,2003-04
125,Horace Grant,C,Los Angeles Lakers,2903000,2003-04
126,Hubert Davis,SG,New Jersey Nets,2894000,2003-04
127,Corey Maggette,SF,LA Clippers,2862000,2003-04
128,Chris Mihm,C,Boston Celtics,2823000,2003-04
129,Michael Curry,SF,Toronto Raptors,2800000,2003-04
130,George Lynch,SF,New Orleans Hornets,2800000,2003-04
131,Metta World Peace,SF,Indiana Pacers,2676000,2003-04
132,John Amaechi,PF,New York Knicks,2610000,2003-04
133,Jamal Crawford,G,Chicago Bulls,2577000,2003-04
134,Shane Battier,SF,Memphis Grizzlies,2533000,2003-04
135,James Posey,SF,Memphis Grizzlies,2445000,2003-04
136,Stacey Augmon,SF,New Orleans Hornets,2400000,2003-04
137,Joel Przybilla,C,Atlanta Hawks,2373000,2003-04
138,Quincy Lewis,SG,Minnesota Timberwolves,2350000,2003-04
139,Dion Glover,SG,Toronto Raptors,2270000,2003-04
140,Jeff Foster,PF,Indiana Pacers,2264000,2003-04
141,Keyon Dooling,PG,LA Clippers,2256000,2003-04
142,Devean George,SF,Los Angeles Lakers,2244000,2003-04
143,Jerome Moiso,C,Toronto Raptors,2230000,2003-04
144,Kenny Thomas,PF,Philadelphia 76ers,2225000,2003-04
145,Etan Thomas,C,Washington Wizards,2211000,2003-04
146,Mateen Cleaves,PG,Cleveland Cavaliers,2134000,2003-04
147,DeSagana Diop,C,Cleveland Cavaliers,2118000,2003-04
148,Jason Collier,C,Atlanta Hawks,2109000,2003-04
149,Jumaine Jones,SF,Boston Celtics,2104000,2003-04
150,Scott Padgett,PF,Houston Rockets,2102000,2003-04
151,Hedo Turkoglu,SF,San Antonio Spurs,1995000,2003-04
152,Rodney White,SF,Denver Nuggets,1948000,2003-04
153,Desmond Mason,SF,Milwaukee Bucks,1898000,2003-04
154,Joe Johnson,G,Phoenix Suns,1850000,2003-04
155,Quentin Richardson,SF,LA Clippers,1805000,2003-04
156,Kedrick Brown,SG,Cleveland Cavaliers,1757000,2003-04
157,Jamaal Magloire,C,New Orleans Hornets,1735000,2003-04
158,Vladimir Radmanovic,SF,Seattle SuperSonics,1670000,2003-04
159,Speedy Claxton,PG,Golden State Warriors,1667000,2003-04
160,Morris Peterson,SG,Toronto Raptors,1646000,2003-04
161,Donnell Harvey,PF,Phoenix Suns,1631000,2003-04
162,DeShawn Stevenson,SG,Orlando Magic,1624000,2003-04
163,Richard Jefferson,F,New Jersey Nets,1586000,2003-04
164,Jake Tsakalidis,C,Memphis Grizzlies,1580000,2003-04
165,Mamadou N'diaye,C,Atlanta Hawks,1537000,2003-04
166,Troy Murphy,PF,Golden State Warriors,1507000,2003-04
167,Mark Madsen,PF,Minnesota Timberwolves,1474000,2003-04
168,Bryce Drew,PG,New Orleans Hornets,1300000,2003-04
169,Michael Bradley,PF,Atlanta Hawks,1292000,2003-04
170,Jason Collins,C,New Jersey Nets,1227000,2003-04
171,Zach Randolph,F,Portland Trail Blazers,1172000,2003-04
172,Brandon Armstrong,SG,New Jersey Nets,995000,2003-04
173,Andrei Kirilenko,SF,Utah Jazz,956000,2003-04
174,Samuel Dalembert,C,Philadelphia 76ers,887000,2003-04
175,Primoz Brezec,C,Indiana Pacers,862000,2003-04
176,Jamaal Tinsley,PG,Indiana Pacers,861000,2003-04
177,Tony Parker,G,San Antonio Spurs,856000,2003-04
178,Gerald Wallace,SF,Sacramento Kings,764000,2003-04
179,Predrag Drobnjak,C,LA Clippers,639000,2003-04
180,Trenton Hassell,SF,Minnesota Timberwolves,587000,2003-04
