﻿Rank,Player,Position,Team,Salary,Season
1,Stephen Curry,G,Golden State Warriors,43006362,2020-21
2,Russell Westbrook,G,Washington Wizards,41358814,2020-21
3,Chris Paul,G,Phoenix Suns,41358814,2020-21
4,James Harden,G,Brooklyn Nets,41254920,2020-21
5,John Wall,PG,Houston Rockets,41254920,2020-21
6,Kevin Durant,F,Brooklyn Nets,40108950,2020-21
7,LeBron James,F,Los Angeles Lakers,39219565,2020-21
8,Paul George,F,LA Clippers,35450412,2020-21
9,Klay Thompson,G,Dallas Mavericks,35361360,2020-21
10,Mike Conley,G,Utah Jazz,34502130,2020-21
11,Jimmy Butler III,F,Miami Heat,34379100,2020-21
12,Kawhi Leonard,F,LA Clippers,34379100,2020-21
13,Kemba Walker,PG,Boston Celtics,34379100,2020-21
14,Tobias Harris,F,Philadelphia 76ers,34358850,2020-21
15,Khris Middleton,F,Milwaukee Bucks,33051724,2020-21
16,Anthony Davis,F,Los Angeles Lakers,32742000,2020-21
17,Kyrie Irving,G,Brooklyn Nets,31742000,2020-21
18,Damian Lillard,G,Portland Trail Blazers,31626953,2020-21
19,Kevin Love,F,Cleveland Cavaliers,31258256,2020-21
20,Ben Simmons,PG,Philadelphia 76ers,30559200,2020-21
21,Pascal Siakam,F,Toronto Raptors,30559200,2020-21
22,Kyle Lowry,G,Toronto Raptors,30500000,2020-21
23,Steven Adams,C,New Orleans Pelicans,29592696,2020-21
24,Joel Embiid,C,Philadelphia 76ers,29542010,2020-21
25,Andrew Wiggins,F,Golden State Warriors,29542010,2020-21
26,Nikola Jokic,C,Denver Nuggets,29542010,2020-21
27,Devin Booker,G,Phoenix Suns,29467800,2020-21
28,Karl-Anthony Towns,C,Minnesota Timberwolves,29467800,2020-21
29,Kristaps Porzingis,C,Dallas Mavericks,29467800,2020-21
30,CJ McCollum,G,Portland Trail Blazers,29354152,2020-21
31,Bradley Beal,G,Washington Wizards,28751775,2020-21
32,D'Angelo Russell,G,Minnesota Timberwolves,28649250,2020-21
33,Gordon Hayward,SF,Charlotte Hornets,28500000,2020-21
34,Otto Porter Jr.,SF,Orlando Magic,28489237,2020-21
35,DeMar DeRozan,G,San Antonio Spurs,27739975,2020-21
36,Giannis Antetokounmpo,F,Milwaukee Bucks,27528090,2020-21
37,Rudy Gobert,C,Utah Jazz,27525281,2020-21
38,Al Horford,C,Oklahoma City Thunder,27500000,2020-21
39,Jamal Murray,G,Denver Nuggets,27285000,2020-21
40,Brandon Ingram,F,New Orleans Pelicans,27285000,2020-21
41,Jrue Holiday,G,Milwaukee Bucks,26231111,2020-21
42,Nikola Vucevic,C,Chicago Bulls,26000000,2020-21
43,Chandler Parsons,SF,Atlanta Hawks,25102511,2020-21
44,Buddy Hield,G,Sacramento Kings,24701834,2020-21
45,LaMarcus Aldridge,C,Brooklyn Nets,24000000,2020-21
46,Jaylen Brown,G,Boston Celtics,23735118,2020-21
47,Draymond Green,F,Golden State Warriors,22246956,2020-21
48,Harrison Barnes,F,Sacramento Kings,22215909,2020-21
49,Fred VanVleet,G,Toronto Raptors,21250000,2020-21
50,Victor Oladipo,SG,Miami Heat,21000000,2020-21
51,Malcolm Brogdon,G,Indiana Pacers,20700000,2020-21
52,Domantas Sabonis,F,Indiana Pacers,19800000,2020-21
53,Gary Harris,G,Orlando Magic,19610714,2020-21
54,Danilo Gallinari,PF,Atlanta Hawks,19500000,2020-21
55,Zach LaVine,G,Chicago Bulls,19500000,2020-21
56,Jerami Grant,F,Detroit Pistons,19050000,2020-21
57,Tim Hardaway Jr.,G,Dallas Mavericks,18975000,2020-21
58,Julius Randle,F,New York Knicks,18900000,2020-21
59,Terry Rozier,G,Charlotte Hornets,18900000,2020-21
60,Allen Crabbe,G,Minnesota Timberwolves,18500000,2020-21
61,Aaron Gordon,F,Denver Nuggets,18136364,2020-21
62,Goran Dragic,PG,Miami Heat,18000000,2020-21
63,Myles Turner,C,Indiana Pacers,18000000,2020-21
64,Bogdan Bogdanovic,G,Atlanta Hawks,18000000,2020-21
65,Bojan Bogdanovic,SF,Utah Jazz,17850000,2020-21
66,Evan Fournier,SG,Boston Celtics,17150000,2020-21
67,Ricky Rubio,PG,Minnesota Timberwolves,17000000,2020-21
68,Eric Bledsoe,SG,New Orleans Pelicans,16875000,2020-21
69,Eric Gordon,G,Houston Rockets,16869276,2020-21
70,Timofey Mozgov,C,Orlando Magic,16720000,2020-21
71,Caris LeVert,G,Indiana Pacers,16203704,2020-21
72,Joe Harris,SF,Brooklyn Nets,16071429,2020-21
73,James Johnson,PF,New Orleans Pelicans,16047100,2020-21
74,Dennis Schroder,G,Los Angeles Lakers,16000000,2020-21
75,Clint Capela,C,Atlanta Hawks,16000000,2020-21
76,Cody Zeller,C,Charlotte Hornets,15415730,2020-21
77,Danny Green,F,Philadelphia 76ers,15365853,2020-21
78,Davis Bertans,SF,Washington Wizards,15000000,2020-21
79,Andre Iguodala,F,Miami Heat,15000000,2020-21
80,Jonas Valanciunas,C,Memphis Grizzlies,15000000,2020-21
81,Marcus Morris Sr.,F,LA Clippers,14888721,2020-21
82,Luke Babbitt,F,Miami Heat,14651700,2020-21
83,Rudy Gay,SF,San Antonio Spurs,14500000,2020-21
84,Kelly Oubre Jr.,G,Golden State Warriors,14375000,2020-21
85,Dejounte Murray,G,San Antonio Spurs,14286000,2020-21
86,Will Barton,G,Denver Nuggets,13723214,2020-21
87,Marcin Gortat,C,LA Clippers,13565218,2020-21
88,Thaddeus Young,F,Chicago Bulls,13545000,2020-21
89,Patty Mills,PG,San Antonio Spurs,13535714,2020-21
90,Terrence Ross,G,Orlando Magic,13500000,2020-21
91,Marcus Smart,G,Boston Celtics,13446428,2020-21
92,Malik Beasley,SG,Minnesota Timberwolves,13425895,2020-21
93,Patrick Beverley,PG,LA Clippers,13333333,2020-21
94,Christian Wood,F,Houston Rockets,13015873,2020-21
95,JJ Redick,SG,Dallas Mavericks,13013700,2020-21
96,Justise Winslow,PF,Memphis Grizzlies,13000000,2020-21
97,Jusuf Nurkic,C,Portland Trail Blazers,12888889,2020-21
98,Trevor Ariza,SF,Miami Heat,12800000,2020-21
99,Courtney Lee,G,Dallas Mavericks,12759670,2020-21
100,Brook Lopez,C,Milwaukee Bucks,12697674,2020-21
101,Cory Joseph,PG,Detroit Pistons,12600000,2020-21
102,Kelly Olynyk,F,Houston Rockets,12598243,2020-21
103,Miles Plumlee,C,Memphis Grizzlies,12500000,2020-21
104,T.J. Warren,SF,Indiana Pacers,12500000,2020-21
105,Nikola Mirotic,F,Milwaukee Bucks,12500000,2020-21
106,Tyreke Evans,G,Indiana Pacers,12400000,2020-21
107,Markelle Fultz,PG,Orlando Magic,12288697,2020-21
108,Taurean Prince,F,Cleveland Cavaliers,12250000,2020-21
109,Tony Snell,SF,Atlanta Hawks,12178571,2020-21
110,Robert Covington,PF,Portland Trail Blazers,12138345,2020-21
111,Kentavious Caldwell-Pope,G,Los Angeles Lakers,12073020,2020-21
112,Larry Nance Jr.,F,Cleveland Cavaliers,11709091,2020-21
113,Zach Randolph,F,Dallas Mavericks,11692308,2020-21
114,Jordan Clarkson,G,Utah Jazz,11500000,2020-21
115,Spencer Dinwiddie,PG,Brooklyn Nets,11454048,2020-21
116,Dillon Brooks,F,Memphis Grizzlies,11400000,2020-21
117,Omer Asik,C,Chicago Bulls,11286516,2020-21
118,Dwight Powell,F,Dallas Mavericks,11080125,2020-21
119,Lonzo Ball,G,New Orleans Pelicans,11003782,2020-21
120,Josh Richardson,SG,Dallas Mavericks,10865952,2020-21
121,Norman Powell,G,Portland Trail Blazers,10865952,2020-21
122,Joe Ingles,F,Utah Jazz,10863637,2020-21
123,Jeremy Lamb,SG,Indiana Pacers,10500000,2020-21
124,DeAndre Jordan,C,Brooklyn Nets,10375678,2020-21
125,Zion Williamson,F,New Orleans Pelicans,10245480,2020-21
126,Rodney Hood,SG,Toronto Raptors,10047450,2020-21
127,Tomas Satoransky,SG,Chicago Bulls,10000000,2020-21
128,Darren Collison,PG,Los Angeles Lakers,10000000,2020-21
129,Jayson Tatum,F,Boston Celtics,9897120,2020-21
130,Anthony Edwards,G,Minnesota Timberwolves,9757440,2020-21
131,Al-Farouq Aminu,SF,Chicago Bulls,9720900,2020-21
132,Dante Exum,G,Cleveland Cavaliers,9600000,2020-21
133,George Hill,PG,Philadelphia 76ers,9590602,2020-21
134,De'Anthony Melton,G,Memphis Grizzlies,9571712,2020-21
135,Deandre Ayton,C,Phoenix Suns,9562920,2020-21
136,Kyle Anderson,F,Memphis Grizzlies,9505100,2020-21
137,Meyers Leonard,C,Miami Heat,9400000,2020-21
138,Montrezl Harrell,C,Los Angeles Lakers,9258000,2020-21
139,Jae Crowder,PF,Phoenix Suns,9258000,2020-21
140,Serge Ibaka,F,LA Clippers,9258000,2020-21
141,Derrick Jones Jr.,F,Portland Trail Blazers,9258000,2020-21
142,Tristan Thompson,C,Boston Celtics,9258000,2020-21
143,Derrick Favors,F,Utah Jazz,9258000,2020-21
144,Dario Saric,F,Phoenix Suns,9250000,2020-21
145,Ja Morant,G,Memphis Grizzlies,9166800,2020-21
146,Delon Wright,G,Sacramento Kings,9000000,2020-21
147,Marvin Bagley III,F,Sacramento Kings,8963640,2020-21
148,Cedi Osman,SF,Cleveland Cavaliers,8840580,2020-21
149,Tyus Jones,G,Memphis Grizzlies,8817143,2020-21
150,James Wiseman,C,Golden State Warriors,8730240,2020-21
151,Royce O'Neale,F,Utah Jazz,8500000,2020-21
152,Thomas Bryant,C,Washington Wizards,8333333,2020-21
153,CJ Miles,G,Boston Celtics,8333333,2020-21
154,Maxi Kleber,F,Dallas Mavericks,8325000,2020-21
155,RJ Barrett,F,New York Knicks,8231760,2020-21
156,Jakob Poeltl,C,San Antonio Spurs,8101852,2020-21
157,De'Aaron Fox,G,Sacramento Kings,8099627,2020-21
158,Luka Doncic,G,Dallas Mavericks,8049360,2020-21
159,Mason Plumlee,C,Detroit Pistons,8000000,2020-21
160,Lou Williams,SG,Atlanta Hawks,8000000,2020-21
161,P.J. Tucker,PF,Milwaukee Bucks,7969537,2020-21
162,LaMelo Ball,G,Charlotte Hornets,7839960,2020-21
163,Seth Curry,SG,Philadelphia 76ers,7834449,2020-21
164,Derrick Rose,PG,New York Knicks,7682927,2020-21
165,Cristiano Felicio,PF,Chicago Bulls,7529020,2020-21
166,Rajon Rondo,PG,LA Clippers,7500000,2020-21
167,Darrell Arthur,F,Phoenix Suns,7464912,2020-21
168,De'Andre Hunter,F,Atlanta Hawks,7422000,2020-21
169,Jonathan Isaac,F,Orlando Magic,7362566,2020-21
170,Doug McDermott,F,Indiana Pacers,7333333,2020-21
171,Robin Lopez,C,Washington Wizards,7300000,2020-21
172,Jaren Jackson Jr.,F,Memphis Grizzlies,7257360,2020-21
173,JaMychal Green,F,Denver Nuggets,7199760,2020-21
174,Patrick Williams,F,Chicago Bulls,7068360,2020-21
175,Aron Baynes,C,Toronto Raptors,7000000,2020-21
176,Darius Miller,SF,Oklahoma City Thunder,7000000,2020-21
177,Ivica Zubac,C,LA Clippers,7000000,2020-21
178,Chris Boucher,F,Toronto Raptors,6750000,2020-21
179,Lauri Markkanen,F,Chicago Bulls,6731508,2020-21
180,Darius Garland,G,Cleveland Cavaliers,6720720,2020-21
181,D.J. Augustin,G,Houston Rockets,6666667,2020-21
182,Trae Young,G,Atlanta Hawks,6571800,2020-21
183,Juancho Hernangomez,PF,Minnesota Timberwolves,6493000,2020-21
184,Isaac Okoro,F,Cleveland Cavaliers,6400920,2020-21
185,Milos Teodosic,G,LA Clippers,6300000,2020-21
186,Frank Ntilikina,PG,New York Knicks,6176578,2020-21
187,Wesley Johnson,F,Washington Wizards,6134520,2020-21
188,Jarrett Culver,G,Minnesota Timberwolves,6104280,2020-21
189,Ish Smith,PG,Washington Wizards,6000000,2020-21
190,Alec Burks,SG,New York Knicks,6000000,2020-21
191,Mo Bamba,C,Orlando Magic,5969040,2020-21
192,Onyeka Okongwu,F,Atlanta Hawks,5813640,2020-21
193,Justin Holiday,F,Indiana Pacers,5720000,2020-21
194,Jonathon Simmons,G,Washington Wizards,5700000,2020-21
195,Dennis Smith Jr.,PG,Detroit Pistons,5686677,2020-21
196,Avery Bradley,PG,Houston Rockets,5635000,2020-21
197,Coby White,G,Chicago Bulls,5572680,2020-21
198,Trey Lyles,PF,San Antonio Spurs,5500000,2020-21
199,Alex Abrines,G,Oklahoma City Thunder,5455236,2020-21
200,Jason Smith,F,New Orleans Pelicans,5450000,2020-21
201,Wendell Carter Jr.,C,Orlando Magic,5448840,2020-21
202,Zach Collins,F,Chicago Bulls,5406255,2020-21
203,Malik Monk,G,Charlotte Hornets,5345687,2020-21
204,Killian Hayes,G,Detroit Pistons,5307120,2020-21
205,Alexis Ajinca,C,LA Clippers,5285394,2020-21
206,Luke Kennard,G,LA Clippers,5273826,2020-21
207,Donovan Mitchell,G,Utah Jazz,5195501,2020-21
208,Rodney McGruder,G,Detroit Pistons,5192307,2020-21
209,Bam Adebayo,C,Miami Heat,5115492,2020-21
210,Jaxson Hayes,C,New Orleans Pelicans,5105160,2020-21
211,Richaun Holmes,F,Sacramento Kings,5005350,2020-21
212,Mike Scott,PF,Philadelphia 76ers,5005350,2020-21
213,Ed Davis,C,Minnesota Timberwolves,5005350,2020-21
214,Enes Freedom,C,Portland Trail Blazers,5005350,2020-21
215,Nerlens Noel,C,New York Knicks,5000000,2020-21
216,Daniel Theis,C,Chicago Bulls,5000000,2020-21
217,Dirk Nowitzki,F,Dallas Mavericks,5000000,2020-21
218,Kyle Singler,F,Oklahoma City Thunder,4996000,2020-21
219,Collin Sexton,G,Cleveland Cavaliers,4991880,2020-21
220,Pat Connaughton,G,Milwaukee Bucks,4938272,2020-21
221,Obi Toppin,F,New York Knicks,4862040,2020-21
222,Josh Jackson,SG,Detroit Pistons,4767000,2020-21
223,Garrett Temple,G,Chicago Bulls,4767000,2020-21
224,Kris Dunn,G,Atlanta Hawks,4767000,2020-21
225,Rui Hachimura,F,Washington Wizards,4692840,2020-21
226,Denzel Valentine,G,Chicago Bulls,4642800,2020-21
227,Kevin Knox II,F,New York Knicks,4588680,2020-21
228,D.J. Wilson,F,Houston Rockets,4548280,2020-21
229,Deni Avdija,F,Washington Wizards,4469160,2020-21
230,Kevon Looney,F,Golden State Warriors,4464226,2020-21
231,Cam Reddish,SF,Atlanta Hawks,4458000,2020-21
232,T.J. Leaf,PF,Portland Trail Blazers,4326825,2020-21
233,Jalen Smith,F,Phoenix Suns,4245720,2020-21
234,JaVale McGee,C,Denver Nuggets,4200000,2020-21
235,Reggie Bullock Jr.,SF,New York Knicks,4200000,2020-21
236,Mikal Bridges,G,Phoenix Suns,4161000,2020-21
237,Shai Gilgeous-Alexander,G,Oklahoma City Thunder,4141320,2020-21
238,John Collins,F,Atlanta Hawks,4137302,2020-21
239,Nicolo Melli,PF,Dallas Mavericks,4102564,2020-21
240,Willie Cauley-Stein,C,Dallas Mavericks,4100000,2020-21
241,Devin Vassell,G,San Antonio Spurs,4033440,2020-21
242,Cameron Johnson,F,Phoenix Suns,4033440,2020-21
243,P.J. Washington,F,Charlotte Hornets,4023600,2020-21
244,Patrick McCaw,SF,Toronto Raptors,4000000,2020-21
245,Dorian Finney-Smith,F,Dallas Mavericks,4000000,2020-21
246,Terrance Ferguson,SF,Philadelphia 76ers,3944013,2020-21
247,Miles Bridges,F,Charlotte Hornets,3934320,2020-21
248,Jevon Carter,G,Phoenix Suns,3925000,2020-21
249,Jarrett Allen,C,Cleveland Cavaliers,3909902,2020-21
250,OG Anunoby,F,Toronto Raptors,3872215,2020-21
251,Gabriel Deck,SF,Oklahoma City Thunder,3870370,2020-21
252,Tyrese Haliburton,G,Sacramento Kings,3831840,2020-21
253,Stanley Johnson,SF,Toronto Raptors,3804150,2020-21
254,Jake Layman,F,Minnesota Timberwolves,3761085,2020-21
255,Jerome Robinson,SG,Washington Wizards,3737520,2020-21
256,Danuel House Jr.,SF,Houston Rockets,3717000,2020-21
257,Kira Lewis Jr.,G,New Orleans Pelicans,3640200,2020-21
258,Romeo Langford,SG,Boston Celtics,3631200,2020-21
259,Bobby Portis,F,Milwaukee Bucks,3623000,2020-21
260,Maurice Harkless,SF,Sacramento Kings,3623000,2020-21
261,Wesley Matthews,SG,Los Angeles Lakers,3623000,2020-21
262,Kyle Kuzma,F,Los Angeles Lakers,3562178,2020-21
263,Allonzo Trier,G,New York Knicks,3551000,2020-21
264,Michael Porter Jr.,F,Denver Nuggets,3550800,2020-21
265,Tony Bradley,C,Oklahoma City Thunder,3542060,2020-21
266,Derrick White,G,San Antonio Spurs,3516284,2020-21
267,Bismack Biyombo,C,Charlotte Hornets,3500000,2020-21
268,Michael Beasley,F,Brooklyn Nets,3500000,2020-21
269,Luca Vildoza,G,Milwaukee Bucks,3500000,2020-21
270,T.J. McConnell,G,Indiana Pacers,3500000,2020-21
271,Boban Marjanovic,C,Dallas Mavericks,3500000,2020-21
272,Josh Hart,G,New Orleans Pelicans,3491159,2020-21
273,Aaron Nesmith,G,Boston Celtics,3458400,2020-21
274,Sekou Doumbouya,SF,Detroit Pistons,3449400,2020-21
275,Michael Carter-Williams,G,Orlando Magic,3300000,2020-21
276,James Ennis III,F,Orlando Magic,3300000,2020-21
277,Cole Anthony,G,Orlando Magic,3285120,2020-21
278,Troy Brown Jr.,SF,Chicago Bulls,3219480,2020-21
279,Chuma Okeke,F,Orlando Magic,3121080,2020-21
280,Isaiah Stewart,F,Detroit Pistons,3121080,2020-21
281,Nickeil Alexander-Walker,G,New Orleans Pelicans,3113160,2020-21
282,Patrick Patterson,PF,LA Clippers,3077704,2020-21
283,Donte DiVincenzo,G,Milwaukee Bucks,3044160,2020-21
284,Trey Burke,PG,Dallas Mavericks,3000000,2020-21
285,Khem Birch,C,Toronto Raptors,3000000,2020-21
286,Ryan Arcidiacono,G,Chicago Bulls,3000000,2020-21
287,Aleksej Pokusevski,F,Oklahoma City Thunder,2964840,2020-21
288,Goga Bitadze,C,Indiana Pacers,2957520,2020-21
289,Luka Samanic,F,San Antonio Spurs,2892000,2020-21
290,Lonnie Walker IV,G,San Antonio Spurs,2892000,2020-21
291,Josh Green,G,Dallas Mavericks,2816760,2020-21
292,Kevin Huerter,G,Atlanta Hawks,2761920,2020-21
293,Alex Caruso,G,Los Angeles Lakers,2750000,2020-21
294,Matisse Thybulle,G,Philadelphia 76ers,2711280,2020-21
295,Saddiq Bey,G,Detroit Pistons,2689920,2020-21
296,Josh Okogie,G,Minnesota Timberwolves,2651040,2020-21
297,Marko Guduric,G,Memphis Grizzlies,2625000,2020-21
298,Brandon Clarke,F,Memphis Grizzlies,2602920,2020-21
299,Precious Achiuwa,PF,Miami Heat,2582160,2020-21
300,Tyler Herro,G,Miami Heat,2582160,2020-21
301,Marc Gasol,C,Los Angeles Lakers,2564753,2020-21
302,Nene Hilario,C,Atlanta Hawks,2564753,2020-21
303,Grayson Allen,G,Memphis Grizzlies,2545320,2020-21
304,Manu Ginobili,G,San Antonio Spurs,2500000,2020-21
305,Grant Williams,F,Boston Celtics,2498760,2020-21
306,Tyrese Maxey,G,Philadelphia 76ers,2478840,2020-21
307,Emeka Okafor,C,Philadelphia 76ers,2445085,2020-21
308,Kendrick Perkins,C,Cleveland Cavaliers,2445085,2020-21
309,Chandler Hutchison,SF,Washington Wizards,2443440,2020-21
310,Tyler Zeller,C,Atlanta Hawks,2436046,2020-21
311,Aaron Holiday,G,Indiana Pacers,2345640,2020-21
312,Darius Bazley,F,Oklahoma City Thunder,2339160,2020-21
313,Bryn Forbes,SG,Milwaukee Bucks,2337145,2020-21
314,Ty Jerome,G,Oklahoma City Thunder,2303040,2020-21
315,Zeke Nnaji,F,Denver Nuggets,2284800,2020-21
316,Mike Muscala,C,Oklahoma City Thunder,2283034,2020-21
317,Ben McLemore,SG,Los Angeles Lakers,2283034,2020-21
318,Anfernee Simons,G,Portland Trail Blazers,2252040,2020-21
319,Brad Wanamaker,PG,Charlotte Hornets,2250000,2020-21
320,Luke Kornet,C,Boston Celtics,2250000,2020-21
321,Brandon Jennings,G,Milwaukee Bucks,2222803,2020-21
322,Nassir Little,SF,Portland Trail Blazers,2210640,2020-21
323,Payton Pritchard,G,Boston Celtics,2193480,2020-21
324,R.J. Hampton,G,Orlando Magic,2193040,2020-21
325,Edmond Sumner,PG,Indiana Pacers,2160000,2020-21
326,Dylan Windler,G,Cleveland Cavaliers,2137440,2020-21
327,Immanuel Quickley,G,New York Knicks,2105520,2020-21
328,John Konchar,G,Memphis Grizzlies,2100000,2020-21
329,Landry Shamet,G,Brooklyn Nets,2090040,2020-21
330,Jordan Poole,G,Golden State Warriors,2063280,2020-21
331,Bol Bol,C,Denver Nuggets,2058240,2020-21
332,Sean Kilpatrick,G,Chicago Bulls,2054856,2020-21
333,Keldon Johnson,F,San Antonio Spurs,2048040,2020-21
334,Robert Williams III,C,Boston Celtics,2029920,2020-21
335,Jacob Evans,G,New York Knicks,2017320,2020-21
336,Kenrich Williams,G,Oklahoma City Thunder,2000000,2020-21
337,Theo Maledon,PG,Oklahoma City Thunder,2000000,2020-21
338,Damyean Dotson,SG,Cleveland Cavaliers,2000000,2020-21
339,Gary Clark,F,Philadelphia 76ers,2000000,2020-21
340,Omari Rasulala Spellman,F,New York Knicks,1988280,2020-21
341,Cameron Payne,PG,Phoenix Suns,1977011,2020-21
342,Udoka Azubuike,C,Utah Jazz,1977000,2020-21
343,Jaden McDaniels,F,Minnesota Timberwolves,1964760,2020-21
344,Malachi Flynn,PG,Toronto Raptors,1950600,2020-21
345,Desmond Bane,G,Memphis Grizzlies,1936440,2020-21
346,Jontay Porter,C,Memphis Grizzlies,1900000,2020-21
347,Jahlil Okafor,C,Detroit Pistons,1882867,2020-21
348,Marquese Chriss,SF,Golden State Warriors,1824003,2020-21
349,David Nwaba,SF,Houston Rockets,1824003,2020-21
350,DeAndre Liggins,G,Miami Heat,1795015,2020-21
351,Georges Niang,F,Utah Jazz,1783557,2020-21
352,PJ Dozier,G,Denver Nuggets,1762796,2020-21
353,Damion Lee,SG,Golden State Warriors,1762796,2020-21
354,Furkan Korkmaz,SG,Philadelphia 76ers,1762796,2020-21
355,Alfonzo McKinnie,F,Los Angeles Lakers,1762796,2020-21
356,Abdel Nader,SF,Phoenix Suns,1752950,2020-21
357,Semi Ojeleye,PF,Boston Celtics,1752950,2020-21
358,DeAndre' Bembry,SG,Toronto Raptors,1737145,2020-21
359,Kevin Porter Jr.,G,Houston Rockets,1717981,2020-21
360,Shake Milton,SG,Philadelphia 76ers,1701593,2020-21
361,Thanasis Antetokounmpo,F,Milwaukee Bucks,1701593,2020-21
362,Brandon Goodwin,G,Atlanta Hawks,1701593,2020-21
363,Jonah Bolden,PF,Phoenix Suns,1698450,2020-21
364,Wes Iwundu,F,New Orleans Pelicans,1678854,2020-21
365,Dragan Bender,F,Golden State Warriors,1678854,2020-21
366,Isaac Bonga,G,Washington Wizards,1663861,2020-21
367,Gary Trent Jr.,G,Toronto Raptors,1663861,2020-21
368,Bruce Brown,G,Brooklyn Nets,1663861,2020-21
369,Hamidou Diallo,G,Detroit Pistons,1663861,2020-21
370,Kendrick Nunn,G,Miami Heat,1663861,2020-21
371,Mitchell Robinson,C,New York Knicks,1663861,2020-21
372,Jalen Brunson,G,Dallas Mavericks,1663861,2020-21
373,Keita Bates-Diop,SF,San Antonio Spurs,1663861,2020-21
374,Duncan Robinson,F,Miami Heat,1663861,2020-21
375,Svi Mykhailiuk,G,Oklahoma City Thunder,1663861,2020-21
376,Jarred Vanderbilt,F,Minnesota Timberwolves,1663361,2020-21
377,Julyan Stone,G,Chicago Bulls,1656092,2020-21
378,MarShon Brooks,G,Chicago Bulls,1656092,2020-21
379,Wenyen Gabriel,F,New Orleans Pelicans,1620564,2020-21
380,Shaquille Harrison,G,Denver Nuggets,1620564,2020-21
381,Isaiah Taylor,G,Toronto Raptors,1620564,2020-21
382,Hassan Whiteside,C,Sacramento Kings,1620564,2020-21
383,Tyler Johnson,G,Brooklyn Nets,1620564,2020-21
384,Tyler Lydon,F,Sacramento Kings,1620564,2020-21
385,Quinn Cook,PG,Cleveland Cavaliers,1620564,2020-21
386,Matthew Dellavedova,PG,Cleveland Cavaliers,1620564,2020-21
387,Kent Bazemore,SF,Golden State Warriors,1620564,2020-21
388,Drew Eubanks,F,San Antonio Spurs,1620564,2020-21
389,Isaiah Thomas,G,New Orleans Pelicans,1620564,2020-21
390,Nicolas Batum,F,LA Clippers,1620564,2020-21
391,E'Twaun Moore,G,Phoenix Suns,1620564,2020-21
392,Isaiah Hartenstein,C,Cleveland Cavaliers,1620564,2020-21
393,Solomon Hill,SF,Atlanta Hawks,1620564,2020-21
394,Josh Gray,G,Brooklyn Nets,1620564,2020-21
395,Wilson Chandler,F,Brooklyn Nets,1620564,2020-21
396,Glenn Robinson III,F,Sacramento Kings,1620564,2020-21
397,Udonis Haslem,PF,Miami Heat,1620564,2020-21
398,Harry Giles III,PF,Portland Trail Blazers,1620564,2020-21
399,Sterling Brown,SF,Houston Rockets,1620564,2020-21
400,Wayne Ellington,SG,Detroit Pistons,1620564,2020-21
401,Jared Dudley,SF,Los Angeles Lakers,1620564,2020-21
402,Dwight Howard,C,Philadelphia 76ers,1620564,2020-21
403,Carmelo Anthony,PF,Portland Trail Blazers,1620564,2020-21
404,JaKarr Sampson,SF,Indiana Pacers,1620564,2020-21
405,Langston Galloway,SG,Phoenix Suns,1620564,2020-21
406,Frank Kaminsky,F,Phoenix Suns,1620564,2020-21
407,Ryan Anderson,PF,Houston Rockets,1620564,2020-21
408,Jeff Green,F,Brooklyn Nets,1620564,2020-21
409,Gerald Green,G,Houston Rockets,1620564,2020-21
410,Reggie Jackson,PG,LA Clippers,1620564,2020-21
411,Markieff Morris,PF,Los Angeles Lakers,1620564,2020-21
412,J.J. Barea,G,Dallas Mavericks,1620564,2020-21
413,Thon Maker,F,Cleveland Cavaliers,1620564,2020-21
414,Jarell Martin,F,Cleveland Cavaliers,1620564,2020-21
415,Raul Neto,PG,Washington Wizards,1620564,2020-21
416,Torrey Craig,SF,Phoenix Suns,1620564,2020-21
417,Willy Hernangomez,C,New Orleans Pelicans,1620564,2020-21
418,Joe Johnson,G,Boston Celtics,1620564,2020-21
419,Vince Carter,G,Atlanta Hawks,1620564,2020-21
420,Dwight Buycks,G,Detroit Pistons,1600520,2020-21
421,Monte Morris,PG,Denver Nuggets,1588231,2020-21
422,Antonio Blakeney,G,Chicago Bulls,1588231,2020-21
423,Tyrone Wallace,G,New Orleans Pelicans,1588231,2020-21
424,Malachi Richardson,G,Philadelphia 76ers,1569360,2020-21
425,Georgios Papagiannis,C,Portland Trail Blazers,1544951,2020-21
426,Chinanu Onuaku,C,Portland Trail Blazers,1544951,2020-21
427,Wade Baldwin IV,G,Indiana Pacers,1544951,2020-21
428,Isaiah Whitehead,G,Detroit Pistons,1544951,2020-21
429,Paul Zipser,F,Chicago Bulls,1544951,2020-21
430,Cody Martin,SF,Charlotte Hornets,1517981,2020-21
431,Mychal Mulder,G,Golden State Warriors,1517981,2020-21
432,Jalen McDaniels,F,Charlotte Hornets,1517981,2020-21
433,Dewan Hernandez,F,Toronto Raptors,1517981,2020-21
434,Anzejs Pasecniks,C,Washington Wizards,1517981,2020-21
435,Talen Horton-Tucker,SF,Los Angeles Lakers,1517981,2020-21
436,Nigel Williams-Goss,G,Utah Jazz,1517981,2020-21
437,Luguentz Dort,G,Oklahoma City Thunder,1517981,2020-21
438,KZ Okpala,SF,Miami Heat,1517981,2020-21
439,Terence Davis,G,Sacramento Kings,1517981,2020-21
440,Miye Oni,SF,Utah Jazz,1517981,2020-21
441,Admiral Schofield,SF,Orlando Magic,1517981,2020-21
442,Isaiah Roby,PF,Oklahoma City Thunder,1517981,2020-21
443,Nic Claxton,C,Brooklyn Nets,1517981,2020-21
444,Naz Reid,C,Minnesota Timberwolves,1517981,2020-21
445,Eric Paschall,F,Golden State Warriors,1517981,2020-21
446,Jalen Lecque,G,Indiana Pacers,1517981,2020-21
447,Rayjon Tucker,G,Philadelphia 76ers,1517981,2020-21
448,Caleb Martin,F,Charlotte Hornets,1517981,2020-21
449,Ky Bowman,G,LA Clippers,1517981,2020-21
450,Juwan Morgan,F,Utah Jazz,1517981,2020-21
451,Terance Mann,G,LA Clippers,1517981,2020-21
452,Alen Smailagic,PF,Golden State Warriors,1517981,2020-21
453,Jaylen Nowell,G,Minnesota Timberwolves,1517981,2020-21
454,Carsen Edwards,PG,Boston Celtics,1517981,2020-21
455,Vlatko Cancar,SF,Denver Nuggets,1517981,2020-21
456,Daniel Gafford,F,Washington Wizards,1517981,2020-21
457,Dean Wade,F,Cleveland Cavaliers,1517981,2020-21
458,Matt Thomas,SG,Utah Jazz,1517981,2020-21
459,Javonte Green,G,Chicago Bulls,1517981,2020-21
460,Justin James,G,Sacramento Kings,1517981,2020-21
461,Bruno Fernando,F,Atlanta Hawks,1517981,2020-21
462,Chris Silva,F,Sacramento Kings,1517981,2020-21
463,Chris Clemons,G,Atlanta Hawks,1517981,2020-21
464,Omri Casspi,F,Memphis Grizzlies,1512601,2020-21
465,Isaiah Canaan,G,Milwaukee Bucks,1512601,2020-21
466,Dwyane Wade,G,Miami Heat,1512601,2020-21
467,Robert Woodard II,F,Sacramento Kings,1500000,2020-21
468,Paul Watson,SG,Toronto Raptors,1445697,2020-21
469,DaQuan Jeffries,SG,Houston Rockets,1445697,2020-21
470,Jae'Sean Tate,F,Houston Rockets,1445697,2020-21
471,Theo Pinson,G,New York Knicks,1445697,2020-21
472,Zylan Cheatham,F,New Orleans Pelicans,1445697,2020-21
473,Kelan Martin,SG,Indiana Pacers,1445697,2020-21
474,Taj Gibson,F,New York Knicks,1442968,2020-21
475,Elie Okobo,G,Brooklyn Nets,1416852,2020-21
476,Jaylen Adams,G,Milwaukee Bucks,1416852,2020-21
477,Jemerrio Jones,F,Los Angeles Lakers,1416852,2020-21
478,Dairis Bertans,G,New Orleans Pelicans,1416852,2020-21
479,Yante Maten,F,Boston Celtics,1416852,2020-21
480,Tarik Phillip,G,Washington Wizards,1416842,2020-21
481,Dakari Johnson,C,Memphis Grizzlies,1378242,2020-21
482,Kyle Collinsworth,G,Utah Jazz,1378242,2020-21
483,Jaylen Morris,F,San Antonio Spurs,1378242,2020-21
484,Brandon Paul,G,San Antonio Spurs,1378242,2020-21
485,Rodney Purvis,G,Miami Heat,1378242,2020-21
486,David Stockton,G,Los Angeles Lakers,1378242,2020-21
487,Zhou Qi,C,Houston Rockets,1378242,2020-21
488,Aaron Jackson,F,Houston Rockets,1378242,2020-21
489,Ike Anigbogu,C,New Orleans Pelicans,1378242,2020-21
490,Vernon Carey Jr.,C,Charlotte Hornets,1350000,2020-21
491,Jabari Bird,G,Atlanta Hawks,1349464,2020-21
492,Ben Moore,F,San Antonio Spurs,1349383,2020-21
493,James Nunnally,SF,New Orleans Pelicans,1349383,2020-21
494,Xavier Tillman,F,Memphis Grizzlies,1300000,2020-21
495,Tyrell Terry,PG,Dallas Mavericks,1289846,2020-21
496,Alex Len,C,Washington Wizards,1265372,2020-21
497,Noah Vonleh,PF,Brooklyn Nets,1087776,2020-21
498,Nick Young,G,Denver Nuggets,1042584,2020-21
499,Nick Richards,C,Charlotte Hornets,1000000,2020-21
500,Jahmi'us Ramsey,PG,Sacramento Kings,1000000,2020-21
501,Gorgui Dieng,C,San Antonio Spurs,1000000,2020-21
502,Paul Millsap,PF,Denver Nuggets,1000000,2020-21
503,Ron Baker,G,Washington Wizards,948580,2020-21
504,Daniel Oturu,C,LA Clippers,898310,2020-21
505,Jordan Nwora,SF,Milwaukee Bucks,898310,2020-21
506,Anthony Gill,F,Washington Wizards,898310,2020-21
507,Stanton Kidd,SF,Utah Jazz,898310,2020-21
508,Isaiah Joe,G,Philadelphia 76ers,898310,2020-21
509,Tre Jones,G,San Antonio Spurs,898310,2020-21
510,Elijah Hughes,F,Utah Jazz,898310,2020-21
511,KJ Martin,F,Houston Rockets,898310,2020-21
512,CJ Elleby,SG,Portland Trail Blazers,898310,2020-21
513,Deividas Sirvydis,F,Detroit Pistons,898310,2020-21
514,Sam Merrill,G,Milwaukee Bucks,898310,2020-21
515,Max Strus,G,Miami Heat,898310,2020-21
516,Isaiah Briscoe,G,Orlando Magic,838464,2020-21
517,Andre Drummond,C,Los Angeles Lakers,794536,2020-21
518,Blake Griffin,PF,Brooklyn Nets,776983,2020-21
519,Oshae Brissett,SF,Indiana Pacers,757453,2020-21
520,Ersan Ilyasova,PF,Utah Jazz,754783,2020-21
521,Chimezie Metu,PF,Sacramento Kings,700000,2020-21
522,Timothe Luwawu-Cabarrot,SG,Brooklyn Nets,654469,2020-21
523,Lamar Stevens,F,Cleveland Cavaliers,652366,2020-21
524,Paul Reed,F,Philadelphia 76ers,609128,2020-21
525,Jeff Teague,PG,Milwaukee Bucks,510589,2020-21
526,Norvel Pelle,PF,New York Knicks,500000,2020-21
527,Dewayne Dedmon,C,Miami Heat,432890,2020-21
528,Nemanja Bjelica,PF,Miami Heat,432890,2020-21
529,Jabari Parker,PF,Boston Celtics,430729,2020-21
530,Alize Johnson,F,Brooklyn Nets,399591,2020-21
531,Tyler Cook,F,Brooklyn Nets,396081,2020-21
532,Dion Waiters,G,Los Angeles Lakers,375385,2020-21
533,Juan Toscano-Anderson,F,Golden State Warriors,358295,2020-21
534,Yuta Watanabe,SF,Toronto Raptors,321893,2020-21
535,Anthony Tolliver,PF,Philadelphia 76ers,263501,2020-21
536,Tim Frazier,PG,Memphis Grizzlies,255294,2020-21
537,Khyri Thomas,SG,Houston Rockets,250000,2020-21
538,Damian Jones,C,Sacramento Kings,237965,2020-21
539,DeMarcus Cousins,C,LA Clippers,233095,2020-21
540,Moritz Wagner,F,Orlando Magic,221995,2020-21
541,Yogi Ferrell,PG,LA Clippers,214169,2020-21
542,Rondae Hollis Jefferson,SF,Portland Trail Blazers,210895,2020-21
543,Jimmer Fredette,G,Phoenix Suns,208509,2020-21
544,Austin Rivers,SG,Denver Nuggets,188696,2020-21
545,Devonte' Graham,PG,Charlotte Hornets,163861,2020-21
546,Mamadi Diakite,F,Milwaukee Bucks,160173,2020-21
547,Mfiondu Kabengele,C,Cleveland Cavaliers,154433,2020-21
548,Naji Marshall,F,New Orleans Pelicans,120000,2020-21
549,Freddie Gillespie,SF,Toronto Raptors,116903,2020-21
550,Ignas Brazdeikis,SF,Orlando Magic,49510,2020-21
551,Mike James,PG,Brooklyn Nets,39608,2020-21
552,Elijah Bryant,SG,Milwaukee Bucks,24611,2020-21
553,Caleb Homesley,SG,Washington Wizards,20000,2020-21
554,Charlie Brown Jr.,G,Oklahoma City Thunder,19804,2020-21
555,Omer Yurtseven,C,Utah Jazz,18458,2020-21
556,Gary Payton II,G,Golden State Warriors,11898,2020-21
