﻿Rank,Player,Position,Team,Salary,Season
1,Kobe Bryant,SF,Los Angeles Lakers,25244493,2011-12
2,Kevin Garnett,PF,Boston Celtics,21247044,2011-12
3,Tim Duncan,C,San Antonio Spurs,21164619,2011-12
4,Rashard Lewis,PF,Washington Wizards,21136631,2011-12
5,Dirk Nowitzki,F,Dallas Mavericks,19092873,2011-12
6,Pau Gasol,PF,Los Angeles Lakers,18714150,2011-12
7,Carmelo Anthony,PF,New York Knicks,18518574,2011-12
8,Amar'e Stoudemire,C,New York Knicks,18217705,2011-12
9,Elton Brand,PF,Philadelphia 76ers,18160355,2011-12
10,Dwight Howard,C,Orlando Magic,18091770,2011-12
11,Joe Johnson,G,Atlanta Hawks,18038573,2011-12
12,Andrei Kirilenko,SF,Philadelphia 76ers,17823000,2011-12
13,Chris Bosh,PF,Miami Heat,17545000,2011-12
14,LeBron James,F,Miami Heat,17545000,2011-12
15,Chris Paul,G,LA Clippers,16359805,2011-12
16,Deron Williams,PG,New Jersey Nets,16359805,2011-12
17,Dwyane Wade,G,Miami Heat,15691000,2011-12
18,Kevin Durant,F,Oklahoma City Thunder,15506632,2011-12
19,Paul Pierce,SF,Boston Celtics,15333334,2011-12
20,Zach Randolph,F,Memphis Grizzlies,15200000,2011-12
21,Antawn Jamison,PF,Cleveland Cavaliers,15076715,2011-12
22,Brandon Roy,SG,Minnesota Timberwolves,15032144,2011-12
23,Rudy Gay,SF,Memphis Grizzlies,15032144,2011-12
24,Al Jefferson,C,Utah Jazz,15000000,2011-12
25,Andrew Bynum,C,Los Angeles Lakers,14900000,2011-12
26,Andre Iguodala,F,Philadelphia 76ers,14718250,2011-12
27,Manu Ginobili,G,San Antonio Spurs,14107492,2011-12
28,Chris Kaman,C,New Orleans Hornets,14030000,2011-12
29,LaMarcus Aldridge,C,Portland Trail Blazers,14000000,2011-12
30,Carlos Boozer,PF,Chicago Bulls,13500000,2011-12
31,Tyson Chandler,C,New York Knicks,13107837,2011-12
32,Nene Hilario,C,Washington Wizards,13000000,2011-12
33,Marc Gasol,C,Memphis Grizzlies,12922194,2011-12
34,Emeka Okafor,C,New Orleans Hornets,12642500,2011-12
35,Tony Parker,G,San Antonio Spurs,12500000,2011-12
36,Al Horford,C,Atlanta Hawks,12498483,2011-12
37,Josh Smith,PF,Atlanta Hawks,12400000,2011-12
38,Luol Deng,F,Chicago Bulls,12325000,2011-12
39,Danny Granger,SF,Indiana Pacers,12015904,2011-12
40,Joakim Noah,C,Chicago Bulls,12000000,2011-12
41,Andrew Bogut,C,Milwaukee Bucks,12000000,2011-12
42,Steve Nash,PG,Phoenix Suns,11689062,2011-12
43,David Lee,PF,Golden State Warriors,11610000,2011-12
44,Ben Gordon,SG,Detroit Pistons,11600000,2011-12
45,Kevin Martin,SG,Houston Rockets,11519840,2011-12
46,Marcus Camby,C,Houston Rockets,11227250,2011-12
47,Jason Terry,G,Dallas Mavericks,11158000,2011-12
48,Hedo Turkoglu,SF,Orlando Magic,11015850,2011-12
49,Monta Ellis,SG,Milwaukee Bucks,11000000,2011-12
50,Mehmet Okur,C,New Jersey Nets,10890000,2011-12
51,Jose Calderon,G,Toronto Raptors,10561982,2011-12
52,Corey Maggette,SF,Charlotte Bobcats,10262069,2011-12
53,Jason Kidd,PG,Dallas Mavericks,10121000,2011-12
54,DeAndre Jordan,C,LA Clippers,10079404,2011-12
55,Rajon Rondo,PG,Boston Celtics,10045454,2011-12
56,Andrea Bargnani,C,Toronto Raptors,10000000,2011-12
57,Ray Allen,SG,Boston Celtics,10000000,2011-12
58,David West,F,Indiana Pacers,10000000,2011-12
59,Gerald Wallace,SF,New Jersey Nets,9500000,2011-12
60,Cuttino Mobley,SG,LA Clippers,9500000,2011-12
61,Devin Harris,G,Utah Jazz,9319000,2011-12
62,Richard Jefferson,F,Golden State Warriors,9282000,2011-12
63,Andris Biedrins,C,Golden State Warriors,9000000,2011-12
64,Lamar Odom,PF,Dallas Mavericks,8900000,2011-12
65,Paul Millsap,PF,Utah Jazz,8603633,2011-12
66,Jameer Nelson,G,Orlando Magic,8600000,2011-12
67,Luis Scola,F,Houston Rockets,8591793,2011-12
68,Carl Landry,PF,New Orleans Hornets,8500000,2011-12
69,Rodney Stuckey,PG,Detroit Pistons,8500000,2011-12
70,Mo Williams,PG,LA Clippers,8500000,2011-12
71,John Salmons,SF,Sacramento Kings,8083000,2011-12
72,Thaddeus Young,F,Philadelphia 76ers,8039130,2011-12
73,Shawn Marion,SG,Dallas Mavericks,8022449,2011-12
74,Caron Butler,SF,LA Clippers,8000000,2011-12
75,Kris Humphries,PF,New Jersey Nets,8000000,2011-12
76,Kirk Hinrich,SG,Atlanta Hawks,8000000,2011-12
77,Mark Blount,C,Miami Heat,7967375,2011-12
78,Andre Miller,PG,Denver Nuggets,7807728,2011-12
79,Arron Afflalo,G,Denver Nuggets,7750000,2011-12
80,Anderson Varejao,C,Cleveland Cavaliers,7700000,2011-12
81,Brendan Haywood,C,Dallas Mavericks,7624500,2011-12
82,Leandro Barbosa,G,Indiana Pacers,7600000,2011-12
83,James Posey,SF,Indiana Pacers,7595600,2011-12
84,Raymond Felton,G,Portland Trail Blazers,7560000,2011-12
85,Charlie Villanueva,PF,Detroit Pistons,7540000,2011-12
86,Marcus Thornton,SG,Sacramento Kings,7525000,2011-12
87,Marvin Williams,F,Atlanta Hawks,7500000,2011-12
88,Tyrus Thomas,PF,Charlotte Bobcats,7305785,2011-12
89,Marcin Gortat,C,Phoenix Suns,7258960,2011-12
90,Kendrick Perkins,C,Oklahoma City Thunder,7123626,2011-12
91,Marko Jaric,PG,Brooklyn Nets,7100000,2011-12
92,Samuel Dalembert,C,Houston Rockets,7000000,2011-12
93,Derrick Rose,PG,Chicago Bulls,6993708,2011-12
94,Beno Udrih,PG,Milwaukee Bucks,6925400,2011-12
95,DeSagana Diop,C,Charlotte Bobcats,6925400,2011-12
96,Trevor Ariza,SF,New Orleans Hornets,6790640,2011-12
97,Metta World Peace,SF,Los Angeles Lakers,6790640,2011-12
98,Kwame Brown,C,Golden State Warriors,6750000,2011-12
99,JJ Redick,SG,Orlando Magic,6750000,2011-12
100,Morris Peterson,SG,Oklahoma City Thunder,6665000,2011-12
101,Andres Nocioni,SF,Philadelphia 76ers,6650000,2011-12
102,Mike Conley,G,Memphis Grizzlies,6611571,2011-12
103,Jerome James,C,Chicago Bulls,6600000,2011-12
104,Wesley Matthews,SG,Portland Trail Blazers,6505320,2011-12
105,Grant Hill,SF,Phoenix Suns,6500000,2011-12
106,Josh Childress,F,Phoenix Suns,6500000,2011-12
107,Andray Blatche,C,Washington Wizards,6442083,2011-12
108,Rasheed Wallace,PF,New York Knicks,6322320,2011-12
109,Glen Davis,PF,Orlando Magic,6300000,2011-12
110,Tayshaun Prince,SF,Detroit Pistons,6292135,2011-12
111,Michael Beasley,F,Minnesota Timberwolves,6262347,2011-12
112,Drew Gooden,PF,Milwaukee Bucks,6226200,2011-12
113,Al Harrington,PF,Denver Nuggets,6226200,2011-12
114,Jermaine O'Neal,C,Boston Celtics,6226200,2011-12
115,Francisco Garcia,SG,Sacramento Kings,6100000,2011-12
116,Amir Johnson,F,Toronto Raptors,6000000,2011-12
117,Channing Frye,F,Phoenix Suns,6000000,2011-12
118,Luke Walton,SF,Cleveland Cavaliers,5971363,2011-12
119,Kyle Lowry,G,Houston Rockets,5750000,2011-12
120,Blake Griffin,PF,LA Clippers,5731080,2011-12
121,O.J. Mayo,SG,Memphis Grizzlies,5632637,2011-12
122,Nenad Krstic,C,Bilbao Basket Bilbao Basket,5543116,2011-12
123,John Wall,PG,Washington Wizards,5530080,2011-12
124,Wilson Chandler,F,Denver Nuggets,5516664,2011-12
125,Chuck Hayes,PF,Sacramento Kings,5486250,2011-12
126,Sasha Vujacic,SG,New York Knicks,5475113,2011-12
127,Mike Miller,SG,Miami Heat,5400000,2011-12
128,Jason Richardson,SG,Orlando Magic,5395000,2011-12
129,Evan Turner,G,Philadelphia 76ers,5293080,2011-12
130,Martell Webster,SF,Minnesota Timberwolves,5256000,2011-12
131,Tyreke Evans,G,Sacramento Kings,5251825,2011-12
132,Antonio McDyess,PF,San Antonio Spurs,5220000,2011-12
133,Speedy Claxton,PG,Atlanta Hawks,5209454,2011-12
134,Lou Williams,SG,Philadelphia 76ers,5176000,2011-12
135,Kyrie Irving,G,Cleveland Cavaliers,5144280,2011-12
136,Hasheem Thabeet,C,Portland Trail Blazers,5127720,2011-12
137,Russell Westbrook,G,Oklahoma City Thunder,5082416,2011-12
138,Jason Maxiell,PF,Detroit Pistons,5000000,2011-12
139,Jamal Crawford,G,Portland Trail Blazers,5000000,2011-12
140,Kyle Korver,G,Chicago Bulls,5000000,2011-12
141,Luc Mbah a Moute,F,Milwaukee Bucks,5000000,2011-12
142,Richard Hamilton,SG,Chicago Bulls,5000000,2011-12
143,Jarrett Jack,G,New Orleans Hornets,5000000,2011-12
144,Marcus Banks,PG,New Orleans Pelicans,4847586,2011-12
145,Darius Songaila,PF,Philadelphia 76ers,4818000,2011-12
146,Darko Milicic,C,Minnesota Timberwolves,4776500,2011-12
147,Derrick Favors,F,Utah Jazz,4753320,2011-12
148,Brad Miller,C,Minnesota Timberwolves,4752000,2011-12
149,Zaza Pachulia,C,Atlanta Hawks,4750000,2011-12
150,Ronnie Brewer,SF,Chicago Bulls,4710000,2011-12
151,Kevin Love,F,Minnesota Timberwolves,4609701,2011-12
152,James Harden,G,Oklahoma City Thunder,4604760,2011-12
153,Derrick Williams,PF,Minnesota Timberwolves,4602720,2011-12
154,Linas Kleiza,SF,Toronto Raptors,4600000,2011-12
155,Nikola Pekovic,C,Minnesota Timberwolves,4503600,2011-12
156,Jonas Jerebko,F,Detroit Pistons,4500000,2011-12
157,Jeff Green,F,Houston Rockets,4455988,2011-12
158,Daniel Gibson,SG,Cleveland Cavaliers,4403834,2011-12
159,Enes Freedom,C,Utah Jazz,4319280,2011-12
160,J.J. Barea,G,Minnesota Timberwolves,4300000,2011-12
161,Ramon Sessions,G,Los Angeles Lakers,4257973,2011-12
162,Randy Foye,SG,LA Clippers,4250000,2011-12
163,Jared Dudley,SF,Phoenix Suns,4250000,2011-12
164,Brandon Bass,PF,Boston Celtics,4250000,2011-12
165,Chris Andersen,PF,Denver Nuggets,4234000,2011-12
166,Danilo Gallinari,PF,Denver Nuggets,4190182,2011-12
167,Bruce Bowen,SF,San Antonio Spurs,4100000,2011-12
168,Charlie Bell,SG,Golden State Warriors,4099920,2011-12
169,Greg Buckner,SG,Memphis Grizzlies,4080915,2011-12
170,Udonis Haslem,PF,Miami Heat,4060000,2011-12
171,Spencer Hawes,PF,Philadelphia 76ers,4051024,2011-12
172,Wesley Johnson,F,Minnesota Timberwolves,4006080,2011-12
173,Jordan Farmar,PG,New Jersey Nets,4000000,2011-12
174,Anthony Morrow,SG,New Jersey Nets,4000000,2011-12
175,Hakim Warrick,PF,Phoenix Suns,4000000,2011-12
176,Mario Chalmers,G,Miami Heat,4000000,2011-12
177,Steve Blake,PG,Los Angeles Lakers,4000000,2011-12
178,Ryan Gomes,SF,LA Clippers,4000000,2011-12
179,Tiago Splitter,C,San Antonio Spurs,3944000,2011-12
180,Matt Carroll,SG,Charlotte Bobcats,3900000,2011-12
181,DeMarcus Cousins,C,Sacramento Kings,3880800,2011-12
182,Eric Gordon,G,New Orleans Hornets,3831184,2011-12
183,Dorell Wright,SF,Golden State Warriors,3823000,2011-12
184,Nazr Mohammed,C,Oklahoma City Thunder,3750000,2011-12
185,Mike Dunleavy,SG,Milwaukee Bucks,3750000,2011-12
186,Tristan Thompson,C,Cleveland Cavaliers,3726600,2011-12
187,CJ Miles,G,Utah Jazz,3700000,2011-12
188,Nick Young,G,LA Clippers,3695857,2011-12
189,Luke Ridnour,PG,Minnesota Timberwolves,3680000,2011-12
190,Matt Bonner,C,San Antonio Spurs,3630000,2011-12
191,Shannon Brown,PG,Phoenix Suns,3500000,2011-12
192,Carlos Delfino,SG,Milwaukee Bucks,3500000,2011-12
193,Shaun Livingston,G,Milwaukee Bucks,3500000,2011-12
194,Ricky Rubio,PG,Minnesota Timberwolves,3480120,2011-12
195,Raja Bell,SG,Utah Jazz,3480000,2011-12
196,Jonny Flynn,PG,Portland Trail Blazers,3414720,2011-12
197,C.J. Watson,PG,Chicago Bulls,3400000,2011-12
198,Marco Belinelli,G,New Orleans Hornets,3377604,2011-12
199,DeMar DeRozan,G,Toronto Raptors,3344250,2011-12
200,Timofey Mozgov,C,Denver Nuggets,3343896,2011-12
201,Daequan Cook,SG,Oklahoma City Thunder,3341558,2011-12
202,Thabo Sefolosha,F,Oklahoma City Thunder,3300000,2011-12
203,Ekpe Udoh,F,Milwaukee Bucks,3294960,2011-12
204,Nick Collison,F,Oklahoma City Thunder,3272997,2011-12
205,Chris Duhon,PG,Orlando Magic,3250000,2011-12
206,Will Bynum,PG,Detroit Pistons,3250000,2011-12
207,Johan Petro,C,New Jersey Nets,3250000,2011-12
208,D.J. Augustin,G,Charlotte Bobcats,3236470,2011-12
209,Tony Allen,SG,Memphis Grizzlies,3150000,2011-12
210,Shawne Williams,SF,New Jersey Nets,3135000,2011-12
211,Shane Battier,SF,Miami Heat,3135000,2011-12
212,Stephen Curry,G,Golden State Warriors,3117120,2011-12
213,Brook Lopez,C,New Jersey Nets,3076983,2011-12
214,Jan Vesely,PF,Washington Wizards,3065040,2011-12
215,Corey Brewer,F,Denver Nuggets,3059000,2011-12
216,Jerryd Bayless,G,Toronto Raptors,3042280,2011-12
217,Greg Monroe,C,Detroit Pistons,3007920,2011-12
218,Jason Thompson,PF,Sacramento Kings,3001284,2011-12
219,Travis Outlaw,SF,Sacramento Kings,3000000,2011-12
220,Jeff Foster,PF,Indiana Pacers,3000000,2011-12
221,Josh McRoberts,PF,Los Angeles Lakers,3000000,2011-12
222,Chris Wilcox,PF,Boston Celtics,3000000,2011-12
223,Vince Carter,G,Dallas Mavericks,3000000,2011-12
224,Anthony Randolph,SF,Minnesota Timberwolves,2911231,2011-12
225,Robin Lopez,C,Phoenix Suns,2862602,2011-12
226,Julian Wright,SF,Toronto Raptors,2858057,2011-12
227,Jordan Hill,C,Los Angeles Lakers,2855760,2011-12
228,Mark Madsen,PF,Minnesota Timberwolves,2840000,2011-12
229,James Johnson,PF,Toronto Raptors,2812006,2011-12
230,Bismack Biyombo,C,Charlotte Bobcats,2798040,2011-12
231,Lou Amundson,PF,Indiana Pacers,2763450,2011-12
232,Al-Farouq Aminu,SF,New Orleans Hornets,2755560,2011-12
233,Eduardo Najera,PF,Charlotte Bobcats,2750000,2011-12
234,Marreese Speights,F,Memphis Grizzlies,2721255,2011-12
235,Gordon Hayward,SF,Utah Jazz,2709720,2011-12
236,Dahntay Jones,SG,Indiana Pacers,2700000,2011-12
237,David Andersen,C,Fenerbahce Ulker Fenerbahce Ulker,2685185,2011-12
238,Jrue Holiday,G,Philadelphia 76ers,2674852,2011-12
239,Roy Hibbert,C,Indiana Pacers,2588590,2011-12
240,Brandon Knight,PG,Detroit Pistons,2563320,2011-12
241,Ersan Ilyasova,PF,Milwaukee Bucks,2541000,2011-12
242,Kenyon Martin,F,LA Clippers,2500000,2011-12
243,Aaron Gray,C,Toronto Raptors,2500000,2011-12
244,Reggie Williams,SF,Charlotte Bobcats,2500000,2011-12
245,Jason Smith,F,New Orleans Hornets,2500000,2011-12
246,DeShawn Stevenson,SG,New Jersey Nets,2500000,2011-12
247,Brandon Jennings,G,Milwaukee Bucks,2493720,2011-12
248,JaVale McGee,C,Denver Nuggets,2462400,2011-12
249,Quentin Richardson,SF,Orlando Magic,2446200,2011-12
250,Paul George,F,Indiana Pacers,2406240,2011-12
251,Ricky Davis,SG,LA Clippers,2400000,2011-12
252,Kemba Walker,PG,Charlotte Bobcats,2356320,2011-12
253,JJ Hickson,C,Portland Trail Blazers,2354537,2011-12
254,Jimmer Fredette,G,Sacramento Kings,2339040,2011-12
255,JR Smith,G,New York Knicks,2338709,2011-12
256,Derek Fisher,PG,Oklahoma City Thunder,2329545,2011-12
257,Cole Aldrich,C,Oklahoma City Thunder,2286000,2011-12
258,Gerald Henderson,SG,Charlotte Bobcats,2250600,2011-12
259,Anthony Parker,SG,Cleveland Cavaliers,2250000,2011-12
260,Keyon Dooling,PG,Boston Celtics,2246400,2011-12
261,Ben Wallace,PF,Detroit Pistons,2246400,2011-12
262,Ryan Anderson,PF,Orlando Magic,2244601,2011-12
263,Courtney Lee,G,Houston Rockets,2225093,2011-12
264,Ed Davis,C,Toronto Raptors,2207040,2011-12
265,Kosta Koufos,C,Denver Nuggets,2203792,2011-12
266,Xavier Henry,SG,New Orleans Hornets,2171640,2011-12
267,Nicolas Batum,F,Portland Trail Blazers,2155365,2011-12
268,Josh Howard,SF,Utah Jazz,2150000,2011-12
269,Tyler Hansbrough,PF,Indiana Pacers,2138040,2011-12
270,Klay Thompson,G,Golden State Warriors,2126520,2011-12
271,Alec Burks,SG,Utah Jazz,2111160,2011-12
272,Goran Dragic,PG,Houston Rockets,2108000,2011-12
273,Anthony Johnson,PG,Orlando Magic,2062800,2011-12
274,Brent Barry,SG,Houston Rockets,2062800,2011-12
275,Anthony Tolliver,PF,Minnesota Timberwolves,2050000,2011-12
276,Darrell Arthur,F,Phoenix Suns,2027119,2011-12
277,Aaron Brooks,G,Minnesota Timberwolves,2016692,2011-12
278,Markieff Morris,PF,Phoenix Suns,2005560,2011-12
279,D.J. White,PF,Charlotte Bobcats,2001167,2011-12
280,Chauncey Billups,PG,LA Clippers,2000032,2011-12
281,Dante Cunningham,F,Memphis Grizzlies,2000000,2011-12
282,Earl Watson,PG,Utah Jazz,2000000,2011-12
283,Rasho Nesterovic,C,Toronto Raptors,1990000,2011-12
284,Patrick Patterson,PF,Houston Rockets,1959960,2011-12
285,Austin Daye,SF,Detroit Pistons,1929600,2011-12
286,Matt Barnes,SF,Los Angeles Lakers,1906200,2011-12
287,Luke Babbitt,F,Portland Trail Blazers,1892280,2011-12
288,Larry Sanders,PF,Milwaukee Bucks,1861920,2011-12
289,Omer Asik,C,Chicago Bulls,1857500,2011-12
290,Dikembe Mutombo,C,Houston Rockets,1823280,2011-12
291,Marcus Morris Sr.,F,Houston Rockets,1823280,2011-12
292,Kawhi Leonard,F,San Antonio Spurs,1809840,2011-12
293,Keith Bogans,SG,New Jersey Nets,1728000,2011-12
294,Nikola Vucevic,C,Philadelphia 76ers,1719480,2011-12
295,Kevin Seraphin,C,Washington Wizards,1680360,2011-12
296,Donte Greene,SF,Sacramento Kings,1679914,2011-12
297,Renaldo Balkman,SF,New York Knicks,1675000,2011-12
298,Ty Lawson,G,Denver Nuggets,1654440,2011-12
299,Eric Bledsoe,SG,LA Clippers,1596360,2011-12
300,Jeff Teague,PG,Atlanta Hawks,1579920,2011-12
301,Sebastian Telfair,PG,Phoenix Suns,1567500,2011-12
302,Gustavo Ayon,PF,New Orleans Hornets,1567500,2011-12
303,Iman Shumpert,G,New York Knicks,1563120,2011-12
304,George Hill,PG,Indiana Pacers,1540493,2011-12
305,Avery Bradley,PG,Boston Celtics,1524480,2011-12
306,Eric Maynor,PG,Oklahoma City Thunder,1516680,2011-12
307,Greg Oden,C,Miami Heat,1500000,2011-12
308,Jeff Ayres,F,Indiana Pacers,1500000,2011-12
309,Gary Forbes,F,Toronto Raptors,1500000,2011-12
310,James Jones,SG,Miami Heat,1500000,2011-12
311,Chris Singleton,SF,Washington Wizards,1485000,2011-12
312,Alexis Ajinca,C,LA Clippers,1467840,2011-12
313,Darren Collison,PG,Indiana Pacers,1455960,2011-12
314,Elliot Williams,SG,Portland Trail Blazers,1442880,2011-12
315,Tobias Harris,F,Milwaukee Bucks,1418160,2011-12
316,Craig Brackins,PF,Philadelphia 76ers,1404960,2011-12
317,James Anderson,SG,San Antonio Spurs,1402540,2011-12
318,Zydrunas Ilgauskas,C,Miami Heat,1399507,2011-12
319,Eddie House,SG,Miami Heat,1399507,2011-12
320,Nolan Smith,PG,Portland Trail Blazers,1365720,2011-12
321,Jamaal Tinsley,PG,Utah Jazz,1352181,2011-12
322,Kurt Thomas,PF,Portland Trail Blazers,1352181,2011-12
323,Shaquille O'Neal,C,Boston Celtics,1352181,2011-12
324,Roko-Leni Ukic,PG,Milwaukee Bucks,1350000,2011-12
325,Omri Casspi,F,Cleveland Cavaliers,1341960,2011-12
326,Hamed Ehaddadi,C,Memphis Grizzlies,1300000,2011-12
327,Trevor Booker,F,Washington Wizards,1294920,2011-12
328,Byron Mullens,C,Charlotte Bobcats,1288200,2011-12
329,Serge Ibaka,F,Oklahoma City Thunder,1288200,2011-12
330,Kenneth Faried,F,Denver Nuggets,1254720,2011-12
331,Damion James,SF,New Jersey Nets,1243080,2011-12
332,Rodrigue Beaubois,PG,Dallas Mavericks,1236720,2011-12
333,Brian Cook,PF,Washington Wizards,1223166,2011-12
334,Royal Ivey,PG,Oklahoma City Thunder,1200000,2011-12
335,Taj Gibson,F,Chicago Bulls,1195680,2011-12
336,Dominique Jones,SG,Dallas Mavericks,1193280,2011-12
337,Sam Young,SF,Philadelphia 76ers,1184750,2011-12
338,Earl Clark,SF,Orlando Magic,1160000,2011-12
339,Reggie Jackson,PG,Oklahoma City Thunder,1156320,2011-12
340,Wayne Ellington,SG,Minnesota Timberwolves,1154040,2011-12
341,Quincy Pondexter,F,Memphis Grizzlies,1153800,2011-12
342,Toney Douglas,PG,New York Knicks,1145640,2011-12
343,Jordan Hamilton,SG,Denver Nuggets,1121520,2011-12
344,Jordan Crawford,G,Washington Wizards,1120440,2011-12
345,Greivis Vasquez,PG,New Orleans Hornets,1113600,2011-12
346,Stephen Graham,SF,Milwaukee Bucks,1106941,2011-12
347,Joey Graham,SF,Cleveland Cavaliers,1106941,2011-12
348,Daniel Orton,C,Orlando Magic,1105560,2011-12
349,Christian Eyenga,SF,Los Angeles Lakers,1097520,2011-12
350,Lazar Hayward,SF,Oklahoma City Thunder,1097520,2011-12
351,Cory Joseph,PG,San Antonio Spurs,1074720,2011-12
352,Alando Tucker,SF,Minnesota Timberwolves,1071720,2011-12
353,Von Wafer,SG,Orlando Magic,1069509,2011-12
354,MarShon Brooks,G,New Jersey Nets,1063865,2011-12
355,Stephen Jackson,SF,San Antonio Spurs,1059750,2011-12
356,DeJuan Blair,C,San Antonio Spurs,1054000,2011-12
357,JaJuan Johnson,PF,Boston Celtics,1042320,2011-12
358,Quinton Ross,SF,Brooklyn Nets,1033342,2011-12
359,Jawad Williams,SF,Cleveland Cavaliers,1029389,2011-12
360,Earl Barron,C,Golden State Warriors,1027424,2011-12
361,Jimmy Butler III,F,Chicago Bulls,1020960,2011-12
362,Jon Brockman,PF,Milwaukee Bucks,1000000,2011-12
363,Jeremy Pargo,PG,Memphis Grizzlies,1000000,2011-12
364,Shavlik Randolph,PF,Denver Nuggets,992680,2011-12
365,Ian Mahinmi,C,Dallas Mavericks,915852,2011-12
366,John Lucas III,PG,Chicago Bulls,915852,2011-12
367,Brandan Wright,F,Dallas Mavericks,915852,2011-12
368,Henry Walker,SF,New York Knicks,885120,2011-12
369,DeMarre Carroll,F,Utah Jazz,885120,2011-12
370,Alexander Johnson,SF,Miami Heat,885120,2011-12
371,Pops Mensah-Bonsu,PF,Denver Nuggets,885120,2011-12
372,Salim Stoudamire,SG,Atlanta Hawks,884881,2011-12
373,Patrick Ewing Jr.,SF,New Orleans Pelicans,884293,2011-12
374,Quincy Douby,SG,Sacramento Kings,855189,2011-12
375,Marcus Haislip,F,San Antonio Spurs,855189,2011-12
376,Mouhamed Sene,C,New York Knicks,855189,2011-12
377,Anthony Roberson,SG,Chicago Bulls,855189,2011-12
378,Tarence Kinsey,SG,Golden State Warriors,855189,2011-12
379,Javaris Crittenton,PG,Washington Wizards,854389,2011-12
380,Jannero Pargo,PG,Atlanta Hawks,854389,2011-12
381,Darius Miles,SF,Memphis Grizzlies,854389,2011-12
382,Kyle Weaver,SG,Memphis Grizzlies,854389,2011-12
383,Derrick Byars,SF,San Antonio Spurs,854389,2011-12
384,Luke Jackson,SF,Miami Heat,854389,2011-12
385,Josh Davis,SF,Memphis Grizzlies,854389,2011-12
386,Kenny Thomas,PF,Sacramento Kings,854389,2011-12
387,Jodie Meeks,G,Philadelphia 76ers,854389,2011-12
388,Mickael Pietrus,SF,Boston Celtics,854389,2011-12
389,Jamaal Magloire,C,Toronto Raptors,854389,2011-12
390,Melvin Ely,C,Washington Wizards,854389,2011-12
391,Maurice Evans,SG,Washington Wizards,854389,2011-12
392,Hassan Whiteside,C,Sacramento Kings,854389,2011-12
393,Dominic McGuire,PF,Golden State Warriors,854389,2011-12
394,Mike Harris,SF,Utah Jazz,854389,2011-12
395,Dwayne Jones II,PF,Utah Jazz,854389,2011-12
396,Derrick Brown,SF,Charlotte Bobcats,854389,2011-12
397,Malik Hairston,SG,San Antonio Spurs,854389,2011-12
398,Tracy McGrady,SG,Atlanta Hawks,854389,2011-12
399,Trey Johnson,SG,New Orleans Hornets,854389,2011-12
400,Antoine Wright,SF,Sacramento Kings,854389,2011-12
401,Sean May,C,Sacramento Kings,854389,2011-12
402,Luther Head,PG,Sacramento Kings,854389,2011-12
403,Reggie Evans,C,LA Clippers,854389,2011-12
404,Roger Mason Jr.,SG,Washington Wizards,854389,2011-12
405,Coby Karl,PG,Denver Nuggets,854389,2011-12
406,Craig Smith,PF,Portland Trail Blazers,854389,2011-12
407,Fabricio Oberto,C,Portland Trail Blazers,854389,2011-12
408,Sasha Pavlovic,SG,Boston Celtics,854389,2011-12
409,Jared Jeffries,PF,New York Knicks,854389,2011-12
410,A.J. Price,PG,Indiana Pacers,854389,2011-12
411,Ronnie Price,PG,Phoenix Suns,854389,2011-12
412,Danny Green,F,San Antonio Spurs,854389,2011-12
413,Sonny Weems,SG,Philadelphia 76ers,854389,2011-12
414,Francisco Elson,C,Philadelphia 76ers,854389,2011-12
415,Tony Battie,C,Philadelphia 76ers,854389,2011-12
416,Willie Green,SG,Atlanta Hawks,854389,2011-12
417,Larry Hughes,SG,Orlando Magic,854389,2011-12
418,Malik Allen,PF,Orlando Magic,854389,2011-12
419,DaJuan Summers,SF,New Orleans Hornets,854389,2011-12
420,Didier Ilunga-Mbenga,C,New York Knicks,854389,2011-12
421,Baron Davis,PG,New York Knicks,854389,2011-12
422,Mike Bibby,PG,New York Knicks,854389,2011-12
423,Chase Budinger,SF,Houston Rockets,854389,2011-12
424,Jason Collins,C,Atlanta Hawks,854389,2011-12
425,Jerry Stackhouse,SF,Atlanta Hawks,854389,2011-12
426,Shelden Williams,C,New Jersey Nets,854389,2011-12
427,Maurice Ager,SF,Minnesota Timberwolves,854389,2011-12
428,Rasual Butler,SF,Toronto Raptors,854389,2011-12
429,Steve Novak,SF,New York Knicks,854389,2011-12
430,Marquis Daniels,SG,Boston Celtics,854389,2011-12
431,Josh Powell,PF,Milwaukee Bucks,854389,2011-12
432,Juwan Howard,PF,Miami Heat,854389,2011-12
433,Joe Smith,PF,Los Angeles Lakers,854389,2011-12
434,Theo Ratliff,C,Los Angeles Lakers,854389,2011-12
435,Sundiata Gaines,PG,New Jersey Nets,854389,2011-12
436,Darnell Jackson,PF,Indiana Pacers,854389,2011-12
437,Damien Wilkins,SG,Detroit Pistons,854389,2011-12
438,Joe Alexander,SF,Golden State Warriors,854389,2011-12
439,Hilton Armstrong,PF,Golden State Warriors,854389,2011-12
440,Jason Kapono,SG,Los Angeles Lakers,854389,2011-12
441,T.J. Ford,PG,San Antonio Spurs,854389,2011-12
442,Alonzo Gee,SF,Cleveland Cavaliers,854389,2011-12
443,Joey Dorsey,PF,Barcelona FC Barcelona,854389,2011-12
444,Anthony Carter,PG,Toronto Raptors,854389,2011-12
445,Delonte West,SG,Dallas Mavericks,854389,2011-12
446,Troy Murphy,PF,Los Angeles Lakers,854389,2011-12
447,Eddy Curry,NA,Miami Heat,854389,2011-12
448,Tim Thomas,PF,Dallas Mavericks,854389,2011-12
449,Brian Cardinal,PF,Dallas Mavericks,854389,2011-12
450,Chris Richard,PF,Chicago Bulls,854389,2011-12
451,Brian Scalabrine,PF,Chicago Bulls,854389,2011-12
452,Vladimir Radmanovic,SF,Atlanta Hawks,854389,2011-12
453,Chris Douglas-Roberts,SG,New Orleans Pelicans,854389,2011-12
454,D.J. Strawberry,SG,Phoenix Suns,854389,2011-12
455,Gary Neal,PG,San Antonio Spurs,854389,2011-12
456,Etan Thomas,C,Atlanta Hawks,854389,2011-12
457,Chandler Parsons,SF,Houston Rockets,850000,2011-12
458,Solomon Alabi,C,Toronto Raptors,830000,2011-12
459,Michael Redd,SG,Phoenix Suns,826828,2011-12
460,Paul Davis,C,Washington Wizards,825497,2011-12
461,Kevin Ollie,PG,Oklahoma City Thunder,825497,2011-12
462,Ryan Bowen,SF,Oklahoma City Thunder,825497,2011-12
463,Desmond Mason,SF,Sacramento Kings,825497,2011-12
464,Linton Johnson,PF,Chicago Bulls,825497,2011-12
465,James White,SG,New York Knicks,825497,2011-12
466,Jason Hart,PG,New Orleans Pelicans,825497,2011-12
467,Kareem Rush,SG,LA Clippers,825497,2011-12
468,Jermareo Davidson,PF,Golden State Warriors,825497,2011-12
469,Marcus Williams,SG,Denver Nuggets,825497,2011-12
470,Lindsey Hunter,SG,Phoenix Suns,825497,2011-12
471,Gabe Pruitt,PG,Boston Celtics,825497,2011-12
472,Lance Stephenson,G,Indiana Pacers,810000,2011-12
473,Tyler Honeycutt,SF,Sacramento Kings,809875,2011-12
474,Chris Quinn,PG,Cleveland Cavaliers,804131,2011-12
475,Sean Marks,PF,Portland Trail Blazers,799105,2011-12
476,Ike Diogu,PF,San Antonio Spurs,792377,2011-12
477,Solomon Jones,PF,New Orleans Hornets,792377,2011-12
478,Andy Rautins,SG,Toronto Raptors,788872,2011-12
479,Marcus Cousin,C,San Antonio Spurs,788872,2011-12
480,Da'Sean Butler,NA,null Unknown,788872,2011-12
481,Robert Vaden,SG,San Antonio Spurs,788872,2011-12
482,Zabian Dowdell,PG,Phoenix Suns,788872,2011-12
483,Terrico White,G,Perth Perth,788872,2011-12
484,Marqus Blakely,SF,Houston Rockets,788872,2011-12
485,Willie Warren,SG,LA Clippers,788872,2011-12
486,Pape Sy,SF,Atlanta Hawks,788872,2011-12
487,Magnum Rolle,NA,null Unknown,788872,2011-12
488,Nate Robinson,PG,Golden State Warriors,785487,2011-12
489,Jermaine Taylor,SG,Cleveland Cavaliers,780871,2011-12
490,Yi Jianlian,SF,Dallas Mavericks,771706,2011-12
491,Tony Gaffney,SF,Memphis Grizzlies,762195,2011-12
492,Jeremy Lin,G,New York Knicks,762195,2011-12
493,Landry Fields,SG,New York Knicks,762195,2011-12
494,Brian Butch,C,Utah Jazz,762195,2011-12
495,Hamady Ndiaye,C,Washington Wizards,762195,2011-12
496,Greg Stiemsma,C,Boston Celtics,762195,2011-12
497,Isaiah Thomas,G,Sacramento Kings,762195,2011-12
498,Garret Siler,C,Phoenix Suns,762195,2011-12
499,Taylor Griffin,PF,Phoenix Suns,762195,2011-12
500,Darington Hobson,SG,Milwaukee Bucks,762195,2011-12
501,Kenny Hasbrouck,NA,null Unknown,762195,2011-12
502,Derrick Caracter,PF,Flamengo Flamengo,762195,2011-12
503,Devin Ebanks,SF,Los Angeles Lakers,762195,2011-12
504,Chris Johnson,C,New Orleans Hornets,762195,2011-12
505,Samardo Samuels,PF,Cleveland Cavaliers,762195,2011-12
506,Luke Harangody,PF,Cleveland Cavaliers,762195,2011-12
507,Semih Erden,C,Cleveland Cavaliers,762195,2011-12
508,Curtis Jerrells,NA,null Unknown,762195,2011-12
509,Oliver Lafayette,G,Milan Olimpia,762195,2011-12
510,Jeremy Evans,F,Utah Jazz,762195,2011-12
511,Dexter Pittman,C,Miami Heat,762195,2011-12
512,Dontell Jefferson,SG,Charlotte Hornets,736420,2011-12
513,Mike Taylor,PG,LA Clippers,736420,2011-12
514,Joe Crawford,SG,New York Knicks,736420,2011-12
515,Sun Yue,SG,Los Angeles Lakers,736420,2011-12
516,Walter Sharpe,PF,Detroit Pistons,736420,2011-12
517,DeMarcus Nelson,SG,Chicago Bulls,736420,2011-12
518,Othello Hunter,SF,Madrid Real Madrid,736420,2011-12
519,Ime Udoka,F,Brooklyn Nets,708640,2011-12
520,Mike Wilks,PG,Oklahoma City Thunder,679821,2011-12
521,Brian Skinner,PF,Memphis Grizzlies,668434,2011-12
522,Allen Iverson,SG,Philadelphia 76ers,650686,2011-12
523,Jeremy Tyler,C,Golden State Warriors,650000,2011-12
524,Acie Law,PG,Golden State Warriors,633253,2011-12
525,Josh Selby,PG,Memphis Grizzlies,550000,2011-12
526,Trey Thompkins,PF,LA Clippers,535000,2011-12
527,Erick Dampier,C,Atlanta Hawks,530547,2011-12
528,Jason Williams,PG,Orlando Magic,524964,2011-12
529,Ish Smith,PG,Orlando Magic,522472,2011-12
530,Travis Leslie,PG,LA Clippers,500000,2011-12
531,Malcolm Lee,SG,Minnesota Timberwolves,500000,2011-12
532,Ryan Reid,PF,Oklahoma City Thunder,475000,2011-12
533,Cory Higgins,PG,Charlotte Bobcats,473604,2011-12
534,Shelvin Mack,G,Washington Wizards,473604,2011-12
535,Josh Harrellson,C,New York Knicks,473604,2011-12
536,Lavoy Allen,F,Philadelphia 76ers,473604,2011-12
537,Chris Wright,SF,Golden State Warriors,473604,2011-12
538,Sherron Collins,PG,Charlotte Hornets,473604,2011-12
539,Pooh Jeter,PG,Sacramento Kings,473604,2011-12
540,Terrel Harris,SG,Miami Heat,473604,2011-12
541,Charles Jenkins,PG,Golden State Warriors,473604,2011-12
542,Justin Harper,PF,Orlando Magic,473604,2011-12
543,E'Twaun Moore,G,Boston Celtics,473604,2011-12
544,Stanley Robinson,NA,null Unknown,473604,2011-12
545,Mychel Thompson,SF,Cleveland Cavaliers,473604,2011-12
546,Dennis Horner,PF,New Jersey Nets,473604,2011-12
547,Jordan Williams,C,New Jersey Nets,473604,2011-12
548,Brian Zoubek,NA,null Unknown,473604,2011-12
549,Greg Smith,PF,Houston Rockets,473604,2011-12
550,Jon Leuer,F,Milwaukee Bucks,473604,2011-12
551,Tiny Gallon,NA,null Unknown,473604,2011-12
552,Patrick Beverley,PG,Milwaukee Bucks,473604,2011-12
553,DeAndre Liggins,G,Orlando Magic,473604,2011-12
554,Andrew Goudelock,PG,Los Angeles Lakers,473604,2011-12
555,Matt Janning,SG,Denver Nuggets,473604,2011-12
556,Ivan Johnson,PF,Atlanta Hawks,473604,2011-12
557,Julyan Stone,G,Denver Nuggets,473604,2011-12
558,Tyshawn Taylor,PG,New Orleans Pelicans,473604,2011-12
559,Darius Morris,G,Los Angeles Lakers,473604,2011-12
560,Vernon Macklin,PF,Detroit Pistons,473604,2011-12
561,Jerome Jordan,C,New York Knicks,473604,2011-12
562,Carldell Johnson,PG,New Orleans Hornets,473604,2011-12
563,Trey Gilder,SF,Utah Jazz,457588,2011-12
564,Marcus Landry,SF,Milwaukee Bucks,457588,2011-12
565,Deron Washington,NA,null Unknown,457588,2011-12
566,Kyrylo Fesenko,C,Indiana Pacers,435000,2011-12
567,Joel Przybilla,C,Portland Trail Blazers,420304,2011-12
568,Gerald Green,G,New Jersey Nets,413413,2011-12
569,Peja Stojakovic,SF,Dallas Mavericks,402065,2011-12
570,Walker Russell Jr.,PG,Detroit Pistons,374300,2011-12
571,Ronny Turiaf,C,Miami Heat,319128,2011-12
572,Lance Thomas,F,New Orleans Hornets,305551,2011-12
573,Kelenna Azubuike,SF,Dallas Mavericks,280192,2011-12
574,Gilbert Arenas,PG,Memphis Grizzlies,261829,2011-12
575,Terrence Williams,SG,Sacramento Kings,254938,2011-12
576,Manny Harris,PG,Cleveland Cavaliers,252016,2011-12
577,Ryan Hollins,C,Boston Celtics,248048,2011-12
578,Boris Diaw,C,San Antonio Spurs,241158,2011-12
579,Bobby Simmons,SF,LA Clippers,234268,2011-12
580,Mustafa Shakur,PG,Oklahoma City Thunder,226162,2011-12
581,Earl Boykins,PG,Houston Rockets,220487,2011-12
582,Mike James,PG,Chicago Bulls,220487,2011-12
583,Alan Anderson,SG,Toronto Raptors,213597,2011-12
584,Patty Mills,PG,San Antonio Spurs,213517,2011-12
585,Al Thornton,SF,Golden State Warriors,211084,2011-12
586,Travis Diener,PG,Portland Trail Blazers,208802,2011-12
587,Leon Powe,PF,Memphis Grizzlies,201033,2011-12
588,Cartier Martin,PF,Washington Wizards,199816,2011-12
589,Carlos Arroyo,PG,Boston Celtics,196007,2011-12
590,Ben Uzoh,PG,Toronto Raptors,190548,2011-12
591,Donald Sloan,G,Cleveland Cavaliers,160414,2011-12
592,Courtney Fortson,PG,Houston Rockets,156595,2011-12
593,James Singleton,F,Washington Wizards,151585,2011-12
594,Mickell Gladness,C,Golden State Warriors,137498,2011-12
595,Blake Ahearn,G,Utah Jazz,117134,2011-12
596,Armon Johnson,PG,New Jersey Nets,104494,2011-12
597,Jamario Moon,SF,Charlotte Bobcats,96017,2011-12
598,Garrett Temple,G,Toronto Raptors,80703,2011-12
599,Morris Almond,SG,Washington Wizards,75793,2011-12
600,Mikki Moore,C,Golden State Warriors,75793,2011-12
601,Dan Gadzuric,C,New York Knicks,69393,2011-12
602,Jerome Dyson,PG,New Orleans Hornets,64930,2011-12
603,Diamon Simpson,SF,Houston Rockets,57291,2011-12
604,Darryl Watkins,C,New Orleans Hornets,55321,2011-12
605,Sean Williams,PF,Boston Celtics,49966,2011-12
606,Lester Hudson,SG,Memphis Grizzlies,48232,2011-12
607,Cedric Jackson,G,Cleveland Cavaliers,40375,2011-12
608,Jeff Foote,C,New Orleans Hornets,38194,2011-12
609,Othyus Jeffers,SG,Minnesota Timberwolves,35868,2011-12
610,D.J. Kennedy,SG,Cleveland Cavaliers,22916,2011-12
611,Larry Owens,SF,New Jersey Nets,22287,2011-12
612,Mario West,SG,Brooklyn Nets,20103,2011-12
613,Xavier Silas,G,Philadelphia 76ers,11458,2011-12
