﻿Rank,Player,Position,Team,Salary,Season
1,Kevin Garnett,PF,Boston Celtics,23751934,2007-08
2,Shaquille O'Neal,C,Phoenix Suns,21000000,2007-08
3,Jason Kidd,PG,Dallas Mavericks,19728000,2007-08
4,Jermaine O'Neal,C,Indiana Pacers,19728000,2007-08
5,Kobe Bryant,SF,Los Angeles Lakers,19490625,2007-08
6,Tim Duncan,C,San Antonio Spurs,19014188,2007-08
7,Allen Iverson,SG,Denver Nuggets,19012500,2007-08
8,Stephon Marbury,PG,New York Knicks,19012500,2007-08
9,Tracy McGrady,SG,Houston Rockets,18257750,2007-08
10,Baron Davis,PG,Golden State Warriors,16440000,2007-08
11,Shawn Marion,SG,Miami Heat,16440000,2007-08
12,Paul Pierce,SF,Boston Celtics,16360094,2007-08
13,Dirk Nowitzki,F,Dallas Mavericks,16360094,2007-08
14,Antawn Jamison,PF,Washington Wizards,16360094,2007-08
15,Ray Allen,SG,Boston Celtics,16000000,2007-08
16,Ben Wallace,PF,Cleveland Cavaliers,15500000,2007-08
17,Elton Brand,PF,LA Clippers,15344000,2007-08
18,Mike Bibby,PG,Atlanta Hawks,14983603,2007-08
19,Rashard Lewis,PF,Orlando Magic,14884951,2007-08
20,Michael Redd,SG,Milwaukee Bucks,14520000,2007-08
21,Amar'e Stoudemire,C,Phoenix Suns,13762775,2007-08
22,Yao Ming,C,Houston Rockets,13762775,2007-08
23,Pau Gasol,PF,Los Angeles Lakers,13735000,2007-08
24,Andrei Kirilenko,SF,Utah Jazz,13735000,2007-08
25,Joe Johnson,G,Atlanta Hawks,13488378,2007-08
26,Zach Randolph,F,New York Knicks,13333333,2007-08
27,Vince Carter,G,New Jersey Nets,13325000,2007-08
28,Kenyon Martin,F,Denver Nuggets,13250000,2007-08
29,Lamar Odom,PF,Los Angeles Lakers,13248596,2007-08
30,Dwyane Wade,G,Miami Heat,13041250,2007-08
31,Chris Bosh,PF,Toronto Raptors,13041250,2007-08
32,Carmelo Anthony,PF,Denver Nuggets,13041250,2007-08
33,LeBron James,F,Cleveland Cavaliers,13041250,2007-08
34,Rasheed Wallace,PF,Detroit Pistons,12540000,2007-08
35,Raef LaFrentz,C,Portland Trail Blazers,12440787,2007-08
36,Wally Szczerbiak,SG,Cleveland Cavaliers,12275000,2007-08
37,Richard Jefferson,F,New Jersey Nets,12200000,2007-08
38,Larry Hughes,SG,Chicago Bulls,12000084,2007-08
39,Gilbert Arenas,PG,Washington Wizards,11950400,2007-08
40,Peja Stojakovic,SF,New Orleans Hornets,11664000,2007-08
41,Carlos Boozer,PF,Utah Jazz,11593816,2007-08
42,Steve Nash,PG,Phoenix Suns,11375000,2007-08
43,Kirk Hinrich,SG,Chicago Bulls,11250000,2007-08
44,Jason Richardson,SG,Charlotte Bobcats,11111110,2007-08
45,David West,F,New Orleans Hornets,10650000,2007-08
46,Erick Dampier,C,Dallas Mavericks,10590500,2007-08
47,Tony Parker,G,San Antonio Spurs,10500000,2007-08
48,Brad Miller,C,Sacramento Kings,10500000,2007-08
49,Tyson Chandler,C,New Orleans Hornets,10500000,2007-08
50,Samuel Dalembert,C,Philadelphia 76ers,10251435,2007-08
51,Zydrunas Ilgauskas,C,Cleveland Cavaliers,10142156,2007-08
52,Marcus Camby,C,Denver Nuggets,10000000,2007-08
53,Chauncey Billups,PG,Detroit Pistons,10000000,2007-08
54,Richard Hamilton,SG,Detroit Pistons,10000000,2007-08
55,Andre Miller,PG,Philadelphia 76ers,9600000,2007-08
56,Josh Howard,SF,Dallas Mavericks,9500000,2007-08
57,Gerald Wallace,SF,Charlotte Bobcats,9500000,2007-08
58,Kwame Brown,C,Memphis Grizzlies,9379279,2007-08
59,Bobby Simmons,SF,Milwaukee Bucks,9280000,2007-08
60,Troy Murphy,PF,Indiana Pacers,9206349,2007-08
61,Manu Ginobili,G,San Antonio Spurs,9079811,2007-08
62,Boris Diaw,C,Phoenix Suns,9000000,2007-08
63,Mehmet Okur,C,Utah Jazz,9000000,2007-08
64,Eddy Curry,NA,New York Knicks,8947543,2007-08
65,Jason Williams,PG,Miami Heat,8937500,2007-08
66,Jason Terry,G,Dallas Mavericks,8898000,2007-08
67,Nene Hilario,C,Denver Nuggets,8840000,2007-08
68,Tayshaun Prince,SF,Detroit Pistons,8675620,2007-08
69,Chris Kaman,C,LA Clippers,8600000,2007-08
70,Andres Nocioni,SF,Chicago Bulls,8500000,2007-08
71,Caron Butler,SF,Washington Wizards,8468990,2007-08
72,Al Harrington,PF,Golden State Warriors,8425625,2007-08
73,Mike Miller,SG,Memphis Grizzlies,8376194,2007-08
74,Cuttino Mobley,SG,LA Clippers,8350000,2007-08
75,Antoine Walker,PF,Minnesota Timberwolves,8329640,2007-08
76,T.J. Ford,PG,Toronto Raptors,8275000,2007-08
77,Darius Miles,SF,Portland Trail Blazers,8250000,2007-08
78,Mike Dunleavy,SG,Indiana Pacers,8219008,2007-08
79,Quentin Richardson,SF,New York Knicks,8105500,2007-08
80,Kurt Thomas,PF,San Antonio Spurs,8091188,2007-08
81,Jamal Crawford,G,New York Knicks,7920000,2007-08
82,Mark Blount,C,Miami Heat,7901040,2007-08
83,Kenny Thomas,PF,Sacramento Kings,7875000,2007-08
84,Rasho Nesterovic,C,Toronto Raptors,7840000,2007-08
85,Mo Williams,PG,Milwaukee Bucks,7750000,2007-08
86,Metta World Peace,SF,Sacramento Kings,7400000,2007-08
87,Malik Rose,PF,New York Knicks,7101250,2007-08
88,Corey Maggette,SF,LA Clippers,7000000,2007-08
89,Aaron McKie,SG,Memphis Grizzlies,7000000,2007-08
90,Ricky Davis,SG,Miami Heat,6819000,2007-08
91,Jerry Stackhouse,SF,Dallas Mavericks,6750000,2007-08
92,Eric Snow,PG,Cleveland Cavaliers,6703125,2007-08
93,Stephen Jackson,SF,Golden State Warriors,6630000,2007-08
94,Luke Ridnour,PG,Seattle SuperSonics,6500000,2007-08
95,Darko Milicic,C,Memphis Grizzlies,6500000,2007-08
96,Chris Wilcox,PF,Seattle SuperSonics,6500000,2007-08
97,Drew Gooden,PF,Chicago Bulls,6453416,2007-08
98,Antonio McDyess,PF,Detroit Pistons,6373900,2007-08
99,Marquis Daniels,SG,Indiana Pacers,6373900,2007-08
100,Hedo Turkoglu,SF,Orlando Magic,6373900,2007-08
101,Etan Thomas,C,Washington Wizards,6373900,2007-08
102,Speedy Claxton,PG,Atlanta Hawks,6306182,2007-08
103,Jamaal Tinsley,PG,Indiana Pacers,6300000,2007-08
104,Jason Collins,C,Memphis Grizzlies,6100000,2007-08
105,Dwight Howard,C,Orlando Magic,6061274,2007-08
106,Marko Jaric,PG,Minnesota Timberwolves,6050000,2007-08
107,Udonis Haslem,PF,Miami Heat,6050000,2007-08
108,Matt Harpring,SF,Utah Jazz,6000000,2007-08
109,Shane Battier,SF,Houston Rockets,5883600,2007-08
110,Brian Cardinal,PF,Memphis Grizzlies,5850000,2007-08
111,Mike James,PG,New Orleans Hornets,5826893,2007-08
112,Shareef Abdur-Rahim,PF,Sacramento Kings,5800000,2007-08
113,Earl Watson,PG,Seattle SuperSonics,5800000,2007-08
114,Stromile Swift,PF,New Jersey Nets,5800000,2007-08
115,Antonio Daniels,PG,Washington Wizards,5800000,2007-08
116,Jerome James,C,New York Knicks,5800000,2007-08
117,Joel Przybilla,C,Portland Trail Blazers,5762575,2007-08
118,Dan Gadzuric,C,Milwaukee Bucks,5751130,2007-08
119,Nick Collison,F,Seattle SuperSonics,5750000,2007-08
120,Bobby Jackson,PG,Houston Rockets,5670000,2007-08
121,Nazr Mohammed,C,Charlotte Bobcats,5632200,2007-08
122,Jared Jeffries,PF,New York Knicks,5632200,2007-08
123,Tim Thomas,PF,LA Clippers,5632200,2007-08
124,Vladimir Radmanovic,SF,Los Angeles Lakers,5632200,2007-08
125,Leandro Barbosa,G,Phoenix Suns,5600000,2007-08
126,Donyell Marshall,PF,Seattle SuperSonics,5566965,2007-08
127,Jeff Foster,PF,Indiana Pacers,5500000,2007-08
128,Matt Carroll,SG,Charlotte Bobcats,5450000,2007-08
129,Emeka Okafor,C,Charlotte Bobcats,5427307,2007-08
130,Mikki Moore,C,Sacramento Kings,5356000,2007-08
131,Jason Kapono,SG,Toronto Raptors,5356000,2007-08
132,Anderson Varejao,C,Cleveland Cavaliers,5356000,2007-08
133,Joe Smith,PF,Cleveland Cavaliers,5205000,2007-08
134,Tony Battie,C,Orlando Magic,5200000,2007-08
135,Morris Peterson,SG,New Orleans Hornets,5000000,2007-08
136,Desmond Mason,SF,Milwaukee Bucks,5000000,2007-08
137,Brendan Haywood,C,Washington Wizards,5000000,2007-08
138,Andrew Bogut,C,Milwaukee Bucks,4991520,2007-08
139,Eduardo Najera,PF,Denver Nuggets,4952380,2007-08
140,Ben Gordon,SG,Chicago Bulls,4881669,2007-08
141,Andrea Bargnani,C,Toronto Raptors,4838880,2007-08
142,John Salmons,SF,Sacramento Kings,4752000,2007-08
143,Raja Bell,SG,Phoenix Suns,4750000,2007-08
144,Greg Oden,C,Portland Trail Blazers,4662000,2007-08
145,Rafer Alston,PG,Houston Rockets,4550000,2007-08
146,Kyle Korver,G,Utah Jazz,4500000,2007-08
147,Kendrick Perkins,C,Boston Celtics,4480912,2007-08
148,Marvin Williams,F,Atlanta Hawks,4466040,2007-08
149,Shaun Livingston,G,LA Clippers,4404629,2007-08
150,Derek Fisher,PG,Los Angeles Lakers,4352000,2007-08
151,Trenton Hassell,SF,New Jersey Nets,4350000,2007-08
152,Anthony Parker,SG,Toronto Raptors,4350000,2007-08
153,LaMarcus Aldridge,C,Portland Trail Blazers,4329360,2007-08
154,Reggie Evans,C,Philadelphia 76ers,4320000,2007-08
155,Sasha Pavlovic,SG,Cleveland Cavaliers,4250000,2007-08
156,Steve Blake,PG,Portland Trail Blazers,4250000,2007-08
157,Keith Van Horn,PF,New Jersey Nets,4236997,2007-08
158,Damon Jones,PG,Cleveland Cavaliers,4172432,2007-08
159,Kevin Durant,F,Seattle SuperSonics,4171200,2007-08
160,Bruce Bowen,SF,San Antonio Spurs,4125000,2007-08
161,Deron Williams,PG,Utah Jazz,4010640,2007-08
162,Jorge Garbajosa,PF,Toronto Raptors,4000000,2007-08
163,Travis Outlaw,SF,Portland Trail Blazers,4000000,2007-08
164,Sarunas Jasikevicius,PG,Golden State Warriors,4000000,2007-08
165,Zaza Pachulia,C,Atlanta Hawks,4000000,2007-08
166,Luke Walton,SF,Los Angeles Lakers,4000000,2007-08
167,Carlos Arroyo,PG,Orlando Magic,4000000,2007-08
168,Devin Harris,G,New Jersey Nets,3995003,2007-08
169,Marcus Banks,PG,Miami Heat,3966207,2007-08
170,Darius Songaila,PF,Washington Wizards,3942000,2007-08
171,Adam Morrison,SF,Charlotte Bobcats,3887880,2007-08
172,Bob Sura,PG,Houston Rockets,3840000,2007-08
173,Pat Garrity,PF,Orlando Magic,3818750,2007-08
174,Greg Buckner,SG,Minnesota Timberwolves,3750746,2007-08
175,Al Horford,C,Atlanta Hawks,3745800,2007-08
176,Amir Johnson,F,Detroit Pistons,3666667,2007-08
177,Steven Hunter,C,Denver Nuggets,3638600,2007-08
178,Robert Horry,PF,San Antonio Spurs,3630000,2007-08
179,Chris Paul,G,New Orleans Hornets,3615960,2007-08
180,Keyon Dooling,PG,Orlando Magic,3596000,2007-08
181,Tyrus Thomas,PF,Chicago Bulls,3505320,2007-08
182,Fabricio Oberto,C,San Antonio Spurs,3500000,2007-08
183,Brian Cook,PF,Orlando Magic,3500000,2007-08
184,Mickael Pietrus,SF,Golden State Warriors,3470771,2007-08
185,Kevin Ollie,PG,Philadelphia 76ers,3441900,2007-08
186,Mike Conley,G,Memphis Grizzlies,3377160,2007-08
187,DeShawn Stevenson,SG,Washington Wizards,3348215,2007-08
188,Luol Deng,F,Chicago Bulls,3320339,2007-08
189,Rasual Butler,SF,New Orleans Hornets,3315000,2007-08
190,Fred Jones,SG,New York Knicks,3300000,2007-08
191,Raymond Felton,G,Charlotte Bobcats,3274440,2007-08
192,Lorenzen Wright,PF,Sacramento Kings,3250000,2007-08
193,Chris Duhon,PG,Chicago Bulls,3248000,2007-08
194,James Posey,SF,Boston Celtics,3206000,2007-08
195,Shelden Williams,C,Sacramento Kings,3174240,2007-08
196,Michael Doleac,C,Minnesota Timberwolves,3120000,2007-08
197,Charlie Bell,SG,Milwaukee Bucks,3106000,2007-08
198,Michael Finley,SG,San Antonio Spurs,3103000,2007-08
199,Trevor Ariza,SF,Los Angeles Lakers,3100000,2007-08
200,Willie Green,SG,Philadelphia 76ers,3094000,2007-08
201,Jeff Green,F,Seattle SuperSonics,3058200,2007-08
202,Chucky Atkins,PG,Denver Nuggets,3000000,2007-08
203,Francisco Elson,C,Seattle SuperSonics,3000000,2007-08
204,Jake Voskuhl,C,Milwaukee Bucks,3000000,2007-08
205,Matt Barnes,SF,Golden State Warriors,3000000,2007-08
206,Brian Scalabrine,PF,Boston Celtics,3000000,2007-08
207,Martell Webster,SF,Portland Trail Blazers,2974080,2007-08
208,Luis Scola,F,Houston Rockets,2916667,2007-08
209,Damien Wilkins,SG,Seattle SuperSonics,2900000,2007-08
210,James Jones,SG,Portland Trail Blazers,2900000,2007-08
211,Brandon Roy,SG,Portland Trail Blazers,2883120,2007-08
212,Anthony Johnson,PG,Sacramento Kings,2860000,2007-08
213,Andre Iguodala,F,Philadelphia 76ers,2804889,2007-08
214,Yi Jianlian,SF,Milwaukee Bucks,2777760,2007-08
215,Alonzo Mourning,C,Miami Heat,2762500,2007-08
216,Primoz Brezec,C,Toronto Raptors,2750000,2007-08
217,Charlie Villanueva,PF,Milwaukee Bucks,2715000,2007-08
218,Matt Bonner,C,San Antonio Spurs,2700000,2007-08
219,Andris Biedrins,C,Golden State Warriors,2636696,2007-08
220,Randy Foye,SG,Minnesota Timberwolves,2631840,2007-08
221,Robert Swift,C,Seattle SuperSonics,2601113,2007-08
222,Sebastian Telfair,PG,Minnesota Timberwolves,2562426,2007-08
223,Juan Dixon,SG,Detroit Pistons,2550000,2007-08
224,Corey Brewer,F,Minnesota Timberwolves,2535720,2007-08
225,Kris Humphries,PF,Toronto Raptors,2522913,2007-08
226,Chris Mihm,C,Los Angeles Lakers,2500000,2007-08
227,Bostjan Nachbar,SF,New Jersey Nets,2500000,2007-08
228,Channing Frye,F,Portland Trail Blazers,2487240,2007-08
229,Al Jefferson,C,Minnesota Timberwolves,2480885,2007-08
230,Andray Blatche,C,Washington Wizards,2479339,2007-08
231,Jose Calderon,G,Toronto Raptors,2471604,2007-08
232,Keith Bogans,SG,Orlando Magic,2440000,2007-08
233,Steve Francis,PG,Houston Rockets,2439333,2007-08
234,Mark Madsen,PF,Minnesota Timberwolves,2420000,2007-08
235,Rudy Gay,SF,Memphis Grizzlies,2411160,2007-08
236,Othella Harrington,PF,Charlotte Bobcats,2376000,2007-08
237,Devean George,SF,Dallas Mavericks,2369111,2007-08
238,Kirk Snyder,SG,Minnesota Timberwolves,2358433,2007-08
239,Jarron Collins,C,Utah Jazz,2350000,2007-08
240,Jackie Butler,C,San Antonio Spurs,2350000,2007-08
241,Brandan Wright,F,Golden State Warriors,2323080,2007-08
242,Jason Hart,PG,Utah Jazz,2300000,2007-08
243,Ike Diogu,PF,Indiana Pacers,2286360,2007-08
244,Bonzi Wells,SG,New Orleans Hornets,2284200,2007-08
245,Lindsey Hunter,SG,Detroit Pistons,2250000,2007-08
246,Josh Smith,PF,Atlanta Hawks,2243543,2007-08
247,Patrick O'Bryant,C,Golden State Warriors,2216400,2007-08
248,D.J. Augustin,G,Houston Rockets,2208960,2007-08
249,Andrew Bynum,C,Los Angeles Lakers,2172000,2007-08
250,DeSagana Diop,C,New Jersey Nets,2146000,2007-08
251,Joakim Noah,C,Chicago Bulls,2135400,2007-08
252,JR Smith,G,Denver Nuggets,2134067,2007-08
253,Mouhamed Sene,C,Seattle SuperSonics,2105520,2007-08
254,Dorell Wright,SF,Miami Heat,2040746,2007-08
255,Spencer Hawes,PF,Sacramento Kings,2028600,2007-08
256,JJ Redick,SG,Orlando Magic,2000160,2007-08
257,Jameer Nelson,G,Orlando Magic,1961609,2007-08
258,Vasileios Spanoulis,PG,Houston Rockets,1944000,2007-08
259,Walter Herrmann Heinrich,PF,Detroit Pistons,1944000,2007-08
260,Victor Khryapa,PF,Chicago Bulls,1928598,2007-08
261,Acie Law,PG,Atlanta Hawks,1927080,2007-08
262,Hilton Armstrong,PF,New Orleans Hornets,1900200,2007-08
263,Aaron Williams,C,LA Clippers,1890000,2007-08
264,Delonte West,SG,Cleveland Cavaliers,1889760,2007-08
265,Nenad Krstic,C,New Jersey Nets,1889760,2007-08
266,Carlos Delfino,SG,Toronto Raptors,1868141,2007-08
267,Tony Allen,SG,Boston Celtics,1868141,2007-08
268,Sean May,C,Charlotte Bobcats,1862160,2007-08
269,Thaddeus Young,F,Philadelphia 76ers,1830720,2007-08
270,Jannero Pargo,PG,New Orleans Hornets,1830000,2007-08
271,Grant Hill,SF,Phoenix Suns,1830000,2007-08
272,Maceo Baston,SF,Toronto Raptors,1830000,2007-08
273,Eddie Jones,SG,Dallas Mavericks,1830000,2007-08
274,Kevin Martin,SG,Sacramento Kings,1808121,2007-08
275,Thabo Sefolosha,F,Chicago Bulls,1805160,2007-08
276,Kosta Perovic,C,Golden State Warriors,1800000,2007-08
277,Rashad McCants,SG,Minnesota Timberwolves,1769160,2007-08
278,Sasha Vujacic,SG,Los Angeles Lakers,1756951,2007-08
279,David Wesley,SG,New Jersey Nets,1750000,2007-08
280,Chuck Hayes,PF,Houston Rockets,1750000,2007-08
281,Maurice Evans,SG,Orlando Magic,1740000,2007-08
282,Julian Wright,SF,New Orleans Hornets,1739160,2007-08
283,David Harrison,C,Indiana Pacers,1734316,2007-08
284,Ronnie Brewer,SF,Utah Jazz,1715040,2007-08
285,Antoine Wright,SF,Dallas Mavericks,1680600,2007-08
286,Al Thornton,SF,LA Clippers,1652280,2007-08
287,Cedric Simmons,SF,Chicago Bulls,1629120,2007-08
288,Brevin Knight,PG,LA Clippers,1600000,2007-08
289,Clifford Robinson,PF,Brooklyn Nets,1600000,2007-08
290,Joey Graham,SF,Toronto Raptors,1596600,2007-08
291,Adrian Griffin,G,Seattle SuperSonics,1593000,2007-08
292,Rodney Stuckey,PG,Detroit Pistons,1569600,2007-08
293,Rodney Carney,SG,Philadelphia 76ers,1547760,2007-08
294,Justin Reed,SF,Minnesota Timberwolves,1529873,2007-08
295,Danny Granger,SF,Indiana Pacers,1516800,2007-08
296,Travis Diener,PG,Indiana Pacers,1500000,2007-08
297,Eddie House,SG,Boston Celtics,1500000,2007-08
298,Nick Young,G,Washington Wizards,1491240,2007-08
299,Shawne Williams,SF,Indiana Pacers,1470360,2007-08
300,Gerald Green,G,Houston Rockets,1440960,2007-08
301,Sean Williams,PF,New Jersey Nets,1416600,2007-08
302,Hakim Warrick,PF,Memphis Grizzlies,1376040,2007-08
303,Marco Belinelli,G,Golden State Warriors,1345800,2007-08
304,Oleksiy Pecherov,C,Washington Wizards,1345800,2007-08
305,Quincy Douby,SG,Sacramento Kings,1333920,2007-08
306,Javaris Crittenton,PG,Memphis Grizzlies,1285200,2007-08
307,Renaldo Balkman,SF,New York Knicks,1280640,2007-08
308,Alexis Ajinca,C,LA Clippers,1276320,2007-08
309,Nate Robinson,PG,New York Knicks,1268160,2007-08
310,Jason Smith,F,Philadelphia 76ers,1233840,2007-08
311,Rajon Rondo,PG,Boston Celtics,1229280,2007-08
312,Jacque Vaughn,PG,San Antonio Spurs,1219590,2007-08
313,Eric Piatkowski,SG,Phoenix Suns,1219590,2007-08
314,Adonal Foyle,C,Orlando Magic,1219590,2007-08
315,Jarrett Jack,G,Portland Trail Blazers,1217400,2007-08
316,Jarvis Hayes,SF,Detroit Pistons,1200000,2007-08
317,Devin Brown,SG,Cleveland Cavaliers,1200000,2007-08
318,Daequan Cook,SG,Miami Heat,1184400,2007-08
319,Marcus Williams,PG,New Jersey Nets,1180200,2007-08
320,Francisco Garcia,SG,Sacramento Kings,1168800,2007-08
321,Jared Dudley,SF,Charlotte Bobcats,1137000,2007-08
322,Josh Boone,C,New Jersey Nets,1133040,2007-08
323,Shavlik Randolph,PF,Philadelphia 76ers,1130000,2007-08
324,Luther Head,PG,Houston Rockets,1122000,2007-08
325,Calvin Booth,C,Philadelphia 76ers,1103225,2007-08
326,Ronnie Price,PG,Utah Jazz,1100000,2007-08
327,Wilson Chandler,F,New York Knicks,1091640,2007-08
328,Kyle Lowry,G,Memphis Grizzlies,1087680,2007-08
329,Bernard Robinson,SG,Brooklyn Nets,1080000,2007-08
330,Johan Petro,C,Seattle SuperSonics,1077120,2007-08
331,Shannon Brown,PG,Chicago Bulls,1044120,2007-08
332,Jason Maxiell,PF,Detroit Pistons,1041360,2007-08
333,Linas Kleiza,SF,Denver Nuggets,1011360,2007-08
334,Jordan Farmar,PG,Los Angeles Lakers,1009560,2007-08
335,Morris Almond,SG,Utah Jazz,1005960,2007-08
336,Ime Udoka,F,San Antonio Spurs,1000000,2007-08
337,Wayne Simien,PF,Miami Heat,997800,2007-08
338,David Lee,PF,New York Knicks,990600,2007-08
339,Maurice Ager,SF,New Jersey Nets,974400,2007-08
340,Earl Barron,C,Miami Heat,973328,2007-08
341,Aaron Brooks,G,Houston Rockets,972720,2007-08
342,Mardy Collins,PG,New York Knicks,967320,2007-08
343,Donell Taylor,PG,Washington Wizards,945610,2007-08
344,CJ Miles,G,Utah Jazz,945610,2007-08
345,Arron Afflalo,G,Detroit Pistons,944520,2007-08
346,Alando Tucker,SF,Phoenix Suns,931920,2007-08
347,Melvin Ely,C,New Orleans Hornets,895341,2007-08
348,Chris Andersen,PF,New Orleans Hornets,885294,2007-08
349,Mike Hall,F,Washington Wizards,862456,2007-08
350,Justin Williams,PF,Houston Rockets,862456,2007-08
351,Mile Ilic,C,Brooklyn Nets,850000,2007-08
352,Quinton Ross,SF,LA Clippers,826046,2007-08
353,Randolph Morris,C,New York Knicks,810000,2007-08
354,Mickael Gelabale,SF,Seattle SuperSonics,802000,2007-08
355,Josh Powell,PF,LA Clippers,800000,2007-08
356,Salim Stoudamire,SG,Atlanta Hawks,783000,2007-08
357,Jeff McInnis,PG,Charlotte Bobcats,770610,2007-08
358,Sean Marks,PF,Phoenix Suns,770610,2007-08
359,Derek Anderson,SG,Charlotte Bobcats,770610,2007-08
360,Casey Jacobsen,SG,Memphis Grizzlies,770610,2007-08
361,Brian Skinner,PF,Phoenix Suns,770610,2007-08
362,Darrick Martin,PG,Toronto Raptors,770610,2007-08
363,James Singleton,F,Washington Wizards,770610,2007-08
364,Dwayne Jones II,PF,Cleveland Cavaliers,770610,2007-08
365,Royal Ivey,PG,Milwaukee Bucks,770610,2007-08
366,Michael Ruffin,PF,Milwaukee Bucks,770610,2007-08
367,Ryan Bowen,SF,New Orleans Hornets,770610,2007-08
368,Austin Croshere,PF,Golden State Warriors,770610,2007-08
369,Roger Mason Jr.,SG,Washington Wizards,770610,2007-08
370,Dan Dickau,PG,LA Clippers,770610,2007-08
371,Ronny Turiaf,C,Los Angeles Lakers,770610,2007-08
372,Von Wafer,SG,Portland Trail Blazers,770610,2007-08
373,Malik Allen,PF,Dallas Mavericks,770610,2007-08
374,Robert Hite,SG,Miami Heat,770610,2007-08
375,Darvin Ham,SF,Denver Nuggets,770610,2007-08
376,John Lucas III,PG,Minnesota Timberwolves,770610,2007-08
377,Stephen Graham,SF,Indiana Pacers,770610,2007-08
378,Orien Greene,PG,Sacramento Kings,770610,2007-08
379,Awvee Storey,SF,Milwaukee Bucks,770610,2007-08
380,Lynn Greer,PG,Milwaukee Bucks,770610,2007-08
381,Andre Brown,PF,Memphis Grizzlies,770610,2007-08
382,Anfernee Hardaway,SF,Miami Heat,770610,2007-08
383,Daniel Ewing,PG,LA Clippers,770610,2007-08
384,Brandon Bass,PF,Dallas Mavericks,770610,2007-08
385,Kareem Rush,SG,Indiana Pacers,770610,2007-08
386,Ruben Patterson,PF,LA Clippers,770610,2007-08
387,Monta Ellis,SG,Golden State Warriors,770610,2007-08
388,Dikembe Mutombo,C,Houston Rockets,770610,2007-08
389,Anthony Carter,PG,Denver Nuggets,770610,2007-08
390,Jamal Sampson,C,Denver Nuggets,770610,2007-08
391,Darrell Armstrong,PG,New Jersey Nets,770610,2007-08
392,Ryan Gomes,SF,Minnesota Timberwolves,770610,2007-08
393,Scot Pollard,C,Boston Celtics,770610,2007-08
394,Lou Williams,SG,Philadelphia 76ers,770610,2007-08
395,Juwan Howard,PF,Dallas Mavericks,761544,2007-08
396,Kyrylo Fesenko,C,Utah Jazz,750000,2007-08
397,Solomon Jones,PF,Atlanta Hawks,729000,2007-08
398,Eddie Gill,PG,Seattle SuperSonics,693549,2007-08
399,Yakhouba Diawara,SG,Denver Nuggets,687456,2007-08
400,Leon Powe,PF,Boston Celtics,687456,2007-08
401,Ryan Hollins,C,Charlotte Bobcats,687456,2007-08
402,Hassan Adams,SF,Toronto Raptors,687456,2007-08
403,Paul Davis,C,LA Clippers,687456,2007-08
404,Craig Smith,PF,Minnesota Timberwolves,687456,2007-08
405,Paul Millsap,PF,Utah Jazz,687456,2007-08
406,James Augustine,PF,Orlando Magic,687456,2007-08
407,Lou Amundson,PF,Philadelphia 76ers,687456,2007-08
408,James White,SG,New York Knicks,687456,2007-08
409,Devin Green,SG,Los Angeles Lakers,687456,2007-08
410,Will Conroy,PG,Minnesota Timberwolves,687456,2007-08
411,Steve Novak,SF,Houston Rockets,687456,2007-08
412,David Noel,SF,Milwaukee Bucks,687456,2007-08
413,Andre Owens,SG,Indiana Pacers,687456,2007-08
414,Tarence Kinsey,SG,Memphis Grizzlies,687456,2007-08
415,Pops Mensah-Bonsu,PF,Denver Nuggets,687456,2007-08
416,J.J. Barea,G,Dallas Mavericks,687456,2007-08
417,Chris Quinn,PG,Miami Heat,687456,2007-08
418,Daniel Gibson,SG,Cleveland Cavaliers,687456,2007-08
419,Kelenna Azubuike,SF,Golden State Warriors,687456,2007-08
420,Gabe Pruitt,PG,Boston Celtics,650000,2007-08
421,Jelani McCoy,PF,Denver Nuggets,634620,2007-08
422,Ian Mahinmi,C,San Antonio Spurs,625840,2007-08
423,Dahntay Jones,SG,Sacramento Kings,584757,2007-08
424,Richie Frahm,SG,LA Clippers,566625,2007-08
425,Beno Udrih,PG,Sacramento Kings,561544,2007-08
426,Juan Carlos Navarro,PG,Memphis Grizzlies,538090,2007-08
427,Jamario Moon,SF,Toronto Raptors,427163,2007-08
428,Thomas Gardner,SG,Chicago Bulls,427163,2007-08
429,Ramon Sessions,G,Milwaukee Bucks,427163,2007-08
430,Kevin Lyde,NA,null Unknown,427163,2007-08
431,Dominic McGuire,PF,Washington Wizards,427163,2007-08
432,Demetris Nichols,SF,Chicago Bulls,427163,2007-08
433,Mustafa Shakur,PG,Sacramento Kings,427163,2007-08
434,Darryl Watkins,C,Sacramento Kings,427163,2007-08
435,Coby Karl,PG,Los Angeles Lakers,427163,2007-08
436,Carl Landry,PF,Houston Rockets,427163,2007-08
437,Herbert Hill,NA,Philadelphia 76ers,427163,2007-08
438,Cheikh Samb,C,Detroit Pistons,427163,2007-08
439,Mario West,SG,Atlanta Hawks,427163,2007-08
440,Marcus Slaughter,C,Madrid Real Madrid,427163,2007-08
441,Larry Turner,NA,null Unknown,427163,2007-08
442,Elton Brown,NA,null Unknown,427163,2007-08
443,Glen Davis,PF,Boston Celtics,427163,2007-08
444,JamesOn Curry,PG,Chicago Bulls,427163,2007-08
445,Marcin Gortat,C,Orlando Magic,427163,2007-08
446,Jermareo Davidson,PF,Charlotte Bobcats,427163,2007-08
447,Sammy Mejia,NA,null Unknown,427163,2007-08
448,Aaron Gray,C,Chicago Bulls,427163,2007-08
449,Taurean Green,PG,Denver Nuggets,427163,2007-08
450,Jared Newson,NA,null Unknown,427163,2007-08
451,Josh McRoberts,PF,Portland Trail Blazers,427163,2007-08
452,Adam Haluska,NA,Houston Rockets,427163,2007-08
453,Chris Richard,PF,Minnesota Timberwolves,427163,2007-08
454,Anthony Tolliver,PF,New Orleans Pelicans,427163,2007-08
455,D.J. Strawberry,SG,Phoenix Suns,427163,2007-08
456,Brandon Wallace,NA,Boston Celtics,427163,2007-08
457,Jackie Manuel,NA,null Unknown,427163,2007-08
458,Chris Webber,C,Golden State Warriors,358107,2007-08
459,Earl Boykins,PG,Charlotte Bobcats,349041,2007-08
460,Damon Stoudamire,PG,San Antonio Spurs,335442,2007-08
461,Courtney Sims,C,Indiana Pacers,319116,2007-08
462,Keith Langford,SG,San Antonio Spurs,278912,2007-08
463,C.J. Watson,PG,Golden State Warriors,251272,2007-08
464,Jeremy Richardson,SG,San Antonio Spurs,238588,2007-08
465,Jamaal Magloire,C,Dallas Mavericks,231183,2007-08
466,P.J. Brown,PF,Boston Celtics,226650,2007-08
467,Ronald Murray,SG,Indiana Pacers,213051,2007-08
468,Gordan Giricek,SG,Phoenix Suns,199452,2007-08
469,Theo Ratliff,C,Detroit Pistons,199452,2007-08
470,Sam Cassell,PG,Boston Celtics,199452,2007-08
471,Tyronn Lue,PG,Dallas Mavericks,199452,2007-08
472,Smush Parker,PG,LA Clippers,181320,2007-08
473,Brent Barry,SG,San Antonio Spurs,172177,2007-08
474,Loren Woods,C,Houston Rockets,142201,2007-08
475,Nick Fazekas,PF,LA Clippers,125636,2007-08
476,Ira Newble,SF,Los Angeles Lakers,122391,2007-08
477,Mike Harris,SF,Houston Rockets,100509,2007-08
478,Didier Ilunga-Mbenga,C,Los Angeles Lakers,90660,2007-08
479,Lance Allred,C,Cleveland Cavaliers,87945,2007-08
480,Blake Ahearn,G,Miami Heat,67844,2007-08
481,Stephane Lasme,PF,Miami Heat,67844,2007-08
482,Ronald Dupree,SF,Seattle SuperSonics,63462,2007-08
483,Marcus Williams,SG,LA Clippers,50254,2007-08
484,Kasib Powell,SF,Miami Heat,36395,2007-08
485,DerMarr Johnson,SF,San Antonio Spurs,27198,2007-08
486,Bobby Jones,SF,San Antonio Spurs,24263,2007-08
487,Linton Johnson,PF,Toronto Raptors,4533,2007-08
488,Billy Thomas,SG,Cleveland Cavaliers,4533,2007-08
