﻿Rank,Player,Position,Team,Salary,Season
1,Kobe Bryant,SF,Los Angeles Lakers,25000000,2015-16
2,LeBron James,F,Cleveland Cavaliers,22970500,2015-16
3,Carmelo Anthony,PF,New York Knicks,22875000,2015-16
4,Dwight Howard,C,Houston Rockets,22359364,2015-16
5,Chris Bosh,PF,Miami Heat,22192730,2015-16
6,Chris Paul,G,LA Clippers,21468695,2015-16
7,Kevin Durant,F,Oklahoma City Thunder,20158622,2015-16
8,Derrick Rose,PG,Chicago Bulls,20093064,2015-16
9,Dwyane Wade,G,Miami Heat,20000000,2015-16
10,LaMarcus Aldridge,C,San Antonio Spurs,19689000,2015-16
11,Brook Lopez,C,Brooklyn Nets,19689000,2015-16
12,Kevin Love,F,Cleveland Cavaliers,19689000,2015-16
13,DeAndre Jordan,C,LA Clippers,19689000,2015-16
14,Marc Gasol,C,Memphis Grizzlies,19688000,2015-16
15,Blake Griffin,PF,LA Clippers,18907726,2015-16
16,Paul Millsap,PF,Atlanta Hawks,18671659,2015-16
17,Paul George,F,Indiana Pacers,17120106,2015-16
18,Russell Westbrook,G,Oklahoma City Thunder,16744218,2015-16
19,Kyrie Irving,G,Cleveland Cavaliers,16407501,2015-16
20,Greg Monroe,C,Milwaukee Bucks,16407500,2015-16
21,Jimmy Butler III,F,Chicago Bulls,16407500,2015-16
22,Kawhi Leonard,F,San Antonio Spurs,16407500,2015-16
23,Enes Freedom,C,Oklahoma City Thunder,16407500,2015-16
24,Wesley Matthews,SG,Dallas Mavericks,16407500,2015-16
25,Tobias Harris,F,Detroit Pistons,16000000,2015-16
26,John Wall,PG,Washington Wizards,15851950,2015-16
27,DeMarcus Cousins,C,Sacramento Kings,15851950,2015-16
28,James Harden,G,Houston Rockets,15756438,2015-16
29,Roy Hibbert,C,Los Angeles Lakers,15592217,2015-16
30,Eric Gordon,G,New Orleans Pelicans,15514031,2015-16
31,Klay Thompson,G,Golden State Warriors,15501000,2015-16
32,Gordon Hayward,SF,Utah Jazz,15409570,2015-16
33,Chandler Parsons,SF,Dallas Mavericks,15361500,2015-16
34,Goran Dragic,PG,Miami Heat,14783000,2015-16
35,Khris Middleton,F,Milwaukee Bucks,14700000,2015-16
36,Draymond Green,F,Golden State Warriors,14260870,2015-16
37,Tristan Thompson,C,Cleveland Cavaliers,14260870,2015-16
38,Danilo Gallinari,PF,Denver Nuggets,14000000,2015-16
39,Reggie Jackson,PG,Detroit Pistons,13913044,2015-16
40,Andrew Bogut,C,Golden State Warriors,13800000,2015-16
41,DeMarre Carroll,F,Toronto Raptors,13600000,2015-16
42,Eric Bledsoe,SG,Phoenix Suns,13500000,2015-16
43,Al Jefferson,C,Charlotte Hornets,13500000,2015-16
44,Brandon Knight,PG,Phoenix Suns,13500000,2015-16
45,Tony Parker,G,San Antonio Spurs,13437500,2015-16
46,Joakim Noah,C,Chicago Bulls,13400000,2015-16
47,Nicolas Batum,F,Charlotte Hornets,13125306,2015-16
48,Tyson Chandler,C,Phoenix Suns,13000000,2015-16
49,Nene Hilario,C,Washington Wizards,13000000,2015-16
50,Ricky Rubio,PG,Minnesota Timberwolves,12700000,2015-16
51,Robin Lopez,C,New York Knicks,12650000,2015-16
52,Rudy Gay,SF,Sacramento Kings,12403101,2015-16
53,Serge Ibaka,F,Oklahoma City Thunder,12250000,2015-16
54,Nikola Pekovic,C,Minnesota Timberwolves,12100000,2015-16
55,Kyle Lowry,G,Toronto Raptors,12000000,2015-16
56,Amir Johnson,F,Boston Celtics,12000000,2015-16
57,Kemba Walker,PG,Charlotte Hornets,12000000,2015-16
58,Derrick Favors,F,Utah Jazz,12000000,2015-16
59,Al Horford,C,Atlanta Hawks,12000000,2015-16
60,Andre Iguodala,F,Golden State Warriors,11710456,2015-16
61,Stephen Curry,G,Golden State Warriors,11370786,2015-16
62,Nikola Vucevic,C,Orlando Magic,11250000,2015-16
63,Thaddeus Young,F,Brooklyn Nets,11235955,2015-16
64,Kenneth Faried,F,Denver Nuggets,11235955,2015-16
65,Marcin Gortat,C,Washington Wizards,11217391,2015-16
66,Tyreke Evans,G,New Orleans Pelicans,10734586,2015-16
67,Jrue Holiday,G,New Orleans Pelicans,10595507,2015-16
68,Brendan Haywood,C,Portland Trail Blazers,10522500,2015-16
69,Wilson Chandler,F,Brooklyn Nets,10449438,2015-16
70,Monta Ellis,SG,Indiana Pacers,10300000,2015-16
71,Luol Deng,F,Miami Heat,10151612,2015-16
72,Gerald Wallace,SF,Philadelphia 76ers,10105855,2015-16
73,DeMar DeRozan,G,Toronto Raptors,10050000,2015-16
74,Danny Green,F,San Antonio Spurs,10000000,2015-16
75,Tiago Splitter,C,Atlanta Hawks,9756250,2015-16
76,Jeff Green,F,LA Clippers,9650000,2015-16
77,Zach Randolph,F,Memphis Grizzlies,9638555,2015-16
78,Mike Conley,G,Memphis Grizzlies,9588426,2015-16
79,Rajon Rondo,PG,Sacramento Kings,9500000,2015-16
80,Alec Burks,SG,Utah Jazz,9463484,2015-16
81,Omer Asik,C,New Orleans Pelicans,9213483,2015-16
82,Lance Stephenson,G,Memphis Grizzlies,9000000,2015-16
83,Iman Shumpert,G,Cleveland Cavaliers,8988765,2015-16
84,Kevin Garnett,PF,Minnesota Timberwolves,8500000,2015-16
85,Ryan Anderson,PF,New Orleans Pelicans,8500000,2015-16
86,Taj Gibson,F,Chicago Bulls,8500000,2015-16
87,Brandon Jennings,G,Orlando Magic,8344497,2015-16
88,Dirk Nowitzki,F,Dallas Mavericks,8333334,2015-16
89,Corey Brewer,F,Houston Rockets,8229375,2015-16
90,Trevor Ariza,SF,Houston Rockets,8193030,2015-16
91,Channing Frye,F,Cleveland Cavaliers,8193029,2015-16
92,Al-Farouq Aminu,SF,Portland Trail Blazers,8042895,2015-16
93,Arron Afflalo,G,New York Knicks,8000000,2015-16
94,Jeff Teague,PG,Atlanta Hawks,8000000,2015-16
95,O.J. Mayo,SG,Milwaukee Bucks,8000000,2015-16
96,George Hill,PG,Indiana Pacers,8000000,2015-16
97,Markieff Morris,PF,Washington Wizards,8000000,2015-16
98,Ersan Ilyasova,PF,Orlando Magic,7900000,2015-16
99,Avery Bradley,PG,Boston Celtics,7730337,2015-16
100,Kosta Koufos,C,Sacramento Kings,7700000,2015-16
101,Boris Diaw,C,San Antonio Spurs,7500000,2015-16
102,Pau Gasol,PF,Chicago Bulls,7448760,2015-16
103,Jose Calderon,G,New York Knicks,7402812,2015-16
104,JJ Redick,SG,LA Clippers,7085000,2015-16
105,Anthony Davis,F,New Orleans Pelicans,7070730,2015-16
106,Marvin Williams,F,Charlotte Hornets,7000000,2015-16
107,Cory Joseph,PG,Toronto Raptors,7000000,2015-16
108,Rodney Stuckey,PG,Indiana Pacers,7000000,2015-16
109,Lou Williams,SG,Los Angeles Lakers,7000000,2015-16
110,Ed Davis,C,Portland Trail Blazers,6980802,2015-16
111,Isaiah Thomas,G,Boston Celtics,6912869,2015-16
112,Jae Crowder,PF,Boston Celtics,6796117,2015-16
113,Greivis Vasquez,PG,Milwaukee Bucks,6600000,2015-16
114,Aron Baynes,C,Detroit Pistons,6500000,2015-16
115,Carl Landry,PF,Philadelphia 76ers,6500000,2015-16
116,Patrick Beverley,PG,Houston Rockets,6486486,2015-16
117,Michael Kidd-Gilchrist,F,Charlotte Hornets,6331404,2015-16
118,Jarrett Jack,G,Brooklyn Nets,6300000,2015-16
119,Jodie Meeks,G,Detroit Pistons,6270000,2015-16
120,Patrick Patterson,PF,Toronto Raptors,6268675,2015-16
121,Spencer Hawes,PF,Charlotte Hornets,6110034,2015-16
122,Marco Belinelli,G,Sacramento Kings,6060606,2015-16
123,Gerald Henderson,SG,Portland Trail Blazers,6000000,2015-16
124,Andrew Wiggins,F,Minnesota Timberwolves,5758680,2015-16
125,Kyle Korver,G,Atlanta Hawks,5746479,2015-16
126,Karl-Anthony Towns,C,Minnesota Timberwolves,5703600,2015-16
127,Bradley Beal,G,Washington Wizards,5694674,2015-16
128,Jamal Crawford,G,LA Clippers,5675000,2015-16
129,Courtney Lee,G,Charlotte Hornets,5675000,2015-16
130,Martell Webster,SF,New Orleans Pelicans,5613500,2015-16
131,Nikola Mirotic,F,Chicago Bulls,5543725,2015-16
132,Shaun Livingston,G,Golden State Warriors,5543725,2015-16
133,Josh McRoberts,PF,Miami Heat,5543725,2015-16
134,Mirza Teletovic,PF,Phoenix Suns,5500000,2015-16
135,P.J. Tucker,PF,Phoenix Suns,5500000,2015-16
136,Brandan Wright,F,Memphis Grizzlies,5464000,2015-16
137,Deron Williams,PG,Dallas Mavericks,5378974,2015-16
138,Tim Duncan,C,San Antonio Spurs,5250000,2015-16
139,Nick Young,G,Los Angeles Lakers,5219169,2015-16
140,Zaza Pachulia,C,Dallas Mavericks,5200000,2015-16
141,Victor Oladipo,SG,Orlando Magic,5192520,2015-16
142,Tony Allen,SG,Memphis Grizzlies,5158539,2015-16
143,Jabari Parker,PF,Milwaukee Bucks,5152440,2015-16
144,Dion Waiters,G,Oklahoma City Thunder,5138430,2015-16
145,D'Angelo Russell,G,Los Angeles Lakers,5103120,2015-16
146,Chris Kaman,C,Portland Trail Blazers,5016000,2015-16
147,Darren Collison,PG,Sacramento Kings,5013559,2015-16
148,C.J. Watson,PG,Orlando Magic,5000000,2015-16
149,JR Smith,G,Cleveland Cavaliers,5000000,2015-16
150,Jonas Jerebko,F,Boston Celtics,5000000,2015-16
151,Marcus Morris Sr.,F,Detroit Pistons,5000000,2015-16
152,Chris Andersen,PF,Memphis Grizzlies,5000000,2015-16
153,Timofey Mozgov,C,Cleveland Cavaliers,4950000,2015-16
154,Trevor Booker,F,Utah Jazz,4775000,2015-16
155,Otto Porter Jr.,SF,Washington Wizards,4662960,2015-16
156,Jonas Valanciunas,C,Toronto Raptors,4660482,2015-16
157,Joel Embiid,C,Philadelphia 76ers,4626960,2015-16
158,Jahlil Okafor,C,Philadelphia 76ers,4582680,2015-16
159,Kyle Singler,F,Oklahoma City Thunder,4500000,2015-16
160,Mike Dunleavy,SG,Chicago Bulls,4500000,2015-16
161,CJ Miles,G,Indiana Pacers,4394225,2015-16
162,Alexis Ajinca,C,New Orleans Pelicans,4389607,2015-16
163,Jared Dudley,SF,Washington Wizards,4375000,2015-16
164,Jameer Nelson,G,Denver Nuggets,4345000,2015-16
165,Mario Chalmers,G,Memphis Grizzlies,4300000,2015-16
166,Jason Smith,F,Orlando Magic,4300000,2015-16
167,J.J. Barea,G,Dallas Mavericks,4290000,2015-16
168,Damian Lillard,G,Portland Trail Blazers,4236287,2015-16
169,Cody Zeller,C,Charlotte Hornets,4204200,2015-16
170,Aaron Gordon,F,Orlando Magic,4171680,2015-16
171,Kristaps Porzingis,C,New York Knicks,4131720,2015-16
172,Vince Carter,G,Memphis Grizzlies,4088019,2015-16
173,Devin Harris,G,Dallas Mavericks,4053446,2015-16
174,Lavoy Allen,F,Indiana Pacers,4050000,2015-16
175,Ian Mahinmi,C,Indiana Pacers,4000000,2015-16
176,Jordan Hill,C,Indiana Pacers,4000000,2015-16
177,Derrick Williams,PF,New York Knicks,4000000,2015-16
178,Alan Anderson,SG,Washington Wizards,4000000,2015-16
179,Thabo Sefolosha,F,Atlanta Hawks,4000000,2015-16
180,Raymond Felton,G,Dallas Mavericks,3950313,2015-16
181,Nemanja Bjelica,PF,Minnesota Timberwolves,3950001,2015-16
182,Harrison Barnes,F,Golden State Warriors,3873398,2015-16
183,Marreese Speights,F,Golden State Warriors,3815000,2015-16
184,Alex Len,C,Phoenix Suns,3807120,2015-16
185,Dante Exum,G,Dallas Mavericks,3777720,2015-16
186,Nick Collison,F,Oklahoma City Thunder,3750000,2015-16
187,Kyle O'Quinn,C,New York Knicks,3750000,2015-16
188,Patty Mills,PG,San Antonio Spurs,3578947,2015-16
189,Terrence Ross,G,Toronto Raptors,3553917,2015-16
190,Matt Barnes,SF,Memphis Grizzlies,3542500,2015-16
191,Will Barton,G,Denver Nuggets,3533333,2015-16
192,Nerlens Noel,C,Philadelphia 76ers,3457800,2015-16
193,Marcus Smart,G,Boston Celtics,3431040,2015-16
194,Bojan Bogdanovic,SF,Brooklyn Nets,3425510,2015-16
195,Evan Turner,G,Boston Celtics,3425510,2015-16
196,Willie Cauley-Stein,C,Sacramento Kings,3398280,2015-16
197,Quincy Pondexter,F,San Antonio Spurs,3382023,2015-16
198,Paul Pierce,SF,LA Clippers,3376000,2015-16
199,Anthony Morrow,SG,Oklahoma City Thunder,3344000,2015-16
200,Mike Scott,PF,Atlanta Hawks,3333333,2015-16
201,Drew Gooden,PF,Washington Wizards,3300000,2015-16
202,Andre Drummond,C,Detroit Pistons,3272091,2015-16
203,KJ McDaniels,F,Houston Rockets,3189794,2015-16
204,Ben McLemore,SG,Sacramento Kings,3156600,2015-16
205,Randy Foye,SG,Oklahoma City Thunder,3135000,2015-16
206,Julius Randle,F,Los Angeles Lakers,3132240,2015-16
207,Austin Rivers,SG,LA Clippers,3110796,2015-16
208,Emmanuel Mudiay,G,Denver Nuggets,3102240,2015-16
209,Meyers Leonard,C,Portland Trail Blazers,3075880,2015-16
210,Jeremy Lamb,SG,Charlotte Hornets,3034356,2015-16
211,Jerryd Bayless,G,Milwaukee Bucks,3000000,2015-16
212,Brandon Bass,PF,Los Angeles Lakers,3000000,2015-16
213,D.J. Augustin,G,Denver Nuggets,3000000,2015-16
214,Anthony Tolliver,PF,Detroit Pistons,3000000,2015-16
215,John Henson,F,Milwaukee Bucks,2943221,2015-16
216,Tibor Pleiss,C,Utah Jazz,2900000,2015-16
217,Luis Scola,F,Toronto Raptors,2900000,2015-16
218,Maurice Harkless,SF,Portland Trail Blazers,2894059,2015-16
219,Kentavious Caldwell-Pope,G,Detroit Pistons,2891760,2015-16
220,Nik Stauskas,G,Philadelphia 76ers,2869440,2015-16
221,Brian Roberts,PG,Portland Trail Blazers,2854940,2015-16
222,Udonis Haslem,PF,Miami Heat,2854940,2015-16
223,Kirk Hinrich,SG,Atlanta Hawks,2854940,2015-16
224,Dante Cunningham,F,New Orleans Pelicans,2850000,2015-16
225,Stanley Johnson,SF,Detroit Pistons,2841960,2015-16
226,Furkan Aldemir,PF,Philadelphia 76ers,2836768,2015-16
227,Omri Casspi,F,Sacramento Kings,2836186,2015-16
228,Bismack Biyombo,C,Toronto Raptors,2814000,2015-16
229,Manu Ginobili,G,San Antonio Spurs,2814000,2015-16
230,Darrell Arthur,F,Denver Nuggets,2814000,2015-16
231,Sonny Weems,SG,Philadelphia 76ers,2814000,2015-16
232,Kevin Seraphin,C,New York Knicks,2814000,2015-16
233,Luke Ridnour,PG,Toronto Raptors,2750000,2015-16
234,Trey Burke,PG,Utah Jazz,2658240,2015-16
235,Noah Vonleh,PF,Portland Trail Blazers,2637720,2015-16
236,Tyler Zeller,C,Boston Celtics,2616975,2015-16
237,Frank Kaminsky,F,Charlotte Hornets,2612520,2015-16
238,Jared Sullinger,C,Boston Celtics,2569260,2015-16
239,CJ McCollum,G,Portland Trail Blazers,2525160,2015-16
240,Leandro Barbosa,G,Golden State Warriors,2500000,2015-16
241,James Johnson,PF,Toronto Raptors,2500000,2015-16
242,Justise Winslow,PF,Miami Heat,2481720,2015-16
243,Shelvin Mack,G,Utah Jazz,2433333,2015-16
244,Michael Carter-Williams,G,Milwaukee Bucks,2399040,2015-16
245,Doug McDermott,F,Chicago Bulls,2380440,2015-16
246,Myles Turner,C,Indiana Pacers,2357760,2015-16
247,Evan Fournier,SG,Orlando Magic,2288205,2015-16
248,Steven Adams,C,Oklahoma City Thunder,2279040,2015-16
249,Aaron Brooks,G,Chicago Bulls,2250000,2015-16
250,Trey Lyles,PF,Utah Jazz,2239800,2015-16
251,Ramon Sessions,G,Washington Wizards,2170465,2015-16
252,Danny Granger,SF,Detroit Pistons,2170465,2015-16
253,Beno Udrih,PG,Miami Heat,2170465,2015-16
254,Steve Blake,PG,Detroit Pistons,2170465,2015-16
255,Kelly Olynyk,F,Boston Celtics,2165160,2015-16
256,Zach LaVine,G,Minnesota Timberwolves,2148360,2015-16
257,Kendall Marshall,PG,Philadelphia 76ers,2144772,2015-16
258,Jeremy Lin,G,Charlotte Hornets,2139000,2015-16
259,Gary Neal,PG,Washington Wizards,2139000,2015-16
260,Devin Booker,G,Phoenix Suns,2127840,2015-16
261,Miles Plumlee,C,Milwaukee Bucks,2109294,2015-16
262,Mo Williams,PG,Cleveland Cavaliers,2100000,2015-16
263,David Lee,PF,Dallas Mavericks,2085671,2015-16
264,Shabazz Muhammad,F,Minnesota Timberwolves,2056920,2015-16
265,Joe Ingles,F,Utah Jazz,2050000,2015-16
266,T.J. Warren,SF,Phoenix Suns,2041080,2015-16
267,Perry Jones,SF,New Orleans Pelicans,2038206,2015-16
268,Cameron Payne,PG,Oklahoma City Thunder,2021520,2015-16
269,Festus Ezeli,C,Golden State Warriors,2008748,2015-16
270,Kent Bazemore,SF,Atlanta Hawks,2000000,2015-16
271,DeJuan Blair,C,Washington Wizards,2000000,2015-16
272,Giannis Antetokounmpo,F,Milwaukee Bucks,1953960,2015-16
273,Adreian Payne,PF,Minnesota Timberwolves,1938840,2015-16
274,Kelly Oubre Jr.,G,Washington Wizards,1920240,2015-16
275,Lucas Nogueira,C,Toronto Raptors,1842000,2015-16
276,Jusuf Nurkic,C,Denver Nuggets,1842000,2015-16
277,Terry Rozier,G,Boston Celtics,1824360,2015-16
278,Dennis Schroder,G,Atlanta Hawks,1763400,2015-16
279,James Young,G,Boston Celtics,1749840,2015-16
280,Rashad Vaughn,G,Milwaukee Bucks,1733040,2015-16
281,Ryan Kelly,PF,Los Angeles Lakers,1724250,2015-16
282,Joffrey Lauvergne,F,Denver Nuggets,1709719,2015-16
283,Zoran Dragic,SG,Boston Celtics,1706225,2015-16
284,Tyler Ennis,G,Milwaukee Bucks,1662360,2015-16
285,Sam Dekker,F,Houston Rockets,1646400,2015-16
286,Lance Thomas,F,New York Knicks,1636842,2015-16
287,Lou Amundson,PF,New York Knicks,1635476,2015-16
288,Sergey Karasev,SG,Brooklyn Nets,1599840,2015-16
289,Gary Harris,G,Denver Nuggets,1584480,2015-16
290,Jerian Grant,G,New York Knicks,1572360,2015-16
291,Tony Snell,SF,Chicago Bulls,1535880,2015-16
292,Delon Wright,G,Toronto Raptors,1509360,2015-16
293,Wayne Ellington,SG,Brooklyn Nets,1500000,2015-16
294,Shane Larkin,G,Brooklyn Nets,1500000,2015-16
295,David West,F,San Antonio Spurs,1499187,2015-16
296,Gorgui Dieng,C,Minnesota Timberwolves,1474440,2015-16
297,Mitch McGary,PF,Oklahoma City Thunder,1463040,2015-16
298,Caron Butler,SF,Sacramento Kings,1449187,2015-16
299,Justin Anderson,F,Dallas Mavericks,1449000,2015-16
300,Mason Plumlee,C,Portland Trail Blazers,1415520,2015-16
301,Jordan Adams,SG,Memphis Grizzlies,1404600,2015-16
302,Bobby Portis,F,Chicago Bulls,1391160,2015-16
303,Andrea Bargnani,C,Brooklyn Nets,1362897,2015-16
304,Solomon Hill,SF,Indiana Pacers,1358880,2015-16
305,Rodney Hood,SG,Utah Jazz,1348440,2015-16
306,Rondae Hollis Jefferson,SF,Brooklyn Nets,1335480,2015-16
307,Alonzo Gee,SF,New Orleans Pelicans,1320000,2015-16
308,Tim Hardaway Jr.,G,Atlanta Hawks,1304520,2015-16
309,Nikola Jokic,C,Denver Nuggets,1300000,2015-16
310,Shabazz Napier,G,Orlando Magic,1294440,2015-16
311,Tyus Jones,G,Minnesota Timberwolves,1282080,2015-16
312,Sasha Kaun,C,Cleveland Cavaliers,1276000,2015-16
313,JaVale McGee,C,Dallas Mavericks,1270964,2015-16
314,Cartier Martin,PF,Detroit Pistons,1270964,2015-16
315,Reggie Bullock Jr.,SF,Detroit Pistons,1252440,2015-16
316,Clint Capela,C,Houston Rockets,1242720,2015-16
317,Jarell Martin,F,Memphis Grizzlies,1230840,2015-16
318,Andre Roberson,F,Oklahoma City Thunder,1210800,2015-16
319,P.J. Hairston,SF,Memphis Grizzlies,1201440,2015-16
320,Boban Marjanovic,C,San Antonio Spurs,1200000,2015-16
321,Earl Clark,SF,Brooklyn Nets,1185784,2015-16
322,Reggie Williams,SF,New Orleans Pelicans,1185784,2015-16
323,Rudy Gobert,C,Utah Jazz,1175880,2015-16
324,Jordan Mickey,F,Boston Celtics,1170960,2015-16
325,Toney Douglas,PG,New Orleans Pelicans,1164858,2015-16
326,Archie Goodwin,SG,Phoenix Suns,1160160,2015-16
327,CJ Wilcox,G,LA Clippers,1159680,2015-16
328,Larry Nance Jr.,F,Los Angeles Lakers,1155600,2015-16
329,Chris Copeland,SF,Milwaukee Bucks,1150000,2015-16
330,Damjan Rudez,SF,Minnesota Timberwolves,1149500,2015-16
331,RJ Hunter,G,Boston Celtics,1148640,2015-16
332,Matthew Dellavedova,PG,Cleveland Cavaliers,1147276,2015-16
333,Kyle Anderson,F,San Antonio Spurs,1142880,2015-16
334,Josh Huestis,F,Oklahoma City Thunder,1140240,2015-16
335,Chris McCullough,F,Brooklyn Nets,1140240,2015-16
336,Kevon Looney,F,Golden State Warriors,1131960,2015-16
337,Garrett Temple,G,Washington Wizards,1100602,2015-16
338,Wesley Johnson,F,LA Clippers,1100602,2015-16
339,Luke Babbitt,F,New Orleans Pelicans,1100602,2015-16
340,Henry Walker,SF,Miami Heat,1100602,2015-16
341,Jeremy Evans,F,Dallas Mavericks,1100602,2015-16
342,Cole Aldrich,C,LA Clippers,1100602,2015-16
343,Glenn Robinson III,F,Indiana Pacers,1100000,2015-16
344,Richaun Holmes,F,Philadelphia 76ers,1074169,2015-16
345,Jon Leuer,F,Phoenix Suns,1035000,2015-16
346,James Anderson,SG,Sacramento Kings,1015421,2015-16
347,E'Twaun Moore,G,Chicago Bulls,1015421,2015-16
348,Lester Hudson,SG,LA Clippers,1015421,2015-16
349,Joey Dorsey,PF,Barcelona FC Barcelona,1015421,2015-16
350,Jordan Hamilton,SG,New Orleans Pelicans,1015421,2015-16
351,Rakeem Christmas,PF,Indiana Pacers,1007026,2015-16
352,Joe Young,G,Indiana Pacers,1007026,2015-16
353,Montrezl Harrell,C,Houston Rockets,1000000,2015-16
354,Robert Covington,PF,Philadelphia 76ers,1000000,2015-16
355,Kris Humphries,PF,Atlanta Hawks,1000000,2015-16
356,Hassan Whiteside,C,Miami Heat,981348,2015-16
357,Quincy Acy,F,Sacramento Kings,981348,2015-16
358,Jerel McNeal,SG,Phoenix Suns,981348,2015-16
359,John Jenkins,G,Phoenix Suns,981348,2015-16
360,Chris Johnson,SG,Utah Jazz,981348,2015-16
361,Robert Sacre,C,Los Angeles Lakers,981348,2015-16
362,Thomas Robinson,F,Brooklyn Nets,981348,2015-16
363,Pablo Prigioni,PG,LA Clippers,947726,2015-16
364,Seth Curry,SG,Sacramento Kings,947276,2015-16
365,Ish Smith,PG,Philadelphia 76ers,947276,2015-16
366,Tyler Hansbrough,PF,Charlotte Hornets,947276,2015-16
367,Henry Sims,C,Brooklyn Nets,947276,2015-16
368,Mike Muscala,C,Atlanta Hawks,947276,2015-16
369,Matt Bonner,C,San Antonio Spurs,947276,2015-16
370,Hollis Thompson,F,Philadelphia 76ers,947276,2015-16
371,Grant Jerrett,PF,Portland Trail Blazers,947276,2015-16
372,Ronnie Price,PG,Phoenix Suns,947276,2015-16
373,Dewayne Dedmon,C,Orlando Magic,947276,2015-16
374,Ricky Ledo,SG,New York Knicks,947276,2015-16
375,Sasha Vujacic,SG,New York Knicks,947276,2015-16
376,Allen Crabbe,G,Portland Trail Blazers,947276,2015-16
377,John Lucas III,PG,Minnesota Timberwolves,947276,2015-16
378,Rasual Butler,SF,San Antonio Spurs,947276,2015-16
379,Tayshaun Prince,SF,Minnesota Timberwolves,947276,2015-16
380,Isaiah Canaan,G,Philadelphia 76ers,947276,2015-16
381,Jason Terry,G,Houston Rockets,947276,2015-16
382,Amar'e Stoudemire,C,Miami Heat,947276,2015-16
383,Metta World Peace,SF,Los Angeles Lakers,947276,2015-16
384,Damien Wilkins,SG,Indiana Pacers,947276,2015-16
385,Anthony Bennett,F,Toronto Raptors,947276,2015-16
386,Luc Mbah a Moute,F,LA Clippers,947276,2015-16
387,Chuck Hayes,PF,Houston Rockets,947276,2015-16
388,Gerald Green,G,Miami Heat,947276,2015-16
389,Chris Babb,SG,Golden State Warriors,947276,2015-16
390,Jared Cunningham,G,Milwaukee Bucks,947276,2015-16
391,Jamaal Franklin,F,Guangzhou Loong-Lions,947276,2015-16
392,Troy Daniels,G,Charlotte Hornets,947276,2015-16
393,Justin Holiday,F,Chicago Bulls,947276,2015-16
394,Donald Sloan,G,Brooklyn Nets,947276,2015-16
395,Richard Jefferson,F,Cleveland Cavaliers,947276,2015-16
396,Mike Miller,SG,Denver Nuggets,947276,2015-16
397,Jeff Withey,C,Utah Jazz,947276,2015-16
398,Charlie Villanueva,PF,Dallas Mavericks,947276,2015-16
399,Samuel Dalembert,C,Dallas Mavericks,947276,2015-16
400,Austin Daye,SF,Cleveland Cavaliers,947276,2015-16
401,Kendrick Perkins,C,New Orleans Pelicans,947276,2015-16
402,James Jones,SG,Cleveland Cavaliers,947276,2015-16
403,Willie Reed,C,Brooklyn Nets,947276,2015-16
404,Ian Clark,G,Golden State Warriors,947276,2015-16
405,Nate Robinson,PG,New Orleans Pelicans,947276,2015-16
406,Josh Smith,PF,Houston Rockets,947276,2015-16
407,Jason Richardson,SG,Atlanta Hawks,947276,2015-16
408,Raul Neto,PG,Utah Jazz,900000,2015-16
409,Jimmer Fredette,G,New York Knicks,874837,2015-16
410,Damien Inglis,SF,Milwaukee Bucks,855000,2015-16
411,Jarnell Stokes,C,Miami Heat,845059,2015-16
412,Russ Smith,PG,Memphis Grizzlies,845059,2015-16
413,Jordan Clarkson,G,Los Angeles Lakers,845059,2015-16
414,Eric Moreland,C,Sacramento Kings,845059,2015-16
415,Markel Brown,G,Brooklyn Nets,845059,2015-16
416,Nick Johnson,G,San Antonio Spurs,845059,2015-16
417,Tyler Johnson,G,Miami Heat,845059,2015-16
418,Jack Cooley,F,Sacramento Kings,845059,2015-16
419,Jerami Grant,F,Philadelphia 76ers,845059,2015-16
420,Terrico White,G,Perth Perth,845059,2015-16
421,James Michael McAdoo,SF,Golden State Warriors,845059,2015-16
422,Cleanthony Early,SF,New York Knicks,845059,2015-16
423,Johnny O'Bryant III,F,Milwaukee Bucks,845059,2015-16
424,Jabari Brown,SG,Milwaukee Bucks,845059,2015-16
425,Marcus Landry,SF,Milwaukee Bucks,845059,2015-16
426,Keith Benson,PF,Miami Heat,845059,2015-16
427,Spencer Dinwiddie,PG,Detroit Pistons,845059,2015-16
428,David Stockton,G,Los Angeles Lakers,845059,2015-16
429,Langston Galloway,SG,New York Knicks,845059,2015-16
430,Shayne Whittington,PF,Indiana Pacers,845059,2015-16
431,Devyn Marble,G,Orlando Magic,845059,2015-16
432,JaMychal Green,F,Memphis Grizzlies,845059,2015-16
433,Adonis Thomas,SG,Detroit Pistons,845059,2015-16
434,Joe Harris,SF,Cleveland Cavaliers,845059,2015-16
435,Cameron Bairstow,PF,Chicago Bulls,845059,2015-16
436,James Ennis III,F,New Orleans Pelicans,845059,2015-16
437,Tarik Black,F,Los Angeles Lakers,845059,2015-16
438,Elijah Millsap,F,Utah Jazz,845059,2015-16
439,Dwight Powell,F,Dallas Mavericks,845059,2015-16
440,Tim Frazier,PG,New Orleans Pelicans,845059,2015-16
441,Kostas Papanikolaou,SF,Denver Nuggets,800321,2015-16
442,Bryce Cotton,G,Memphis Grizzlies,700902,2015-16
443,Norman Powell,G,Toronto Raptors,650000,2015-16
444,Pat Connaughton,G,Portland Trail Blazers,625093,2015-16
445,Darrun Hilliard,G,Detroit Pistons,600000,2015-16
446,Jarell Eddie,F,Washington Wizards,561716,2015-16
447,Jarrid Famous,PF,Memphis Grizzlies,525093,2015-16
448,Ronald Roberts Jr.,PF,Toronto Raptors,525093,2015-16
449,Jonathon Simmons,G,San Antonio Spurs,525093,2015-16
450,Duje Dukan,PF,Sacramento Kings,525093,2015-16
451,Deonte Burton,PG,Phoenix Suns,525093,2015-16
452,Kyle Casey,SF,Phoenix Suns,525093,2015-16
453,Scottie Wilbekin,PG,Philadelphia 76ers,525093,2015-16
454,Branden Dawson,SF,LA Clippers,525093,2015-16
455,Melvin Ejim,SF,Orlando Magic,525093,2015-16
456,Maurice Ndour,SF,New York Knicks,525093,2015-16
457,Shannon Scott,G,Brooklyn Nets,525093,2015-16
458,Treveon Graham,F,Milwaukee Bucks,525093,2015-16
459,J.J. O'Brien,SF,Utah Jazz,525093,2015-16
460,Josh Richardson,SG,Miami Heat,525093,2015-16
461,Corey Hawkins,PG,Miami Heat,525093,2015-16
462,Christian Wood,F,Philadelphia 76ers,525093,2015-16
463,Robert Upshaw,C,Los Angeles Lakers,525093,2015-16
464,Jamil Wilson,SF,Los Angeles Lakers,525093,2015-16
465,T.J. McConnell,G,Philadelphia 76ers,525093,2015-16
466,Michael Frazier II,G,Houston Rockets,525093,2015-16
467,Marcelinho Huertas,PG,Los Angeles Lakers,525093,2015-16
468,Luis Montero,SG,Portland Trail Blazers,525093,2015-16
469,Greg Whittington,SF,Denver Nuggets,525093,2015-16
470,Aaron Harrison,G,Charlotte Hornets,525093,2015-16
471,Brandon Ashley,F,New Zealand Breakers,525093,2015-16
472,Salah Mejri,C,Dallas Mavericks,525093,2015-16
473,Pierre Jackson,PG,Dallas Mavericks,525093,2015-16
474,Cristiano Felicio,PF,Chicago Bulls,525093,2015-16
475,Cliff Alexander,PF,Portland Trail Blazers,525093,2015-16
476,Bo McCalebb,PG,New Orleans Pelicans,525093,2015-16
477,Jonathan Holmes,PF,Boston Celtics,525093,2015-16
478,Terran Petteway,SG,Atlanta Hawks,525093,2015-16
479,Lamar Patterson,SG,Atlanta Hawks,525093,2015-16
480,Michael Beasley,F,Houston Rockets,306527,2015-16
481,Steve Novak,SF,Milwaukee Bucks,295327,2015-16
482,Anderson Varejao,C,Golden State Warriors,289755,2015-16
483,JJ Hickson,C,Washington Wizards,273038,2015-16
484,Joe Johnson,G,Miami Heat,261894,2015-16
485,JaKarr Sampson,SF,Denver Nuggets,258489,2015-16
486,Andre Miller,PG,San Antonio Spurs,250750,2015-16
487,Jason Thompson,PF,Toronto Raptors,245177,2015-16
488,Ryan Hollins,C,Washington Wizards,239605,2015-16
489,Nazr Mohammed,C,Oklahoma City Thunder,222888,2015-16
490,Ty Lawson,G,Indiana Pacers,211744,2015-16
491,Chase Budinger,SF,Phoenix Suns,206192,2015-16
492,Kevin Martin,SG,San Antonio Spurs,200600,2015-16
493,Marcus Thornton,SG,Washington Wizards,200600,2015-16
494,Andrew Goudelock,PG,Houston Rockets,200600,2015-16
495,Jorge Gutierrez,G,Charlotte Hornets,189455,2015-16
496,Bryce Dejean-Jones,SG,New Orleans Pelicans,169883,2015-16
497,Tony Wroten,SG,Philadelphia 76ers,167406,2015-16
498,Sean Kilpatrick,G,Brooklyn Nets,134215,2015-16
499,Jeff Ayres,F,LA Clippers,111444,2015-16
500,Jordan McRae,G,Cleveland Cavaliers,111196,2015-16
501,Erick Green,PG,Utah Jazz,99418,2015-16
502,Alan Williams,C,Phoenix Suns,83397,2015-16
503,Keith Appling,PG,Orlando Magic,61776,2015-16
504,Orlando Johnson,SG,New Orleans Pelicans,55722,2015-16
505,Phil Pressey,PG,Phoenix Suns,55722,2015-16
506,Elliot Williams,SG,Memphis Grizzlies,55722,2015-16
507,Cory Jefferson,F,Phoenix Suns,49709,2015-16
508,Thanasis Antetokounmpo,F,New York Knicks,30888,2015-16
