﻿Rank,Player,Position,Team,Salary,Season
1,Kevin Garnett,PF,Minnesota Timberwolves,25200000,2002-03
2,Shaquille O'Neal,C,Los Angeles Lakers,23571000,2002-03
3,Shawn Kemp,C,Orlando Magic,21500000,2002-03
4,Juwan Howard,PF,Denver Nuggets,20625000,2002-03
5,Scottie Pippen,SF,Portland Trail Blazers,19727000,2002-03
6,Karl Malone,PF,Utah Jazz,19250000,2002-03
7,Rasheed Wallace,PF,Portland Trail Blazers,16200000,2002-03
8,Dikembe Mutombo,C,New Jersey Nets,16105000,2002-03
9,Chris Webber,C,Sacramento Kings,14343000,2002-03
10,Damon Stoudamire,PG,Portland Trail Blazers,13500000,2002-03
11,Gary Payton,PG,Milwaukee Bucks,13080000,2002-03
12,Antoine Walker,PF,Boston Celtics,12375000,2002-03
13,Shareef Abdur-Rahim,PF,Atlanta Hawks,12375000,2002-03
14,Allen Iverson,SG,Philadelphia 76ers,12375000,2002-03
15,Latrell Sprewell,SG,New York Knicks,12375000,2002-03
16,Vin Baker,PF,Boston Celtics,12375000,2002-03
17,Zydrunas Ilgauskas,C,Cleveland Cavaliers,12375000,2002-03
18,Anfernee Hardaway,SF,Phoenix Suns,12375000,2002-03
19,Ray Allen,SG,Seattle SuperSonics,12375000,2002-03
20,Kobe Bryant,SF,Los Angeles Lakers,12375000,2002-03
21,Stephon Marbury,PG,Phoenix Suns,12375000,2002-03
22,Tracy McGrady,SG,Orlando Magic,12072000,2002-03
23,Tim Duncan,C,San Antonio Spurs,12072000,2002-03
24,Jalen Rose,SG,Chicago Bulls,12072000,2002-03
25,Keith Van Horn,PF,Philadelphia 76ers,12072000,2002-03
26,Grant Hill,SF,Orlando Magic,12072000,2002-03
27,Reggie Miller,SG,Indiana Pacers,12046000,2002-03
28,Antonio Davis,PF,Toronto Raptors,12000000,2002-03
29,Michael Finley,SG,Dallas Mavericks,11953000,2002-03
30,Vlade Divac,C,Sacramento Kings,11248000,2002-03
31,Eddie Jones,SG,Miami Heat,11200000,2002-03
32,Brian Grant,PF,Miami Heat,11121000,2002-03
33,Allan Houston,SG,New York Knicks,11000000,2002-03
34,Tom Gugliotta,PF,Phoenix Suns,10890000,2002-03
35,Tim Thomas,PF,Milwaukee Bucks,10750000,2002-03
36,Vince Carter,G,Toronto Raptors,10625000,2002-03
37,David Robinson,C,San Antonio Spurs,10500000,2002-03
38,Nick Van Exel,PG,Dallas Mavericks,10003000,2002-03
39,Steve Smith,SG,San Antonio Spurs,9900000,2002-03
40,Glenn Robinson,SF,Atlanta Hawks,9860000,2002-03
41,Derrick Coleman,PF,Philadelphia 76ers,9830000,2002-03
42,Theo Ratliff,C,Atlanta Hawks,9375000,2002-03
43,Jason Kidd,PG,New Jersey Nets,9260000,2002-03
44,Glen Rice,SF,Houston Rockets,9200000,2002-03
45,Kenny Anderson,PG,New Orleans Hornets,9185000,2002-03
46,John Stockton,G,Utah Jazz,9000000,2002-03
47,Kerry Kittles,SG,New Jersey Nets,8717000,2002-03
48,Clifford Robinson,PF,Detroit Pistons,8421000,2002-03
49,Toni Kukoc,SF,Milwaukee Bucks,8050000,2002-03
50,Dale Davis,PF,Portland Trail Blazers,8000000,2002-03
51,Elden Campbell,C,Seattle SuperSonics,7975000,2002-03
52,Greg Ostertag,C,Utah Jazz,7799000,2002-03
53,Jamal Mashburn,SF,New Orleans Hornets,7750000,2002-03
54,Maurice Taylor,PF,Houston Rockets,7150000,2002-03
55,Derek Anderson,SG,Portland Trail Blazers,7145000,2002-03
56,Donyell Marshall,PF,Chicago Bulls,7140000,2002-03
57,Alan Henderson,PF,Atlanta Hawks,7091000,2002-03
58,P.J. Brown,PF,New Orleans Hornets,7044000,2002-03
59,Wesley Person,SF,Memphis Grizzlies,7000000,2002-03
60,Austin Croshere,PF,Indiana Pacers,6960000,2002-03
61,Jermaine O'Neal,C,Indiana Pacers,6950000,2002-03
62,Erick Dampier,C,Golden State Warriors,6858000,2002-03
63,Marcus Camby,C,Denver Nuggets,6750000,2002-03
64,Kelvin Cato,C,Houston Rockets,6696000,2002-03
65,Ron Mercer,SG,Indiana Pacers,6618000,2002-03
66,Tyrone Hill,PF,Philadelphia 76ers,6600000,2002-03
67,Bo Outlaw,PF,Phoenix Suns,6555000,2002-03
68,Shandon Anderson,SF,New York Knicks,6100000,2002-03
69,Michael Olowokandi,C,LA Clippers,6061000,2002-03
70,Lorenzen Wright,PF,Memphis Grizzlies,6050000,2002-03
71,Jerry Stackhouse,SF,Washington Wizards,6000000,2002-03
72,Chris Mills,SF,Golden State Warriors,6000000,2002-03
73,Steve Nash,PG,Dallas Mavericks,5750000,2002-03
74,Charlie Ward,PG,New York Knicks,5750000,2002-03
75,Eddie Robinson,SF,Chicago Bulls,5726000,2002-03
76,Doug Christie,SG,Sacramento Kings,5625000,2002-03
77,Peja Stojakovic,SF,Sacramento Kings,5625000,2002-03
78,Tariq Abdul-Wahad,SF,Dallas Mavericks,5625000,2002-03
79,Bob Sura,PG,Golden State Warriors,5540000,2002-03
80,Mike Bibby,PG,Sacramento Kings,5448000,2002-03
81,Alvin Williams,PG,Toronto Raptors,5350000,2002-03
82,Howard Eisley,PG,New York Knicks,5312000,2002-03
83,Robert Horry,PF,Los Angeles Lakers,5300000,2002-03
84,Jerome Williams,PF,Toronto Raptors,5250000,2002-03
85,Jason Caffey,F,Milwaukee Bucks,5250000,2002-03
86,Vitaly Potapenko,C,Seattle SuperSonics,5238000,2002-03
87,Nazr Mohammed,C,Atlanta Hawks,5130000,2002-03
88,Brevin Knight,PG,Memphis Grizzlies,5062000,2002-03
89,Brent Barry,SG,Seattle SuperSonics,5040000,2002-03
90,Eric Williams,PF,Boston Celtics,5004000,2002-03
91,Ben Wallace,PF,Detroit Pistons,5000000,2002-03
92,Calvin Booth,C,Seattle SuperSonics,4992000,2002-03
93,Anthony Mason,F,Milwaukee Bucks,4992000,2002-03
94,Ruben Patterson,PF,Portland Trail Blazers,4992000,2002-03
95,Todd MacCulloch,C,Philadelphia 76ers,4991000,2002-03
96,Joe Smith,PF,Minnesota Timberwolves,4991000,2002-03
97,Clarence Weatherspoon,PF,New York Knicks,4991000,2002-03
98,Avery Johnson,PG,Dallas Mavericks,4991000,2002-03
99,Christian Laettner,PF,Washington Wizards,4973000,2002-03
100,Danny Fortson,C,Golden State Warriors,4935000,2002-03
101,Raef LaFrentz,C,Dallas Mavericks,4926000,2002-03
102,Kurt Thomas,PF,New York Knicks,4904000,2002-03
103,Jahidi White,C,Washington Wizards,4903000,2002-03
104,Cuttino Mobley,SG,Houston Rockets,4903000,2002-03
105,Rashard Lewis,PF,Seattle SuperSonics,4903000,2002-03
106,Elton Brand,PF,LA Clippers,4895000,2002-03
107,Scot Pollard,C,Sacramento Kings,4827000,2002-03
108,Brad Miller,C,Indiana Pacers,4800000,2002-03
109,Shawn Bradley,C,Dallas Mavericks,4675000,2002-03
110,Darrell Armstrong,PG,Orlando Magic,4506000,2002-03
111,Corliss Williamson,PF,Detroit Pistons,4500000,2002-03
112,Aaron McKie,SG,Philadelphia 76ers,4500000,2002-03
113,Sam Cassell,PG,Milwaukee Bucks,4500000,2002-03
114,Antawn Jamison,PF,Golden State Warriors,4469000,2002-03
115,Adonal Foyle,C,Golden State Warriors,4400000,2002-03
116,Steve Francis,PG,Houston Rockets,4383000,2002-03
117,Mark Jackson,PG,Utah Jazz,4220000,2002-03
118,Rick Fox,SF,Los Angeles Lakers,4170000,2002-03
119,Michael Stewart,PF,Cleveland Cavaliers,4160000,2002-03
120,Eric Snow,PG,Philadelphia 76ers,4125000,2002-03
121,Kenyon Martin,F,New Jersey Nets,4067000,2002-03
122,Ervin Johnson,C,Milwaukee Bucks,4030000,2002-03
123,Tony Battie,C,Boston Celtics,4000000,2002-03
124,Travis Knight,C,New York Knicks,4000000,2002-03
125,Kwame Brown,C,Washington Wizards,3974000,2002-03
126,Baron Davis,PG,New Orleans Hornets,3942000,2002-03
127,Zeljko Rebraca,C,Detroit Pistons,3850000,2002-03
128,Tim Hardaway,G,Indiana Pacers,3780000,2002-03
129,Tracy Murray,SF,Los Angeles Lakers,3740000,2002-03
130,Robert Traylor,PF,New Orleans Hornets,3726000,2002-03
131,Stromile Swift,PF,Memphis Grizzlies,3656000,2002-03
132,Anthony Carter,PG,Miami Heat,3656000,2002-03
133,Chucky Atkins,PG,Detroit Pistons,3600000,2002-03
134,David Wesley,SG,New Orleans Hornets,3600000,2002-03
135,Moochie Norris,PG,Houston Rockets,3600000,2002-03
136,Marc Jackson,PF,Minnesota Timberwolves,3575000,2002-03
137,Lamar Odom,PF,LA Clippers,3557000,2002-03
138,Jason Williams,PG,Memphis Grizzlies,3425000,2002-03
139,Antonio Daniels,PG,Portland Trail Blazers,3375000,2002-03
140,LaPhonso Ellis,F,Miami Heat,3300000,2002-03
141,Lawrence Funderburke,PF,Sacramento Kings,3300000,2002-03
142,Darius Miles,SF,Cleveland Cavaliers,3267000,2002-03
143,Andrew DeClercq,C,Orlando Magic,3263000,2002-03
144,Jonathan Bender,SF,Indiana Pacers,3226000,2002-03
145,Anthony Peeler,SG,Minnesota Timberwolves,3220000,2002-03
146,Pau Gasol,PF,Memphis Grizzlies,3194000,2002-03
147,Jon Barry,SG,Detroit Pistons,3175000,2002-03
148,Larry Hughes,SG,Washington Wizards,3159000,2002-03
149,Evan Eschmeyer,C,Dallas Mavericks,3104000,2002-03
150,Derek Fisher,PG,Los Angeles Lakers,3000000,2002-03
151,Lindsey Hunter,SG,Toronto Raptors,3000000,2002-03
152,Chris Whitney,PG,Orlando Magic,2962000,2002-03
153,Marcus Fizer,F,Chicago Bulls,2946000,2002-03
154,Wally Szczerbiak,SG,Minnesota Timberwolves,2933000,2002-03
155,Dirk Nowitzki,F,Dallas Mavericks,2923000,2002-03
156,Mikki Moore,C,Atlanta Hawks,2813000,2002-03
157,Paul Pierce,SF,Boston Celtics,2793000,2002-03
158,Bonzi Wells,SG,Portland Trail Blazers,2777000,2002-03
159,Matt Maloney,G,Atlanta Hawks,2775000,2002-03
160,Michael Doleac,C,New York Knicks,2753000,2002-03
161,Chris Crawford,SF,Atlanta Hawks,2750000,2002-03
162,Keon Clark,PF,Sacramento Kings,2726000,2002-03
163,Othella Harrington,PF,New York Knicks,2700000,2002-03
164,Randy Brown,G,Phoenix Suns,2700000,2002-03
165,Bimbo Coles,PG,Boston Celtics,2700000,2002-03
166,Aaron Williams,C,New Jersey Nets,2700000,2002-03
167,Tony Delk,PG,Boston Celtics,2700000,2002-03
168,Chauncey Billups,PG,Detroit Pistons,2700000,2002-03
169,Bobby Jackson,PG,Sacramento Kings,2700000,2002-03
170,Michael Dickerson,G,Memphis Grizzlies,2699000,2002-03
171,Richard Hamilton,SG,Detroit Pistons,2681000,2002-03
172,Mike Miller,SG,Memphis Grizzlies,2668000,2002-03
173,Matt Harpring,SF,Utah Jazz,2667000,2002-03
174,Horace Grant,C,Orlando Magic,2662000,2002-03
175,Sean Rooks,C,LA Clippers,2640000,2002-03
176,Lucious Harris,SG,New Jersey Nets,2640000,2002-03
177,Hubert Davis,SG,Detroit Pistons,2631000,2002-03
178,Steve Kerr,G,San Antonio Spurs,2625000,2002-03
179,Michael Curry,SF,Detroit Pistons,2600000,2002-03
180,George Lynch,SF,New Orleans Hornets,2600000,2002-03
181,Andre Miller,PG,LA Clippers,2460000,2002-03
182,Rasho Nesterovic,C,Minnesota Timberwolves,2436000,2002-03
183,Stacey Augmon,SF,New Orleans Hornets,2400000,2002-03
184,John Amaechi,PF,Utah Jazz,2393000,2002-03
185,Shane Battier,SF,Memphis Grizzlies,2368000,2002-03
186,Shawn Marion,SG,Phoenix Suns,2265000,2002-03
187,Pat Garrity,PF,Orlando Magic,2238000,2002-03
188,Chris Mihm,C,Cleveland Cavaliers,2222000,2002-03
189,Eddie Griffin,PF,Houston Rockets,2162000,2002-03
190,Ricky Davis,SG,Cleveland Cavaliers,2156000,2002-03
191,Jason Terry,G,Atlanta Hawks,2153000,2002-03
192,Brian Skinner,PF,Philadelphia 76ers,2148000,2002-03
193,Al Harrington,PF,Indiana Pacers,2110000,2002-03
194,Corey Maggette,SF,LA Clippers,2069000,2002-03
195,Jamal Crawford,G,Chicago Bulls,2026000,2002-03
196,Shammond Williams,PG,Denver Nuggets,1987000,2002-03
197,DeSagana Diop,C,Cleveland Cavaliers,1980000,2002-03
198,Metta World Peace,SF,Indiana Pacers,1904000,2002-03
199,Tyronn Lue,PG,Washington Wizards,1885000,2002-03
200,Joel Przybilla,C,Milwaukee Bucks,1862000,2002-03
201,Rodney White,SF,Denver Nuggets,1821000,2002-03
202,Keyon Dooling,PG,LA Clippers,1769000,2002-03
203,Joe Johnson,G,Phoenix Suns,1729000,2002-03
204,James Posey,SF,Houston Rockets,1723000,2002-03
205,Jerome Moiso,C,New Orleans Hornets,1681000,2002-03
206,Danny Manning,F,Detroit Pistons,1650000,2002-03
207,Kedrick Brown,SG,Boston Celtics,1643000,2002-03
208,Tony Massenburg,PF,Utah Jazz,1636000,2002-03
209,Etan Thomas,C,Washington Wizards,1605000,2002-03
210,Dion Glover,SG,Atlanta Hawks,1584000,2002-03
211,Jeff Foster,PF,Indiana Pacers,1571000,2002-03
212,Vladimir Radmanovic,SF,Seattle SuperSonics,1561000,2002-03
213,Kenny Thomas,PF,Philadelphia 76ers,1557000,2002-03
214,Devean George,SF,Los Angeles Lakers,1542000,2002-03
215,Samaki Walker,PF,Los Angeles Lakers,1540000,2002-03
216,Courtney Alexander,SG,New Orleans Hornets,1524000,2002-03
217,Richard Jefferson,F,New Jersey Nets,1482000,2002-03
218,Mateen Cleaves,PG,Sacramento Kings,1441000,2002-03
219,Jumaine Jones,SF,Cleveland Cavaliers,1419000,2002-03
220,Scott Padgett,PF,Utah Jazz,1410000,2002-03
221,Troy Murphy,PF,Golden State Warriors,1409000,2002-03
222,Corie Blount,PF,Chicago Bulls,1400000,2002-03
223,Brian Shaw,G,Los Angeles Lakers,1400000,2002-03
224,Calbert Cheaney,SG,Utah Jazz,1400000,2002-03
225,Monty Williams,SF,Philadelphia 76ers,1400000,2002-03
226,Jason Collier,C,Houston Rockets,1376000,2002-03
227,Hedo Turkoglu,SF,Sacramento Kings,1300000,2002-03
228,Bryce Drew,PG,New Orleans Hornets,1300000,2002-03
229,Kirk Haston,F,New Orleans Hornets,1271000,2002-03
230,Desmond Mason,SF,Milwaukee Bucks,1235000,2002-03
231,Michael Bradley,PF,Toronto Raptors,1208000,2002-03
232,Quentin Richardson,SF,LA Clippers,1174000,2002-03
233,Jason Collins,C,New Jersey Nets,1147000,2002-03
234,Jamaal Magloire,C,New Orleans Hornets,1126000,2002-03
235,Danny Ferry,F,San Antonio Spurs,1100000,2002-03
236,Fred Hoiberg,SG,Chicago Bulls,1100000,2002-03
237,Don Reid,F,Detroit Pistons,1100000,2002-03
238,Mark Bryant,F,Boston Celtics,1100000,2002-03
239,Zach Randolph,F,Portland Trail Blazers,1096000,2002-03
240,Speedy Claxton,PG,San Antonio Spurs,1081000,2002-03
241,Morris Peterson,SG,Toronto Raptors,1033000,2002-03
242,Michael Jordan,G,Washington Wizards,1030000,2002-03
243,Joseph Forte,G,Seattle SuperSonics,1009000,2002-03
244,Kevin Willis,C,San Antonio Spurs,1000000,2002-03
245,Donnell Harvey,PF,Denver Nuggets,992000,2002-03
246,Jeryl Sasser,G,Orlando Magic,969000,2002-03
247,DeShawn Stevenson,SG,Utah Jazz,956000,2002-03
248,Brandon Armstrong,SG,New Jersey Nets,930000,2002-03
249,Dalibor Bagaric,C,Chicago Bulls,914000,2002-03
250,Andrei Kirilenko,SF,Utah Jazz,893000,2002-03
251,Jake Tsakalidis,C,Phoenix Suns,877000,2002-03
252,Mamadou N'diaye,C,Toronto Raptors,852000,2002-03
253,Bruce Bowen,SF,San Antonio Spurs,824000,2002-03
254,Cherokee Parks,PF,LA Clippers,824000,2002-03
255,Emanual Davis,G,Atlanta Hawks,824000,2002-03
256,Mark Madsen,PF,Los Angeles Lakers,817000,2002-03
257,Jamaal Tinsley,PG,Indiana Pacers,805000,2002-03
258,Primoz Brezec,C,Indiana Pacers,805000,2002-03
259,Tony Parker,G,San Antonio Spurs,800000,2002-03
260,Milt Palacio,PG,Cleveland Cavaliers,749000,2002-03
261,Gerald Wallace,SF,Sacramento Kings,714000,2002-03
262,Jacque Vaughn,PG,Orlando Magic,700000,2002-03
263,Earl Boykins,PG,Golden State Warriors,700000,2002-03
264,Vladimir Stepania,C,Miami Heat,637000,2002-03
265,Mark Blount,C,Boston Celtics,637000,2002-03
266,Amal McCaskill,C,Atlanta Hawks,612000,2002-03
267,Charles Smith,SG,Portland Trail Blazers,612000,2002-03
268,Ryan Bowen,SF,Denver Nuggets,587000,2002-03
269,Jake Voskuhl,C,Phoenix Suns,587000,2002-03
270,Stephen Jackson,SF,San Antonio Spurs,587000,2002-03
271,Olumide Oyedeji,C,Orlando Magic,587000,2002-03
272,Predrag Drobnjak,C,Seattle SuperSonics,526000,2002-03
273,Gilbert Arenas,PG,Golden State Warriors,512000,2002-03
274,Damone Brown,PF,Toronto Raptors,512000,2002-03
275,Terence Morris,F,Houston Rockets,512000,2002-03
276,Jamison Brewer,PG,Indiana Pacers,512000,2002-03
277,Trenton Hassell,SF,Chicago Bulls,512000,2002-03
278,Alton Ford,SF,Phoenix Suns,512000,2002-03
279,Jeff Trepagnier,SG,Denver Nuggets,512000,2002-03
280,Brian Scalabrine,PF,New Jersey Nets,512000,2002-03
