﻿Rank,Player,Position,Team,Salary,Season
1,Kevin Garnett,PF,Minnesota Timberwolves,19600000,2000-01
2,Shaquille O'Neal,C,Los Angeles Lakers,19285000,2000-01
3,Alonzo Mourning,C,Miami Heat,16879000,2000-01
4,Juwan Howard,PF,Dallas Mavericks,16875000,2000-01
5,Hakeem Olajuwon,C,Houston Rockets,16685000,2000-01
6,Karl Malone,PF,Utah Jazz,15750000,2000-01
7,Dikembe Mutombo,C,Philadelphia 76ers,14422000,2000-01
8,Patrick Ewing,C,Seattle SuperSonics,14000000,2000-01
9,David Robinson,C,San Antonio Spurs,13196000,2000-01
10,Scottie Pippen,SF,Portland Trail Blazers,13151000,2000-01
11,Rasheed Wallace,PF,Portland Trail Blazers,12600000,2000-01
12,Larry Johnson,F,New York Knicks,12485000,2000-01
13,Gary Payton,PG,Seattle SuperSonics,12200000,2000-01
14,Tim Hardaway,G,Miami Heat,12000000,2000-01
15,Chris Webber,C,Sacramento Kings,12000000,2000-01
16,Shawn Kemp,C,Portland Trail Blazers,11720000,2000-01
17,Damon Stoudamire,PG,Portland Trail Blazers,11250000,2000-01
18,John Stockton,G,Utah Jazz,11000000,2000-01
19,Antonio McDyess,PF,Denver Nuggets,10800000,2000-01
20,Reggie Miller,SG,Indiana Pacers,10666000,2000-01
21,Arvydas Sabonis,C,Portland Trail Blazers,10636000,2000-01
22,Zydrunas Ilgauskas,C,Cleveland Cavaliers,10130000,2000-01
23,Anfernee Hardaway,SF,Phoenix Suns,10130000,2000-01
24,Stephon Marbury,PG,New Jersey Nets,10130000,2000-01
25,Antoine Walker,PF,Boston Celtics,10125000,2000-01
26,Shareef Abdur-Rahim,PF,Vancouver Grizzlies,10125000,2000-01
27,Allen Iverson,SG,Philadelphia 76ers,10125000,2000-01
28,Latrell Sprewell,SG,New York Knicks,10125000,2000-01
29,Vin Baker,PF,Seattle SuperSonics,10125000,2000-01
30,Ray Allen,SG,Milwaukee Bucks,10125000,2000-01
31,Kobe Bryant,SF,Los Angeles Lakers,10125000,2000-01
32,Bryant Reeves,C,Vancouver Grizzlies,10110000,2000-01
33,Tracy McGrady,SG,Orlando Magic,9658000,2000-01
34,Tim Duncan,C,San Antonio Spurs,9658000,2000-01
35,Jalen Rose,SG,Indiana Pacers,9658000,2000-01
36,Grant Hill,SF,Orlando Magic,9658000,2000-01
37,Vlade Divac,C,Sacramento Kings,9641000,2000-01
38,Tom Gugliotta,PF,Phoenix Suns,9336000,2000-01
39,Allan Houston,SG,New York Knicks,9000000,2000-01
40,Keith Van Horn,PF,New Jersey Nets,9000000,2000-01
41,Eddie Jones,SG,Miami Heat,8960000,2000-01
42,Brian Grant,PF,Miami Heat,8897000,2000-01
43,Tim Thomas,PF,Milwaukee Bucks,8507000,2000-01
44,Michael Finley,SG,Dallas Mavericks,8400000,2000-01
45,Shawn Bradley,C,Dallas Mavericks,8370000,2000-01
46,Terrell Brandon,PG,Minnesota Timberwolves,8325000,2000-01
47,Nick Van Exel,PG,Denver Nuggets,8184000,2000-01
48,Glenn Robinson,SF,Milwaukee Bucks,8120000,2000-01
49,Steve Smith,SG,Portland Trail Blazers,8100000,2000-01
50,Elden Campbell,C,Charlotte Hornets,8050000,2000-01
51,Derrick Coleman,PF,Charlotte Hornets,8040000,2000-01
52,Avery Johnson,PG,San Antonio Spurs,8000000,2000-01
53,Horace Grant,C,Los Angeles Lakers,7843000,2000-01
54,Theo Ratliff,C,Philadelphia 76ers,7800000,2000-01
55,Jason Kidd,PG,Phoenix Suns,7630000,2000-01
56,Glen Rice,SF,New York Knicks,7578000,2000-01
57,Kenny Anderson,PG,Boston Celtics,7520000,2000-01
58,Matt Geiger,C,Philadelphia 76ers,7515000,2000-01
59,Tyrone Hill,PF,Philadelphia 76ers,7415000,2000-01
60,Toni Kukoc,SF,Atlanta Hawks,7167000,2000-01
61,Clifford Robinson,PF,Phoenix Suns,6890000,2000-01
62,Christian Laettner,PF,Washington Wizards,6625000,2000-01
63,Chris Dudley,C,Phoenix Suns,6200000,2000-01
64,Jamal Mashburn,SF,Charlotte Hornets,6200000,2000-01
65,Dale Davis,PF,Portland Trail Blazers,6175000,2000-01
66,Alan Henderson,PF,Atlanta Hawks,5909000,2000-01
67,P.J. Brown,PF,Charlotte Hornets,5764000,2000-01
68,Luc Longley,C,New York Knicks,5750000,2000-01
69,Marcus Camby,C,New York Knicks,5750000,2000-01
70,Jermaine O'Neal,C,Indiana Pacers,5700000,2000-01
71,Donyell Marshall,PF,Utah Jazz,5630000,2000-01
72,Bryant Stith,G,Boston Celtics,5620000,2000-01
73,Erick Dampier,C,Golden State Warriors,5611000,2000-01
74,Wesley Person,SF,Cleveland Cavaliers,5600000,2000-01
75,Anthony Mason,F,Miami Heat,5553000,2000-01
76,Ron Mercer,SG,Chicago Bulls,5515000,2000-01
77,Isaac Austin,C,Vancouver Grizzlies,5500000,2000-01
78,Antonio Davis,PF,Toronto Raptors,5500000,2000-01
79,Steve Nash,PG,Dallas Mavericks,5500000,2000-01
80,Derrick McKey,F,Indiana Pacers,5400000,2000-01
81,Kelvin Cato,C,Houston Rockets,5400000,2000-01
82,Jim Mcilvaine,C,New Jersey Nets,5400000,2000-01
83,Sean Elliott,F,San Antonio Spurs,5333000,2000-01
84,Robert Horry,PF,Los Angeles Lakers,5300000,2000-01
85,Austin Croshere,PF,Indiana Pacers,5298000,2000-01
86,Greg Ostertag,C,Utah Jazz,5200000,2000-01
87,Jerry Stackhouse,SF,Detroit Pistons,5000000,2000-01
88,Charlie Ward,PG,New York Knicks,5000000,2000-01
89,Lorenzen Wright,PF,Atlanta Hawks,4950000,2000-01
90,Loy Vaught,F,Washington Wizards,4812000,2000-01
91,Mookie Blaylock,G,Golden State Warriors,4800000,2000-01
92,Chris Mills,SF,Golden State Warriors,4800000,2000-01
93,Chris Childs,G,Toronto Raptors,4680000,2000-01
94,Bryon Russell,SF,Utah Jazz,4570000,2000-01
95,Bo Outlaw,PF,Orlando Magic,4500000,2000-01
96,Walt Williams,F,Houston Rockets,4500000,2000-01
97,Tariq Abdul-Wahad,SF,Denver Nuggets,4500000,2000-01
98,Bob Sura,PG,Golden State Warriors,4386000,2000-01
99,Jason Caffey,F,Milwaukee Bucks,4375000,2000-01
100,Robert Pack,PG,Denver Nuggets,4320000,2000-01
101,Brent Barry,SG,Seattle SuperSonics,4320000,2000-01
102,Vitaly Potapenko,C,Boston Celtics,4286000,2000-01
103,Brevin Knight,PG,Atlanta Hawks,4250000,2000-01
104,Howard Eisley,PG,Dallas Mavericks,4250000,2000-01
105,Scott Williams,C,Milwaukee Bucks,4200000,2000-01
106,Brad Miller,C,Chicago Bulls,4000000,2000-01
107,Duane Causwell,C,Miami Heat,4000000,2000-01
108,Ben Wallace,PF,Detroit Pistons,4000000,2000-01
109,Dan Majerle,G,Miami Heat,4000000,2000-01
110,Corliss Williamson,PF,Detroit Pistons,3997000,2000-01
111,Cedric Ceballos,F,Miami Heat,3937000,2000-01
112,Jahidi White,C,Washington Wizards,3922000,2000-01
113,Cuttino Mobley,SG,Houston Rockets,3922000,2000-01
114,Scot Pollard,C,Sacramento Kings,3922000,2000-01
115,Rashard Lewis,PF,Seattle SuperSonics,3920000,2000-01
116,Eric Williams,PF,Boston Celtics,3892000,2000-01
117,Voshon Lenard,SG,Denver Nuggets,3780000,2000-01
118,Dana Barros,PG,Detroit Pistons,3700000,2000-01
119,Michael Olowokandi,C,Los Angeles Clippers,3697000,2000-01
120,Kurt Thomas,PF,New York Knicks,3680000,2000-01
121,Elton Brand,PF,Chicago Bulls,3629000,2000-01
122,Adonal Foyle,C,Golden State Warriors,3578000,2000-01
123,Mark Jackson,PG,New York Knicks,3565000,2000-01
124,Kenyon Martin,F,New Jersey Nets,3536000,2000-01
125,Michael Stewart,PF,Toronto Raptors,3520000,2000-01
126,Derek Strong,F,Los Angeles Clippers,3510000,2000-01
127,Greg Anthony,G,Portland Trail Blazers,3500000,2000-01
128,Sam Cassell,PG,Milwaukee Bucks,3500000,2000-01
129,Rick Fox,SF,Los Angeles Lakers,3412000,2000-01
130,Adam Keefe,F,Golden State Warriors,3390000,2000-01
131,Lamond Murray,SF,Cleveland Cavaliers,3375000,2000-01
132,Eric Snow,PG,Philadelphia 76ers,3375000,2000-01
133,Ervin Johnson,C,Milwaukee Bucks,3310000,2000-01
134,Mike Bibby,PG,Vancouver Grizzlies,3308000,2000-01
135,Jud Buechler,G,Detroit Pistons,3259000,2000-01
136,Travis Best,PG,Indiana Pacers,3250000,2000-01
137,Steve Francis,PG,Houston Rockets,3246000,2000-01
138,Tony Battie,C,Boston Celtics,3200000,2000-01
139,Travis Knight,C,New York Knicks,3200000,2000-01
140,Stromile Swift,PF,Vancouver Grizzlies,3164000,2000-01
141,Doug Christie,SG,Sacramento Kings,3132000,2000-01
142,Darrell Armstrong,PG,Orlando Magic,3100000,2000-01
143,Tracy Murray,SF,Toronto Raptors,3060000,2000-01
144,Derek Fisher,PG,Los Angeles Lakers,3000000,2000-01
145,Eric Piatkowski,SG,Los Angeles Clippers,3000000,2000-01
146,Chucky Atkins,PG,Detroit Pistons,3000000,2000-01
147,Tyrone Nesby,F,Washington Wizards,2990000,2000-01
148,Raef LaFrentz,C,Denver Nuggets,2970000,2000-01
149,Baron Davis,PG,Charlotte Hornets,2916000,2000-01
150,Brent Price,G,Vancouver Grizzlies,2880000,2000-01
151,David Wesley,SG,Charlotte Hornets,2880000,2000-01
152,Dean Garrett,C,Minnesota Timberwolves,2880000,2000-01
153,Mikki Moore,C,Detroit Pistons,2848000,2000-01
154,Darius Miles,SF,Los Angeles Clippers,2841000,2000-01
155,Popeye Jones,PF,Washington Wizards,2815000,2000-01
156,Antonio Daniels,PG,San Antonio Spurs,2814000,2000-01
157,Walter McCarty,PF,Boston Celtics,2812000,2000-01
158,Jerome Williams,PF,Toronto Raptors,2750000,2000-01
159,Anthony Peeler,SG,Minnesota Timberwolves,2737000,2000-01
160,Jon Barry,SG,Sacramento Kings,2727000,2000-01
161,Cedric Henderson,F,Cleveland Cavaliers,2700000,2000-01
162,Kevin Willis,C,Denver Nuggets,2700000,2000-01
163,Lawrence Funderburke,PF,Sacramento Kings,2700000,2000-01
164,Antawn Jamison,PF,Golden State Warriors,2678000,2000-01
165,Lindsey Hunter,SG,Milwaukee Bucks,2650000,2000-01
166,Lamar Odom,PF,Los Angeles Clippers,2628000,2000-01
167,Malik Rose,PF,San Antonio Spurs,2570000,2000-01
168,Marcus Fizer,F,Chicago Bulls,2562000,2000-01
169,Dragan Tarlac,C,Chicago Bulls,2500000,2000-01
170,Vince Carter,G,Toronto Raptors,2425000,2000-01
171,Jonathan Bender,SF,Indiana Pacers,2380000,2000-01
172,Chris Whitney,PG,Washington Wizards,2370000,2000-01
173,Mike Miller,SG,Orlando Magic,2320000,2000-01
174,Othella Harrington,PF,New York Knicks,2250000,2000-01
175,Derek Anderson,SG,San Antonio Spurs,2250000,2000-01
176,John Starks,G,Utah Jazz,2250000,2000-01
177,Will Perdue,C,Portland Trail Blazers,2250000,2000-01
178,Randy Brown,G,Boston Celtics,2250000,2000-01
179,Brian Shaw,G,Los Angeles Lakers,2250000,2000-01
180,A.C. Green,F,Miami Heat,2250000,2000-01
181,Bimbo Coles,PG,Cleveland Cavaliers,2250000,2000-01
182,Joe Smith,PF,Detroit Pistons,2250000,2000-01
183,Aaron Williams,C,New Jersey Nets,2250000,2000-01
184,Sam Perkins,C,Indiana Pacers,2250000,2000-01
185,Rod Strickland,PG,Portland Trail Blazers,2250000,2000-01
186,Tony Delk,PG,Phoenix Suns,2250000,2000-01
187,Chauncey Billups,PG,Minnesota Timberwolves,2250000,2000-01
188,Bobby Jackson,PG,Sacramento Kings,2250000,2000-01
189,Chris Crawford,SF,Atlanta Hawks,2250000,2000-01
190,Eric Montross,C,Toronto Raptors,2240000,2000-01
191,Robert Traylor,PF,Cleveland Cavaliers,2203000,2000-01
192,Steve Kerr,G,San Antonio Spurs,2200000,2000-01
193,Detlef Schrempf,F,Portland Trail Blazers,2200000,2000-01
194,Rodney Rogers,SF,Phoenix Suns,2200000,2000-01
195,Jamie Feick,F,New Jersey Nets,2200000,2000-01
196,Jamal Crawford,G,Chicago Bulls,2200000,2000-01
197,John Wallace,SF,Detroit Pistons,2200000,2000-01
198,Terry Porter,G,San Antonio Spurs,2200000,2000-01
199,Shandon Anderson,SF,Houston Rockets,2200000,2000-01
200,Ron Harper,F,Los Angeles Lakers,2200000,2000-01
201,Olden Polynice,C,Utah Jazz,2200000,2000-01
202,Carlos Rogers,F,Houston Rockets,2200000,2000-01
203,Calbert Cheaney,SG,Denver Nuggets,2200000,2000-01
204,Michael Curry,SF,Detroit Pistons,2200000,2000-01
205,George McCloud,F,Denver Nuggets,2200000,2000-01
206,Otis Thorpe,C,Charlotte Hornets,2200000,2000-01
207,George Lynch,SF,Philadelphia 76ers,2200000,2000-01
208,Grant Long,F,Vancouver Grizzlies,2200000,2000-01
209,Wally Szczerbiak,SG,Minnesota Timberwolves,2162000,2000-01
210,Sean Rooks,C,Los Angeles Clippers,2160000,2000-01
211,Lucious Harris,SG,New Jersey Nets,2160000,2000-01
212,DerMarr Johnson,SF,Atlanta Hawks,2107000,2000-01
213,Sam Mitchell,F,Minnesota Timberwolves,2100000,2000-01
214,Alvin Williams,PG,Toronto Raptors,2100000,2000-01
215,Vinny Del Negro,G,Phoenix Suns,2100000,2000-01
216,Clarence Weatherspoon,PF,Cleveland Cavaliers,2100000,2000-01
217,Cherokee Parks,PF,Los Angeles Clippers,2100000,2000-01
218,Jason Williams,PG,Sacramento Kings,2011000,2000-01
219,Dell Curry,G,Toronto Raptors,2000000,2000-01
220,Richard Hamilton,SG,Washington Wizards,1973000,2000-01
221,Chris Mihm,C,Cleveland Cavaliers,1923000,2000-01
222,Andrew DeClercq,C,Orlando Magic,1920000,2000-01
223,Larry Hughes,SG,Golden State Warriors,1842000,2000-01
224,Aaron McKie,SG,Philadelphia 76ers,1820000,2000-01
225,Andre Miller,PG,Cleveland Cavaliers,1808000,2000-01
226,Greg Foster,C,Los Angeles Lakers,1764000,2000-01
227,Tyrone Bogues,G,New York Knicks,1740000,2000-01
228,Darvin Ham,SF,Milwaukee Bucks,1700000,2000-01
229,Dirk Nowitzki,F,Dallas Mavericks,1693000,2000-01
230,Shawn Marion,SG,Phoenix Suns,1662000,2000-01
231,Joel Przybilla,C,Milwaukee Bucks,1619000,2000-01
232,Paul Pierce,SF,Boston Celtics,1608000,2000-01
233,Jason Terry,G,Atlanta Hawks,1579000,2000-01
234,Keyon Dooling,PG,Los Angeles Clippers,1538000,2000-01
235,Bonzi Wells,SG,Portland Trail Blazers,1528000,2000-01
236,Jacque Vaughn,PG,Utah Jazz,1500000,2000-01
237,Trajan Langdon,SG,Cleveland Cavaliers,1500000,2000-01
238,Matt Bullard,F,Houston Rockets,1481000,2000-01
239,Jerome Moiso,C,Boston Celtics,1461000,2000-01
240,Aleksandar Radojevic,C,Denver Nuggets,1425000,2000-01
241,Johnny Newman,F,New Jersey Nets,1400000,2000-01
242,Keon Clark,PF,Toronto Raptors,1379000,2000-01
243,Tony Massenburg,PF,Vancouver Grizzlies,1360000,2000-01
244,Corey Maggette,SF,Los Angeles Clippers,1353000,2000-01
245,Corie Blount,PF,Golden State Warriors,1320000,2000-01
246,Courtney Alexander,SG,Washington Wizards,1319000,2000-01
247,Michael Dickerson,G,Vancouver Grizzlies,1310000,2000-01
248,Peja Stojakovic,SF,Sacramento Kings,1310000,2000-01
249,William Avery,G,Minnesota Timberwolves,1286000,2000-01
250,Mateen Cleaves,PG,Detroit Pistons,1253000,2000-01
251,Matt Harpring,SF,Cleveland Cavaliers,1244000,2000-01
252,Zan Tabak,C,Indiana Pacers,1210000,2000-01
253,Danny Ferry,F,San Antonio Spurs,1200000,2000-01
254,Anthony Johnson,PG,Cleveland Cavaliers,1200000,2000-01
255,LaPhonso Ellis,F,Minnesota Timberwolves,1200000,2000-01
256,Eldridge Recasner,G,Charlotte Hornets,1200000,2000-01
257,Danny Manning,F,Utah Jazz,1200000,2000-01
258,Anthony Carter,PG,Miami Heat,1200000,2000-01
259,Hersey Hawkins,G,Charlotte Hornets,1200000,2000-01
260,Jason Collier,C,Houston Rockets,1190000,2000-01
261,Metta World Peace,SF,Chicago Bulls,1160000,2000-01
262,Hedo Turkoglu,SF,Sacramento Kings,1131000,2000-01
263,Tom Hammonds,F,Minnesota Timberwolves,1130000,2000-01
264,Rasho Nesterovic,C,Minnesota Timberwolves,1123000,2000-01
265,Cal Bowdler,F,Atlanta Hawks,1102000,2000-01
266,Greg Buckner,SG,Dallas Mavericks,1100000,2000-01
267,Desmond Mason,SF,Seattle SuperSonics,1074000,2000-01
268,James Posey,SF,Denver Nuggets,1047000,2000-01
269,Quentin Richardson,SF,Los Angeles Clippers,1020000,2000-01
270,Pat Garrity,PF,Orlando Magic,1019000,2000-01
271,Quincy Lewis,SG,Utah Jazz,1000000,2000-01
272,Ruben Patterson,PF,Seattle SuperSonics,990000,2000-01
273,Roshown McLeod,F,Philadelphia 76ers,978000,2000-01
274,Jamaal Magloire,C,Charlotte Hornets,975000,2000-01
275,Dion Glover,SG,Atlanta Hawks,960000,2000-01
276,Ricky Davis,SG,Miami Heat,939000,2000-01
277,Jeff Foster,PF,Indiana Pacers,922000,2000-01
278,Brian Skinner,PF,Los Angeles Clippers,901000,2000-01
279,Morris Peterson,SG,Toronto Raptors,898000,2000-01
280,Kenny Thomas,PF,Houston Rockets,885000,2000-01
281,Fred Hoiberg,SG,Chicago Bulls,880000,2000-01
282,Tyronn Lue,PG,Los Angeles Lakers,865000,2000-01
283,Devean George,SF,Los Angeles Lakers,849000,2000-01
284,Felipe Lopez,G,Minnesota Timberwolves,831000,2000-01
285,DeShawn Stevenson,SG,Utah Jazz,828000,2000-01
286,John Crotty,G,Utah Jazz,800000,2000-01
287,Don Maclean,F,Miami Heat,798000,2000-01
288,Al Harrington,PF,Indiana Pacers,797000,2000-01
289,Dalibor Bagaric,C,Chicago Bulls,795000,2000-01
290,Tim James,F,Charlotte Hornets,783000,2000-01
291,Jake Tsakalidis,C,Phoenix Suns,763000,2000-01
292,Vonteego Cummings,PG,Golden State Warriors,757000,2000-01
293,Hubert Davis,SG,Washington Wizards,752000,2000-01
294,Corey Benjamin,G,Chicago Bulls,744000,2000-01
295,Nazr Mohammed,C,Atlanta Hawks,739000,2000-01
296,Jumaine Jones,SF,Philadelphia 76ers,735000,2000-01
297,Bruce Bowen,SF,Miami Heat,733000,2000-01
298,Scott Padgett,PF,Utah Jazz,730000,2000-01
299,Damon Jones,PG,Vancouver Grizzlies,714000,2000-01
300,Erick Barkley,G,Portland Trail Blazers,712000,2000-01
301,Mark Madsen,PF,Los Angeles Lakers,707000,2000-01
302,Darrick Martin,PG,Sacramento Kings,673000,2000-01
303,Emanual Davis,G,Seattle SuperSonics,611000,2000-01
304,Eddie Robinson,SF,Charlotte Hornets,600000,2000-01
305,John Amaechi,PF,Orlando Magic,598000,2000-01
306,Shammond Williams,PG,Seattle SuperSonics,550000,2000-01
307,Kevin Edwards,G,Vancouver Grizzlies,548000,2000-01
308,Mahmoud Abdul-Rauf,G,Vancouver Grizzlies,548000,2000-01
309,David Benoit,F,Utah Jazz,548000,2000-01
310,David Wingate,G,Seattle SuperSonics,548000,2000-01
311,Mario Elie,G,Phoenix Suns,548000,2000-01
312,Felton Spencer,C,New York Knicks,548000,2000-01
313,Don Reid,F,Orlando Magic,548000,2000-01
314,Monty Williams,SF,Orlando Magic,548000,2000-01
315,Shawnelle Scott,C,San Antonio Spurs,548000,2000-01
316,Terry Davis,C,Denver Nuggets,548000,2000-01
317,Stacey Augmon,SF,Portland Trail Blazers,548000,2000-01
318,Dee Brown,G,Orlando Magic,548000,2000-01
319,Matt Maloney,G,Atlanta Hawks,548000,2000-01
320,Antonio Harvey,F,Portland Trail Blazers,548000,2000-01
321,Jeff McInnis,PG,Los Angeles Clippers,523000,2000-01
322,Tyus Edney,G,Indiana Pacers,523000,2000-01
323,Troy Hudson,PG,Orlando Magic,523000,2000-01
324,Moochie Norris,PG,Houston Rockets,523000,2000-01
325,Ryan Bowen,SF,Denver Nuggets,508000,2000-01
326,Laron Profit,SG,Washington Wizards,508000,2000-01
327,Rick Brunson,PG,New York Knicks,507000,2000-01
328,Bruno Sundov,C,Indiana Pacers,498000,2000-01
329,Kornel David,F,Detroit Pistons,498000,2000-01
330,Mark Pope,C,Milwaukee Bucks,498000,2000-01
331,Adrian Griffin,G,Boston Celtics,498000,2000-01
332,Mark Bryant,F,Dallas Mavericks,458000,2000-01
333,Calvin Booth,C,Dallas Mavericks,423000,2000-01
334,Todd MacCulloch,C,Philadelphia 76ers,423000,2000-01
335,Mark Blount,C,Boston Celtics,423000,2000-01
336,Rafer Alston,PG,Milwaukee Bucks,423000,2000-01
337,Evan Eschmeyer,C,New Jersey Nets,423000,2000-01
338,Chris Herren,G,Boston Celtics,423000,2000-01
339,Elliot Perry,G,Phoenix Suns,390000,2000-01
340,Kevin Ollie,PG,Philadelphia 76ers,363000,2000-01
341,Milt Palacio,PG,Boston Celtics,326000,2000-01
342,Eduardo Najera,PF,Dallas Mavericks,316000,2000-01
343,Mike Smith,F,Washington Wizards,316000,2000-01
344,Michael Redd,SG,Milwaukee Bucks,316000,2000-01
345,Zendon Hamilton,C,Los Angeles Clippers,316000,2000-01
346,Jason Hart,PG,Milwaukee Bucks,316000,2000-01
347,Daniel Santiago,C,Phoenix Suns,316000,2000-01
348,Dan Langhi,PF,Houston Rockets,316000,2000-01
349,Eddie House,SG,Miami Heat,316000,2000-01
350,Soumaila Samake,C,New Jersey Nets,316000,2000-01
351,Jake Voskuhl,C,Chicago Bulls,316000,2000-01
352,Stephen Jackson,SF,New Jersey Nets,316000,2000-01
353,Chris Porter,F,Golden State Warriors,316000,2000-01
354,Paul McPherson,G,Golden State Warriors,316000,2000-01
355,A.J. Guyton,G,Chicago Bulls,316000,2000-01
356,Brian Cardinal,PF,Detroit Pistons,316000,2000-01
357,Marc Jackson,PF,Golden State Warriors,316000,2000-01
358,Ruben Wolkowyski,F,Seattle SuperSonics,316000,2000-01
359,Olumide Oyedeji,C,Seattle SuperSonics,316000,2000-01
360,Hanno Mottola,C,Atlanta Hawks,316000,2000-01
361,Rodney Buford,SF,Philadelphia 76ers,288000,2000-01
362,Anthony Goldwire,PG,Denver Nuggets,243000,2000-01
363,Chucky Brown,F,Cleveland Cavaliers,241000,2000-01
364,Vernon Maxwell,G,Dallas Mavericks,161000,2000-01
365,Doug Overton,PG,New Jersey Nets,90000,2000-01
366,Sean Colson,G,Houston Rockets,83000,2000-01
367,David Vanterpool,G,Washington Wizards,80000,2000-01
368,Steve Goodrich,F,Chicago Bulls,37000,2000-01
369,Eddie Gill,PG,New Jersey Nets,34000,2000-01
370,Chris Garner,G,Golden State Warriors,32000,2000-01
371,Scott Burrell,G,Charlotte Hornets,29000,2000-01
372,Dan Mcclintock,C,Denver Nuggets,26000,2000-01
373,Raja Bell,SG,Philadelphia 76ers,24000,2000-01
374,Jamel Thomas,F,New Jersey Nets,24000,2000-01
