﻿Rank,Player,Position,Team,Salary,Season
1,Kobe Bryant,SF,Los Angeles Lakers,30453805,2013-14
2,Dirk Nowitzki,F,Dallas Mavericks,22721381,2013-14
3,Amar'e Stoudemire,C,New York Knicks,21679893,2013-14
4,Joe Johnson,G,Brooklyn Nets,21466718,2013-14
5,Carmelo Anthony,PF,New York Knicks,21388953,2013-14
6,Dwight Howard,C,Houston Rockets,20513178,2013-14
7,Pau Gasol,PF,Los Angeles Lakers,19285850,2013-14
8,Chris Bosh,PF,Miami Heat,19067500,2013-14
9,LeBron James,F,Miami Heat,19067500,2013-14
10,Dwyane Wade,G,Miami Heat,18673000,2013-14
11,Chris Paul,G,LA Clippers,18668431,2013-14
12,Deron Williams,PG,Brooklyn Nets,18466130,2013-14
13,Zach Randolph,F,Memphis Grizzlies,18238333,2013-14
14,Rudy Gay,SF,Sacramento Kings,17888932,2013-14
15,Kevin Durant,F,Oklahoma City Thunder,17832627,2013-14
16,Derrick Rose,PG,Chicago Bulls,17632688,2013-14
17,Blake Griffin,PF,LA Clippers,16441500,2013-14
18,Paul Pierce,SF,Brooklyn Nets,15333334,2013-14
19,Carlos Boozer,PF,Chicago Bulls,15300000,2013-14
20,LaMarcus Aldridge,C,Portland Trail Blazers,14878000,2013-14
21,Marc Gasol,C,Memphis Grizzlies,14860523,2013-14
22,Brook Lopez,C,Brooklyn Nets,14693906,2013-14
23,Kevin Love,F,Minnesota Timberwolves,14693906,2013-14
24,Russell Westbrook,G,Oklahoma City Thunder,14693906,2013-14
25,Emeka Okafor,C,Philadelphia 76ers,14487500,2013-14
26,Eric Gordon,G,New Orleans Pelicans,14283844,2013-14
27,Roy Hibbert,C,Indiana Pacers,14283844,2013-14
28,Luol Deng,F,Cleveland Cavaliers,14275000,2013-14
29,Tyson Chandler,C,New York Knicks,14100538,2013-14
30,Andrew Bogut,C,Golden State Warriors,14000000,2013-14
31,David Lee,PF,Golden State Warriors,13878000,2013-14
32,James Harden,G,Houston Rockets,13701250,2013-14
33,Al Jefferson,C,Charlotte Bobcats,13500000,2013-14
34,Josh Smith,PF,Detroit Pistons,13500000,2013-14
35,Nene Hilario,C,Washington Wizards,13000000,2013-14
36,Andre Iguodala,F,Golden State Warriors,12868632,2013-14
37,Tony Parker,G,San Antonio Spurs,12500000,2013-14
38,Kevin Garnett,PF,Brooklyn Nets,12433735,2013-14
39,Serge Ibaka,F,Oklahoma City Thunder,12350000,2013-14
40,Nikola Pekovic,C,Minnesota Timberwolves,12100000,2013-14
41,Kris Humphries,PF,Boston Celtics,12000000,2013-14
42,David West,F,Indiana Pacers,12000000,2013-14
43,Al Horford,C,Atlanta Hawks,12000000,2013-14
44,Rajon Rondo,PG,Boston Celtics,11954545,2013-14
45,Andrea Bargnani,C,New York Knicks,11862500,2013-14
46,Tyreke Evans,G,New Orleans Pelicans,11796247,2013-14
47,Nicolas Batum,F,Portland Trail Blazers,11295250,2013-14
48,Joakim Noah,C,Chicago Bulls,11100000,2013-14
49,Richard Jefferson,F,Utah Jazz,11046000,2013-14
50,DeAndre Jordan,C,LA Clippers,10986550,2013-14
51,Ty Lawson,G,Denver Nuggets,10786517,2013-14
52,JaVale McGee,C,Denver Nuggets,10750000,2013-14
53,Tim Duncan,C,San Antonio Spurs,10361446,2013-14
54,Danilo Gallinari,PF,Milwaukee Bucks,10146925,2013-14
55,Gerald Wallace,SF,Boston Celtics,10105855,2013-14
56,Tiago Splitter,C,San Antonio Spurs,10000000,2013-14
57,Stephen Curry,G,Golden State Warriors,9887642,2013-14
58,Jrue Holiday,G,New Orleans Pelicans,9713484,2013-14
59,Paul Millsap,PF,Atlanta Hawks,9500000,2013-14
60,DeMar DeRozan,G,Toronto Raptors,9500000,2013-14
61,Shawn Marion,SG,Dallas Mavericks,9316796,2013-14
62,Steve Nash,PG,Los Angeles Lakers,9300500,2013-14
63,Anderson Varejao,C,Cleveland Cavaliers,9036364,2013-14
64,Thaddeus Young,F,Philadelphia 76ers,8850000,2013-14
65,Kendrick Perkins,C,Oklahoma City Thunder,8727437,2013-14
66,Jeff Green,F,Boston Celtics,8700000,2013-14
67,Mike Conley,G,Memphis Grizzlies,8600001,2013-14
68,Charlie Villanueva,PF,Detroit Pistons,8580000,2013-14
69,Rodney Stuckey,PG,Detroit Pistons,8500000,2013-14
70,Jeremy Lin,G,Houston Rockets,8374646,2013-14
71,Omer Asik,C,Houston Rockets,8374646,2013-14
72,Ryan Anderson,PF,New Orleans Pelicans,8308500,2013-14
73,Marcus Thornton,SG,Brooklyn Nets,8050000,2013-14
74,Jeff Teague,PG,Atlanta Hawks,8000000,2013-14
75,O.J. Mayo,SG,Milwaukee Bucks,8000000,2013-14
76,George Hill,PG,Indiana Pacers,8000000,2013-14
77,Monta Ellis,SG,Dallas Mavericks,8000000,2013-14
78,Ersan Ilyasova,PF,Milwaukee Bucks,7900000,2013-14
79,Trevor Ariza,SF,Washington Wizards,7727280,2013-14
80,Marcin Gortat,C,Washington Wizards,7727280,2013-14
81,Brandon Jennings,G,Detroit Pistons,7655503,2013-14
82,John Salmons,SF,Toronto Raptors,7583000,2013-14
83,Taj Gibson,F,Chicago Bulls,7550000,2013-14
84,Manu Ginobili,G,San Antonio Spurs,7500000,2013-14
85,Arron Afflalo,G,Orlando Magic,7500000,2013-14
86,Goran Dragic,PG,Phoenix Suns,7500000,2013-14
87,Marvin Williams,F,Utah Jazz,7500000,2013-14
88,John Wall,PG,Washington Wizards,7459925,2013-14
89,Tayshaun Prince,SF,Memphis Grizzlies,7235955,2013-14
90,Wesley Matthews,SG,Portland Trail Blazers,6875480,2013-14
91,Jose Calderon,G,Dallas Mavericks,6791570,2013-14
92,Kyle Korver,G,Atlanta Hawks,6760563,2013-14
93,Evan Turner,G,Indiana Pacers,6679867,2013-14
94,Kevin Martin,SG,Minnesota Timberwolves,6500000,2013-14
95,Carl Landry,PF,Sacramento Kings,6500000,2013-14
96,Amir Johnson,F,Toronto Raptors,6500000,2013-14
97,Spencer Hawes,PF,Cleveland Cavaliers,6500000,2013-14
98,JJ Redick,SG,LA Clippers,6500000,2013-14
99,Brandon Bass,PF,Boston Celtics,6450000,2013-14
100,Channing Frye,F,Phoenix Suns,6400000,2013-14
101,Wilson Chandler,F,Denver Nuggets,6344164,2013-14
102,Jarrett Jack,G,Cleveland Cavaliers,6300000,2013-14
103,Landry Fields,SG,Toronto Raptors,6250000,2013-14
104,Kyle Lowry,G,Toronto Raptors,6210000,2013-14
105,Jason Richardson,SG,Atlanta Hawks,6204250,2013-14
106,Derrick Favors,F,Utah Jazz,6008196,2013-14
107,Gerald Henderson,SG,Charlotte Bobcats,6000000,2013-14
108,Robin Lopez,C,Portland Trail Blazers,5904261,2013-14
109,Chuck Hayes,PF,Toronto Raptors,5722500,2013-14
110,Jason Thompson,PF,Sacramento Kings,5643750,2013-14
111,Jason Terry,G,Brooklyn Nets,5625313,2013-14
112,Kyrie Irving,G,Cleveland Cavaliers,5607240,2013-14
113,JR Smith,G,New York Knicks,5565000,2013-14
114,Anthony Davis,F,New Orleans Pelicans,5375760,2013-14
115,Anthony Bennett,F,Cleveland Cavaliers,5324280,2013-14
116,Jamal Crawford,G,LA Clippers,5225000,2013-14
117,Courtney Lee,G,Memphis Grizzlies,5225000,2013-14
118,Lou Williams,SG,Atlanta Hawks,5225000,2013-14
119,Zaza Pachulia,C,Milwaukee Bucks,5200000,2013-14
120,JJ Hickson,C,Denver Nuggets,5150000,2013-14
121,Martell Webster,SF,Washington Wizards,5150000,2013-14
122,Keith Bogans,SG,Boston Celtics,5058198,2013-14
123,Derrick Williams,PF,Sacramento Kings,5016960,2013-14
124,Ramon Sessions,G,Milwaukee Bucks,5000000,2013-14
125,Andre Miller,PG,Washington Wizards,5000000,2013-14
126,Corey Brewer,F,Minnesota Timberwolves,5000000,2013-14
127,Chase Budinger,SF,Minnesota Timberwolves,5000000,2013-14
128,Brandan Wright,F,Dallas Mavericks,5000000,2013-14
129,DeMarcus Cousins,C,Sacramento Kings,4916974,2013-14
130,Michael Kidd-Gilchrist,F,Charlotte Bobcats,4809840,2013-14
131,Victor Oladipo,SG,Orlando Magic,4763760,2013-14
132,Boris Diaw,C,San Antonio Spurs,4702500,2013-14
133,J.J. Barea,G,Minnesota Timberwolves,4687000,2013-14
134,Luc Mbah a Moute,F,Minnesota Timberwolves,4588384,2013-14
135,Luis Scola,F,Indiana Pacers,4508504,2013-14
136,Enes Freedom,C,Utah Jazz,4505280,2013-14
137,Jonas Jerebko,F,Detroit Pistons,4500000,2013-14
138,Tony Allen,SG,Memphis Grizzlies,4494383,2013-14
139,Ekpe Udoh,F,Milwaukee Bucks,4469548,2013-14
140,Luke Ridnour,PG,Charlotte Bobcats,4420000,2013-14
141,Timofey Mozgov,C,Denver Nuggets,4400000,2013-14
142,Udonis Haslem,PF,Miami Heat,4340000,2013-14
143,Bradley Beal,G,Washington Wizards,4319280,2013-14
144,Otto Porter Jr.,SF,Washington Wizards,4278000,2013-14
145,Jared Dudley,SF,LA Clippers,4250000,2013-14
146,Greg Monroe,C,Detroit Pistons,4086454,2013-14
147,Tristan Thompson,C,Cleveland Cavaliers,4062000,2013-14
148,Kirk Hinrich,SG,Chicago Bulls,4059000,2013-14
149,Ian Mahinmi,C,Indiana Pacers,4000000,2013-14
150,Elton Brand,PF,Atlanta Hawks,4000000,2013-14
151,Mario Chalmers,G,Miami Heat,4000000,2013-14
152,Steve Blake,PG,Golden State Warriors,4000000,2013-14
153,Matt Bonner,C,San Antonio Spurs,3945000,2013-14
154,Thabo Sefolosha,F,Oklahoma City Thunder,3900000,2013-14
155,Dion Waiters,G,Cleveland Cavaliers,3894240,2013-14
156,Cody Zeller,C,Charlotte Bobcats,3857040,2013-14
157,Danny Green,F,San Antonio Spurs,3762500,2013-14
158,Steve Novak,SF,Toronto Raptors,3750000,2013-14
159,Al-Farouq Aminu,SF,New Orleans Pelicans,3749602,2013-14
160,Samuel Dalembert,C,Dallas Mavericks,3700748,2013-14
161,Ricky Rubio,PG,Minnesota Timberwolves,3678358,2013-14
162,Raymond Felton,G,New York Knicks,3637073,2013-14
163,Jonas Valanciunas,C,Toronto Raptors,3526440,2013-14
164,Thomas Robinson,F,Portland Trail Blazers,3526440,2013-14
165,Marreese Speights,F,Golden State Warriors,3500000,2013-14
166,Jordan Hill,C,Los Angeles Lakers,3500000,2013-14
167,Gerald Green,G,Phoenix Suns,3500000,2013-14
168,Alex Len,C,Phoenix Suns,3492720,2013-14
169,Gordon Hayward,SF,Utah Jazz,3452183,2013-14
170,Jan Vesely,PF,Denver Nuggets,3340920,2013-14
171,Paul George,F,Indiana Pacers,3282003,2013-14
172,Shane Battier,SF,Miami Heat,3270000,2013-14
173,Carlos Delfino,SG,LA Clippers,3250000,2013-14
174,Matt Barnes,SF,LA Clippers,3250000,2013-14
175,Alonzo Gee,SF,Cleveland Cavaliers,3250000,2013-14
176,Gary Neal,PG,Charlotte Bobcats,3250000,2013-14
177,Darrell Arthur,F,Denver Nuggets,3231683,2013-14
178,Mirza Teletovic,PF,Brooklyn Nets,3229050,2013-14
179,Ray Allen,SG,Miami Heat,3229050,2013-14
180,Damian Lillard,G,Portland Trail Blazers,3202920,2013-14
181,Tyler Hansbrough,PF,Toronto Raptors,3183000,2013-14
182,Chris Kaman,C,Los Angeles Lakers,3183000,2013-14
183,Andrei Kirilenko,SF,Brooklyn Nets,3183000,2013-14
184,Mike Dunleavy,SG,Chicago Bulls,3183000,2013-14
185,Vince Carter,G,Dallas Mavericks,3180000,2013-14
186,Nerlens Noel,C,Sacramento Kings,3172320,2013-14
187,Ed Davis,C,Memphis Grizzlies,3153860,2013-14
188,Alexey Shved,PG,Minnesota Timberwolves,3150000,2013-14
189,Jerryd Bayless,G,Boston Celtics,3135000,2013-14
190,Patrick Patterson,PF,Toronto Raptors,3105302,2013-14
191,Lavoy Allen,F,Indiana Pacers,3060000,2013-14
192,Larry Sanders,PF,Milwaukee Bucks,3053368,2013-14
193,Bismack Biyombo,C,Charlotte Bobcats,3049920,2013-14
194,Kosta Koufos,C,Memphis Grizzlies,3000000,2013-14
195,Travis Outlaw,SF,Sacramento Kings,3000000,2013-14
196,Randy Foye,SG,Denver Nuggets,3000000,2013-14
197,Dorell Wright,SF,Portland Trail Blazers,3000000,2013-14
198,Chris Copeland,SF,Indiana Pacers,3000000,2013-14
199,Harrison Barnes,F,Golden State Warriors,2923920,2013-14
200,Joel Freeland,C,Portland Trail Blazers,2897976,2013-14
201,Ben McLemore,SG,Sacramento Kings,2895960,2013-14
202,Brandon Knight,PG,Milwaukee Bucks,2793960,2013-14
203,Will Bynum,PG,Detroit Pistons,2790343,2013-14
204,Kevin Seraphin,C,Washington Wizards,2761114,2013-14
205,Marco Belinelli,G,San Antonio Spurs,2750000,2013-14
206,Aaron Gray,C,Sacramento Kings,2690875,2013-14
207,Terrence Ross,G,Toronto Raptors,2678640,2013-14
208,Kentavious Caldwell-Pope,G,Detroit Pistons,2653080,2013-14
209,Wayne Ellington,SG,Dallas Mavericks,2652000,2013-14
210,Mo Williams,PG,Portland Trail Blazers,2652000,2013-14
211,Eric Bledsoe,SG,Phoenix Suns,2626474,2013-14
212,Nick Collison,F,Oklahoma City Thunder,2585668,2013-14
213,Kemba Walker,PG,Charlotte Bobcats,2568360,2013-14
214,DeMarre Carroll,F,Atlanta Hawks,2557545,2013-14
215,Avery Bradley,PG,Boston Celtics,2511432,2013-14
216,Chauncey Billups,PG,Detroit Pistons,2500000,2013-14
217,Jason Smith,F,New Orleans Pelicans,2500000,2013-14
218,Andre Drummond,C,Detroit Pistons,2465400,2013-14
219,Trey Burke,PG,Utah Jazz,2438760,2013-14
220,Trevor Booker,F,Washington Wizards,2350820,2013-14
221,Austin Rivers,SG,New Orleans Pelicans,2339040,2013-14
222,Klay Thompson,G,Golden State Warriors,2317920,2013-14
223,CJ McCollum,G,Portland Trail Blazers,2316720,2013-14
224,Quincy Pondexter,F,Memphis Grizzlies,2225479,2013-14
225,CJ Miles,G,Cleveland Cavaliers,2225000,2013-14
226,Meyers Leonard,C,Portland Trail Blazers,2222160,2013-14
227,Alec Burks,SG,Utah Jazz,2202000,2013-14
228,Michael Carter-Williams,G,Philadelphia 76ers,2200920,2013-14
229,Dante Cunningham,F,Minnesota Timberwolves,2180000,2013-14
230,Jordan Crawford,G,Golden State Warriors,2162419,2013-14
231,Greivis Vasquez,PG,Toronto Raptors,2150188,2013-14
232,Jeremy Lamb,SG,Oklahoma City Thunder,2111160,2013-14
233,Markieff Morris,PF,Phoenix Suns,2091840,2013-14
234,Steven Adams,C,Oklahoma City Thunder,2090880,2013-14
235,Brendan Haywood,C,Portland Trail Blazers,2050000,2013-14
236,C.J. Watson,PG,Indiana Pacers,2016000,2013-14
237,Nate Robinson,PG,Denver Nuggets,2016000,2013-14
238,Jermaine O'Neal,C,Golden State Warriors,2000000,2013-14
239,Vitor Faverani,C,Boston Celtics,2000000,2013-14
240,Marcus Morris Sr.,F,Phoenix Suns,1987320,2013-14
241,Kelly Olynyk,F,Boston Celtics,1986360,2013-14
242,John Henson,F,Milwaukee Bucks,1905360,2013-14
243,Darren Collison,PG,LA Clippers,1900000,2013-14
244,Kawhi Leonard,F,San Antonio Spurs,1887840,2013-14
245,Shabazz Muhammad,F,Minnesota Timberwolves,1887120,2013-14
246,Maurice Harkless,SF,Orlando Magic,1809840,2013-14
247,Nikola Vucevic,C,Orlando Magic,1793520,2013-14
248,Giannis Antetokounmpo,F,Milwaukee Bucks,1792560,2013-14
249,Anthony Randolph,SF,Denver Nuggets,1750000,2013-14
250,Jeff Ayres,F,San Antonio Spurs,1750000,2013-14
251,Luigi Datome,SF,Detroit Pistons,1750000,2013-14
252,Iman Shumpert,G,New York Knicks,1703760,2013-14
253,Reggie Evans,C,Sacramento Kings,1695635,2013-14
254,Jeremy Evans,F,Utah Jazz,1660257,2013-14
255,Tyler Zeller,C,Cleveland Cavaliers,1633440,2013-14
256,Chris Singleton,SF,Washington Wizards,1618680,2013-14
257,Toney Douglas,PG,Miami Heat,1600000,2013-14
258,John Lucas III,PG,Utah Jazz,1600000,2013-14
259,Pablo Prigioni,PG,New York Knicks,1591350,2013-14
260,Jodie Meeks,G,Los Angeles Lakers,1550000,2013-14
261,Tobias Harris,F,Orlando Magic,1545840,2013-14
262,Shane Larkin,G,Dallas Mavericks,1536960,2013-14
263,Ronny Turiaf,C,Minnesota Timberwolves,1500000,2013-14
264,Miroslav Raduljica,C,Milwaukee Bucks,1500000,2013-14
265,James Jones,SG,Miami Heat,1500000,2013-14
266,Gustavo Ayon,PF,Atlanta Hawks,1500000,2013-14
267,Sergey Karasev,SG,Cleveland Cavaliers,1467840,2013-14
268,Nando De Colo,G,Toronto Raptors,1463000,2013-14
269,Evan Fournier,SG,Denver Nuggets,1422720,2013-14
270,Tony Snell,SF,Chicago Bulls,1409040,2013-14
271,Willie Green,SG,LA Clippers,1399507,2013-14
272,Rashard Lewis,PF,Miami Heat,1399507,2013-14
273,Chris Andersen,PF,Miami Heat,1399507,2013-14
274,Scotty Hopson,G,Cleveland Cavaliers,1388400,2013-14
275,Andray Blatche,C,Brooklyn Nets,1375604,2013-14
276,Kenneth Faried,F,Denver Nuggets,1367640,2013-14
277,Jared Sullinger,C,Boston Celtics,1365720,2013-14
278,Gorgui Dieng,C,Minnesota Timberwolves,1352640,2013-14
279,Dennis Schroder,G,Atlanta Hawks,1348200,2013-14
280,Victor Claver,PF,Portland Trail Blazers,1330000,2013-14
281,Mason Plumlee,C,Brooklyn Nets,1298640,2013-14
282,Francisco Garcia,SG,Houston Rockets,1265977,2013-14
283,Reggie Jackson,PG,Oklahoma City Thunder,1260360,2013-14
284,John Jenkins,G,Atlanta Hawks,1258800,2013-14
285,Solomon Hill,SF,Indiana Pacers,1246680,2013-14
286,MarShon Brooks,G,Los Angeles Lakers,1210080,2013-14
287,Hasheem Thabeet,C,Oklahoma City Thunder,1200000,2013-14
288,Pero Antic,PF,Atlanta Hawks,1200000,2013-14
289,Tim Hardaway Jr.,G,New York Knicks,1196760,2013-14
290,Jordan Hamilton,SG,Houston Rockets,1169880,2013-14
291,Tony Wroten,SG,Philadelphia 76ers,1160040,2013-14
292,Reggie Bullock Jr.,SF,LA Clippers,1149000,2013-14
293,Patty Mills,PG,San Antonio Spurs,1133950,2013-14
294,Miles Plumlee,C,Phoenix Suns,1121520,2013-14
295,Cory Joseph,PG,San Antonio Spurs,1120920,2013-14
296,Jimmy Butler III,F,Chicago Bulls,1112880,2013-14
297,Nick Young,G,Los Angeles Lakers,1106942,2013-14
298,Arnett Moultrie,PF,Philadelphia 76ers,1089240,2013-14
299,Perry Jones,SF,Oklahoma City Thunder,1082520,2013-14
300,Rudy Gobert,C,Utah Jazz,1078800,2013-14
301,Marquis Teague,G,Brooklyn Nets,1074720,2013-14
302,Festus Ezeli,C,Portland Trail Blazers,1066920,2013-14
303,Archie Goodwin,SG,Phoenix Suns,1064400,2013-14
304,Nemanja Nedovic,PG,Golden State Warriors,1056720,2013-14
305,Kyle Singler,F,Detroit Pistons,1045000,2013-14
306,Anthony Morrow,SG,New Orleans Pelicans,1027424,2013-14
307,Lance Stephenson,G,Indiana Pacers,1005000,2013-14
308,Andrew Bynum,C,Indiana Pacers,1000000,2013-14
309,Ish Smith,PG,Phoenix Suns,951463,2013-14
310,Omri Casspi,F,Houston Rockets,947907,2013-14
311,Byron Mullens,C,Philadelphia 76ers,947907,2013-14
312,Alan Anderson,SG,Brooklyn Nets,947907,2013-14
313,Austin Daye,SF,San Antonio Spurs,947907,2013-14
314,Chandler Parsons,SF,Houston Rockets,926500,2013-14
315,Jon Leuer,F,Memphis Grizzlies,900000,2013-14
316,Shelvin Mack,G,Atlanta Hawks,884293,2013-14
317,Jannero Pargo,PG,Charlotte Bobcats,884293,2013-14
318,Ryan Hollins,C,LA Clippers,884293,2013-14
319,Garrett Temple,G,Washington Wizards,884293,2013-14
320,Josh Harrellson,C,Detroit Pistons,884293,2013-14
321,Wesley Johnson,F,Los Angeles Lakers,884293,2013-14
322,Nazr Mohammed,C,Chicago Bulls,884293,2013-14
323,Jordan Farmar,PG,Los Angeles Lakers,884293,2013-14
324,Earl Watson,PG,Portland Trail Blazers,884293,2013-14
325,Isaiah Thomas,G,Sacramento Kings,884293,2013-14
326,DeJuan Blair,C,Dallas Mavericks,884293,2013-14
327,E'Twaun Moore,G,Orlando Magic,884293,2013-14
328,Aaron Brooks,G,Denver Nuggets,884293,2013-14
329,Rasual Butler,SF,Indiana Pacers,884293,2013-14
330,Xavier Henry,SG,Los Angeles Lakers,884293,2013-14
331,Kenyon Martin,F,New York Knicks,884293,2013-14
332,Greg Oden,C,Miami Heat,884293,2013-14
333,P.J. Tucker,PF,Phoenix Suns,884293,2013-14
334,Shaun Livingston,G,Brooklyn Nets,884293,2013-14
335,Beno Udrih,PG,Memphis Grizzlies,884293,2013-14
336,Donald Sloan,G,Indiana Pacers,884293,2013-14
337,Mike Miller,SG,Memphis Grizzlies,884293,2013-14
338,Devin Harris,G,Dallas Mavericks,884293,2013-14
339,Julyan Stone,G,Toronto Raptors,884293,2013-14
340,Anthony Tolliver,PF,Charlotte Bobcats,884293,2013-14
341,Cole Aldrich,C,New York Knicks,884293,2013-14
342,Draymond Green,F,Golden State Warriors,875500,2013-14
343,Allen Crabbe,G,Portland Trail Blazers,825000,2013-14
344,Elliot Williams,SG,Philadelphia 76ers,797545,2013-14
345,Brian Roberts,PG,New Orleans Pelicans,788872,2013-14
346,Jeffery Taylor,SF,Charlotte Bobcats,788872,2013-14
347,Aron Baynes,C,San Antonio Spurs,788872,2013-14
348,Will Barton,G,Portland Trail Blazers,788872,2013-14
349,Henry Sims,C,Philadelphia 76ers,788872,2013-14
350,Darius Miller,SF,New Orleans Pelicans,788872,2013-14
351,Kent Bazemore,SF,Los Angeles Lakers,788872,2013-14
352,Quincy Acy,F,Sacramento Kings,788872,2013-14
353,Mike Scott,PF,Atlanta Hawks,788872,2013-14
354,Kyle O'Quinn,C,Orlando Magic,788872,2013-14
355,Khris Middleton,F,Milwaukee Bucks,788872,2013-14
356,Jae Crowder,PF,Dallas Mavericks,788872,2013-14
357,Patrick Beverley,PG,Houston Rockets,788872,2013-14
358,Bernard James,C,Dallas Mavericks,788872,2013-14
359,Robert Sacre,C,Los Angeles Lakers,788872,2013-14
360,Andre Roberson,F,Oklahoma City Thunder,740560,2013-14
361,Diante Garrett,PG,Utah Jazz,719266,2013-14
362,Malcolm Thomas,PF,Utah Jazz,702233,2013-14
363,Dwight Buycks,G,Toronto Raptors,700000,2013-14
364,Hilton Armstrong,PF,Golden State Warriors,660619,2013-14
365,Chris Douglas-Roberts,SG,Charlotte Bobcats,660619,2013-14
366,D.J. Augustin,G,Chicago Bulls,650215,2013-14
367,Alexis Ajinca,C,New Orleans Pelicans,635880,2013-14
368,James Johnson,PF,Memphis Grizzlies,634610,2013-14
369,Isaiah Canaan,G,Houston Rockets,570515,2013-14
370,Jeremy Tyler,C,New York Knicks,556584,2013-14
371,Kendall Marshall,PG,Los Angeles Lakers,547570,2013-14
372,Ricky Ledo,SG,Dallas Mavericks,544000,2013-14
373,Jamaal Franklin,F,Memphis Grizzlies,535000,2013-14
374,Ray McCallum,PG,Sacramento Kings,524616,2013-14
375,Carrick Felix,SG,Cleveland Cavaliers,510000,2013-14
376,Nate Wolters,PG,Milwaukee Bucks,500000,2013-14
377,Tony Mitchell,PF,Detroit Pistons,500000,2013-14
378,Nick Calathes,SG,Memphis Grizzlies,490180,2013-14
379,Glen Rice Jr.,SG,Washington Wizards,490180,2013-14
380,Matthew Dellavedova,PG,Cleveland Cavaliers,490180,2013-14
381,James Southerland,SF,New Orleans Pelicans,490180,2013-14
382,Robert Covington,PF,Houston Rockets,490180,2013-14
383,Peyton Siva,PG,Detroit Pistons,490180,2013-14
384,Brandon Davies,PF,Philadelphia 76ers,490180,2013-14
385,Toure' Murry,SF,New York Knicks,490180,2013-14
386,Ryan Kelly,PF,Los Angeles Lakers,490180,2013-14
387,Phil Pressey,PG,Boston Celtics,490180,2013-14
388,Ognjen Kuzmic,C,Golden State Warriors,490180,2013-14
389,Robbie Hummel,SF,Minnesota Timberwolves,490180,2013-14
390,Jeff Withey,C,New Orleans Pelicans,490180,2013-14
391,Dionte Christmas,SG,Phoenix Suns,490180,2013-14
392,Ian Clark,G,Utah Jazz,490180,2013-14
393,Gal Mekel,PG,Dallas Mavericks,490180,2013-14
394,Erik Jay Murphy,PF,Chicago Bulls,490180,2013-14
395,Hollis Thompson,F,Philadelphia 76ers,473604,2013-14
396,Hedo Turkoglu,SF,LA Clippers,473357,2013-14
397,Leandro Barbosa,G,Phoenix Suns,410936,2013-14
398,Luke Babbitt,F,New Orleans Pelicans,387995,2013-14
399,Chris Johnson,SG,Boston Celtics,320189,2013-14
400,Shavlik Randolph,PF,Phoenix Suns,306037,2013-14
401,Dewayne Dedmon,C,Orlando Magic,300000,2013-14
402,Jason Collins,C,Brooklyn Nets,275691,2013-14
403,Danny Granger,SF,LA Clippers,249683,2013-14
404,Caron Butler,SF,Oklahoma City Thunder,244489,2013-14
405,Jimmer Fredette,G,Chicago Bulls,239279,2013-14
406,Shannon Brown,PG,New York Knicks,188438,2013-14
407,Jarvis Varnado,PF,Philadelphia 76ers,171696,2013-14
408,Troy Daniels,G,Houston Rockets,158588,2013-14
409,Mike Muscala,C,Atlanta Hawks,138404,2013-14
410,Cartier Martin,PF,Chicago Bulls,104034,2013-14
411,D.J. White,PF,Charlotte Bobcats,104028,2013-14
412,Justin Hamilton,C,Charlotte Bobcats,98036,2013-14
413,Chris Babb,SG,Boston Celtics,77852,2013-14
414,Ronnie Brewer,SF,Chicago Bulls,69792,2013-14
415,Damion James,SF,San Antonio Spurs,68902,2013-14
416,Mike James,PG,Chicago Bulls,57627,2013-14
417,Jorge Gutierrez,G,Brooklyn Nets,54785,2013-14
418,Drew Gooden,PF,Washington Wizards,52017,2013-14
419,Othyus Jeffers,SG,San Antonio Spurs,52017,2013-14
420,Lou Amundson,PF,Chicago Bulls,48854,2013-14
421,Jared Cunningham,G,Sacramento Kings,46404,2013-14
422,Melvin Ely,C,New Orleans Pelicans,29788,2013-14
423,Greg Smith,PF,Houston Rockets,15605,2013-14
424,Josh Powell,PF,Houston Rockets,13958,2013-14
425,Chris Wright,SF,Milwaukee Bucks,9281,2013-14
426,Lamar Odom,PF,New York Knicks,8232,2013-14
