﻿Rank,Player,Position,Team,Salary,Season
1,Kobe Bryant,SF,Los Angeles Lakers,23034375,2009-10
2,Jermaine O'Neal,C,Miami Heat,23016000,2009-10
3,Tracy McGrady,SG,New York Knicks,22843124,2009-10
4,Tim Duncan,C,San Antonio Spurs,22183220,2009-10
5,Shaquille O'Neal,C,Cleveland Cavaliers,21000000,2009-10
6,Dirk Nowitzki,F,Dallas Mavericks,19795714,2009-10
7,Paul Pierce,SF,Boston Celtics,19795712,2009-10
8,Ray Allen,SG,Boston Celtics,18776860,2009-10
9,Rashard Lewis,PF,Orlando Magic,18010791,2009-10
10,Michael Redd,SG,Milwaukee Bucks,17040000,2009-10
11,Pau Gasol,PF,Los Angeles Lakers,16452000,2009-10
12,Andrei Kirilenko,SF,Utah Jazz,16452000,2009-10
13,Kevin Garnett,PF,Boston Celtics,16417044,2009-10
14,Amar'e Stoudemire,C,Phoenix Suns,16378325,2009-10
15,Yao Ming,C,Houston Rockets,16378325,2009-10
16,Gilbert Arenas,PG,Washington Wizards,16192080,2009-10
17,Vince Carter,G,Orlando Magic,16123250,2009-10
18,Zach Randolph,F,Memphis Grizzlies,16000000,2009-10
19,Kenyon Martin,F,Denver Nuggets,15852511,2009-10
20,Dwyane Wade,G,Miami Heat,15779912,2009-10
21,Chris Bosh,PF,Toronto Raptors,15779912,2009-10
22,Carmelo Anthony,PF,Denver Nuggets,15779912,2009-10
23,LeBron James,F,Cleveland Cavaliers,15779912,2009-10
24,Dwight Howard,C,Orlando Magic,15202590,2009-10
25,Joe Johnson,G,Atlanta Hawks,14976754,2009-10
26,Elton Brand,PF,Philadelphia 76ers,14858472,2009-10
27,Richard Jefferson,F,San Antonio Spurs,14200000,2009-10
28,Chris Paul,G,New Orleans Hornets,13520500,2009-10
29,Deron Williams,PG,Utah Jazz,13520500,2009-10
30,Peja Stojakovic,SF,New Orleans Hornets,13392000,2009-10
31,Jason Richardson,SG,Phoenix Suns,13333332,2009-10
32,Steve Nash,PG,Phoenix Suns,13125000,2009-10
33,Tony Parker,G,San Antonio Spurs,12600000,2009-10
34,Andrew Bynum,C,Los Angeles Lakers,12500000,2009-10
35,Carlos Boozer,PF,Utah Jazz,12323900,2009-10
36,Brad Miller,C,Chicago Bulls,12250000,2009-10
37,Andre Iguodala,F,Philadelphia 76ers,12200000,2009-10
38,Erick Dampier,C,Dallas Mavericks,12115500,2009-10
39,Baron Davis,PG,LA Clippers,12100000,2009-10
40,Chauncey Billups,PG,Denver Nuggets,12100000,2009-10
41,Samuel Dalembert,C,Philadelphia 76ers,12025694,2009-10
42,Al Jefferson,C,Minnesota Timberwolves,12000000,2009-10
43,Tyson Chandler,C,Charlotte Bobcats,11700000,2009-10
44,Antawn Jamison,PF,Cleveland Cavaliers,11641095,2009-10
45,Richard Hamilton,SG,Detroit Pistons,11375000,2009-10
46,Bobby Simmons,SF,New Jersey Nets,11242666,2009-10
47,Troy Murphy,PF,Indiana Pacers,11047619,2009-10
48,Monta Ellis,SG,Golden State Warriors,11000000,2009-10
49,Josh Howard,SF,Washington Wizards,10890000,2009-10
50,Josh Smith,PF,Atlanta Hawks,10800000,2009-10
51,Emeka Okafor,C,New Orleans Hornets,10797500,2009-10
52,Manu Ginobili,G,San Antonio Spurs,10728130,2009-10
53,Nene Hilario,C,Denver Nuggets,10520000,2009-10
54,Eddy Curry,NA,New York Knicks,10500423,2009-10
55,Chris Kaman,C,LA Clippers,10400000,2009-10
56,Luol Deng,F,Chicago Bulls,10365000,2009-10
57,Tayshaun Prince,SF,Detroit Pistons,10324380,2009-10
58,Danny Granger,SF,Indiana Pacers,10130500,2009-10
59,Al Harrington,PF,New York Knicks,10026875,2009-10
60,Andrew Bogut,C,Milwaukee Bucks,10000000,2009-10
61,Ben Gordon,SG,Detroit Pistons,10000000,2009-10
62,Mike Dunleavy,SG,Indiana Pacers,9780992,2009-10
63,Caron Butler,SF,Dallas Mavericks,9780970,2009-10
64,Mike Miller,SG,Washington Wizards,9780937,2009-10
65,Kevin Martin,SG,Houston Rockets,9680170,2009-10
66,Gerald Wallace,SF,Charlotte Bobcats,9500000,2009-10
67,Cuttino Mobley,SG,LA Clippers,9500000,2009-10
68,Kirk Hinrich,SG,Chicago Bulls,9500000,2009-10
69,Jamal Crawford,G,Atlanta Hawks,9360000,2009-10
70,Marcus Camby,C,Portland Trail Blazers,9150000,2009-10
71,Jason Terry,G,Dallas Mavericks,9075000,2009-10
72,David West,F,New Orleans Hornets,9075000,2009-10
73,Andris Biedrins,C,Golden State Warriors,9000000,2009-10
74,Boris Diaw,C,Charlotte Bobcats,9000000,2009-10
75,Mehmet Okur,C,Utah Jazz,9000000,2009-10
76,Hedo Turkoglu,SF,Toronto Raptors,9000000,2009-10
77,Corey Maggette,SF,Golden State Warriors,8937931,2009-10
78,Mo Williams,PG,Cleveland Cavaliers,8860000,2009-10
79,Kenny Thomas,PF,Sacramento Kings,8775000,2009-10
80,Quentin Richardson,SF,Miami Heat,8700000,2009-10
81,T.J. Ford,PG,Indiana Pacers,8500000,2009-10
82,Devin Harris,G,New Jersey Nets,8400000,2009-10
83,Jose Calderon,G,Toronto Raptors,8219009,2009-10
84,Jason Kidd,PG,Dallas Mavericks,8100000,2009-10
85,Jameer Nelson,G,Orlando Magic,8100000,2009-10
86,Mark Blount,C,Miami Heat,7967375,2009-10
87,Etan Thomas,C,Oklahoma City Thunder,7906088,2009-10
88,Paul Millsap,PF,Utah Jazz,7692932,2009-10
89,Stephen Jackson,SF,Charlotte Bobcats,7650000,2009-10
90,Darko Milicic,C,Minnesota Timberwolves,7540000,2009-10
91,Andres Nocioni,SF,Sacramento Kings,7500000,2009-10
92,Lamar Odom,PF,Los Angeles Lakers,7500000,2009-10
93,Marvin Williams,F,Atlanta Hawks,7500000,2009-10
94,Marko Jaric,PG,Brooklyn Nets,7100000,2009-10
95,Udonis Haslem,PF,Miami Heat,7100000,2009-10
96,David Lee,PF,New York Knicks,7000000,2009-10
97,Shane Battier,SF,Houston Rockets,6939200,2009-10
98,Joel Przybilla,C,Portland Trail Blazers,6857725,2009-10
99,Dan Gadzuric,C,Milwaukee Bucks,6749260,2009-10
100,Andre Miller,PG,Portland Trail Blazers,6730800,2009-10
101,Shawn Marion,SG,Dallas Mavericks,6635068,2009-10
102,Tony Battie,C,New Jersey Nets,6606600,2009-10
103,Leandro Barbosa,G,Phoenix Suns,6600000,2009-10
104,Antonio Daniels,PG,Philadelphia 76ers,6600000,2009-10
105,Jerome James,C,Chicago Bulls,6600000,2009-10
106,Andrea Bargnani,C,Toronto Raptors,6527491,2009-10
107,Luke Ridnour,PG,Milwaukee Bucks,6500000,2009-10
108,Charlie Villanueva,PF,Detroit Pistons,6500000,2009-10
109,Nazr Mohammed,C,Charlotte Bobcats,6466600,2009-10
110,Jared Jeffries,PF,Houston Rockets,6466600,2009-10
111,Mike James,PG,Washington Wizards,6466600,2009-10
112,Vladimir Radmanovic,SF,Golden State Warriors,6466600,2009-10
113,John Salmons,SF,Milwaukee Bucks,6429151,2009-10
114,Anderson Varejao,C,Cleveland Cavaliers,6363636,2009-10
115,Nick Collison,F,Oklahoma City Thunder,6250000,2009-10
116,Mike Bibby,PG,Atlanta Hawks,6217617,2009-10
117,Jason Kapono,SG,Philadelphia 76ers,6212960,2009-10
118,JR Smith,G,Denver Nuggets,6171426,2009-10
119,Jeff Foster,PF,Indiana Pacers,6077500,2009-10
120,Chris Duhon,PG,New York Knicks,6031800,2009-10
121,James Posey,SF,New Orleans Hornets,6031800,2009-10
122,Beno Udrih,PG,Sacramento Kings,6031800,2009-10
123,DeSagana Diop,C,Charlotte Bobcats,6031800,2009-10
124,Brendan Haywood,C,Dallas Mavericks,6000000,2009-10
125,Rasheed Wallace,PF,Boston Celtics,5854000,2009-10
126,Trevor Ariza,SF,Houston Rockets,5854000,2009-10
127,Metta World Peace,SF,Los Angeles Lakers,5854000,2009-10
128,Marcin Gortat,C,Orlando Magic,5854000,2009-10
129,LaMarcus Aldridge,C,Portland Trail Blazers,5844827,2009-10
130,Morris Peterson,SG,New Orleans Hornets,5800000,2009-10
131,Francisco Garcia,SG,Sacramento Kings,5800000,2009-10
132,Raymond Felton,G,Charlotte Bobcats,5501196,2009-10
133,Greg Oden,C,Portland Trail Blazers,5361240,2009-10
134,Mickael Pietrus,SF,Orlando Magic,5300000,2009-10
135,Adam Morrison,SF,Los Angeles Lakers,5257229,2009-10
136,Raja Bell,SG,Golden State Warriors,5250000,2009-10
137,Speedy Claxton,PG,Atlanta Hawks,5209454,2009-10
138,Derrick Rose,PG,Chicago Bulls,5184480,2009-10
139,Kyle Korver,G,Utah Jazz,5163636,2009-10
140,Nenad Krstic,C,Oklahoma City Thunder,5160832,2009-10
141,Derek Fisher,PG,Los Angeles Lakers,5048000,2009-10
142,Jason Maxiell,PF,Detroit Pistons,5000000,2009-10
143,Sasha Vujacic,SG,Los Angeles Lakers,5000000,2009-10
144,Nate Robinson,PG,Boston Celtics,5000000,2009-10
145,Jarrett Jack,G,Toronto Raptors,5000000,2009-10
146,Blake Griffin,PF,Boston Celtics,4983480,2009-10
147,Lou Williams,SG,Philadelphia 76ers,4972500,2009-10
148,Reggie Evans,C,Toronto Raptors,4960000,2009-10
149,Luke Walton,SF,Los Angeles Lakers,4840000,2009-10
150,Kevin Durant,F,Oklahoma City Thunder,4796880,2009-10
151,Zaza Pachulia,C,Atlanta Hawks,4750000,2009-10
152,Tyrus Thomas,PF,Charlotte Bobcats,4743598,2009-10
153,Matt Carroll,SG,Dallas Mavericks,4700000,2009-10
154,Michael Beasley,F,Miami Heat,4638600,2009-10
155,Drew Gooden,PF,LA Clippers,4580735,2009-10
156,Marcus Banks,PG,Toronto Raptors,4553793,2009-10
157,Darius Songaila,PF,New Orleans Hornets,4526000,2009-10
158,Antonio McDyess,PF,San Antonio Spurs,4500000,2009-10
159,Kendrick Perkins,C,Boston Celtics,4500000,2009-10
160,Hasheem Thabeet,C,Memphis Grizzlies,4458840,2009-10
161,Trenton Hassell,SF,New Jersey Nets,4350000,2009-10
162,Martell Webster,SF,Portland Trail Blazers,4344000,2009-10
163,James Jones,SG,Miami Heat,4330000,2009-10
164,Al Horford,C,Atlanta Hawks,4307640,2009-10
165,Delonte West,SG,Cleveland Cavaliers,4254250,2009-10
166,O.J. Mayo,SG,Memphis Grizzlies,4165560,2009-10
167,Ronny Turiaf,C,Golden State Warriors,4140000,2009-10
168,Bruce Bowen,SF,San Antonio Spurs,4100000,2009-10
169,Daniel Gibson,SG,Cleveland Cavaliers,4088500,2009-10
170,Greg Buckner,SG,Memphis Grizzlies,4080915,2009-10
171,James Harden,G,Oklahoma City Thunder,4004160,2009-10
172,Kwame Brown,C,Detroit Pistons,4000000,2009-10
173,Brandon Bass,PF,Orlando Magic,4000000,2009-10
174,Steve Blake,PG,LA Clippers,4000000,2009-10
175,Rasual Butler,SF,LA Clippers,3945000,2009-10
176,Amir Johnson,F,Toronto Raptors,3941667,2009-10
177,Brandon Roy,SG,Portland Trail Blazers,3910816,2009-10
178,Ryan Gomes,SF,Minnesota Timberwolves,3892500,2009-10
179,DeShawn Stevenson,SG,Dallas Mavericks,3883929,2009-10
180,Mike Conley,G,Memphis Grizzlies,3883800,2009-10
181,Kurt Thomas,PF,Milwaukee Bucks,3800000,2009-10
182,Roger Mason Jr.,SG,San Antonio Spurs,3780000,2009-10
183,Russell Westbrook,G,Oklahoma City Thunder,3755640,2009-10
184,CJ Miles,G,Utah Jazz,3700000,2009-10
185,Steven Hunter,C,Memphis Grizzlies,3696000,2009-10
186,Willie Green,SG,Philadelphia 76ers,3682000,2009-10
187,Ramon Sessions,G,Minnesota Timberwolves,3670667,2009-10
188,Chris Andersen,PF,Denver Nuggets,3650000,2009-10
189,Damien Wilkins,SG,Minnesota Timberwolves,3630000,2009-10
190,Tyreke Evans,G,Sacramento Kings,3610080,2009-10
191,Charlie Bell,SG,Milwaukee Bucks,3602960,2009-10
192,Travis Outlaw,SF,LA Clippers,3600000,2009-10
193,Randy Foye,SG,Washington Wizards,3575761,2009-10
194,Keyon Dooling,PG,New Jersey Nets,3564000,2009-10
195,Jeff Green,F,Oklahoma City Thunder,3516960,2009-10
196,Carlos Delfino,SG,Milwaukee Bucks,3500000,2009-10
197,Brian Cook,PF,Houston Rockets,3500000,2009-10
198,Brian Scalabrine,PF,Boston Celtics,3413793,2009-10
199,Kevin Love,F,Minnesota Timberwolves,3401040,2009-10
200,Marc Gasol,C,Memphis Grizzlies,3333333,2009-10
201,Luis Scola,F,Houston Rockets,3284667,2009-10
202,Rudy Gay,SF,Memphis Grizzlies,3280997,2009-10
203,Matt Bonner,C,San Antonio Spurs,3256500,2009-10
204,Yi Jianlian,SF,New Jersey Nets,3194400,2009-10
205,Kelenna Azubuike,SF,Golden State Warriors,3100000,2009-10
206,Danilo Gallinari,PF,New York Knicks,3089040,2009-10
207,Glen Davis,PF,Boston Celtics,3000004,2009-10
208,Jamario Moon,SF,Cleveland Cavaliers,3000000,2009-10
209,Eduardo Najera,PF,Dallas Mavericks,3000000,2009-10
210,Carl Landry,PF,Sacramento Kings,3000000,2009-10
211,Hakim Warrick,PF,Chicago Bulls,3000000,2009-10
212,Andray Blatche,C,Washington Wizards,3000000,2009-10
213,Grant Hill,SF,Phoenix Suns,3000000,2009-10
214,Chris Wilcox,PF,Detroit Pistons,3000000,2009-10
215,Jonny Flynn,PG,Minnesota Timberwolves,2969280,2009-10
216,Corey Brewer,F,Minnesota Timberwolves,2916120,2009-10
217,Kris Humphries,PF,New Jersey Nets,2900000,2009-10
218,Dorell Wright,SF,Miami Heat,2887165,2009-10
219,Eddie House,SG,New York Knicks,2862000,2009-10
220,Mark Madsen,PF,Minnesota Timberwolves,2840000,2009-10
221,JJ Redick,SG,Orlando Magic,2839408,2009-10
222,Eric Gordon,G,LA Clippers,2819880,2009-10
223,Hilton Armstrong,PF,Houston Rockets,2801198,2009-10
224,Earl Watson,PG,Indiana Pacers,2800000,2009-10
225,Thabo Sefolosha,F,Oklahoma City Thunder,2759628,2009-10
226,Ronnie Brewer,SF,Memphis Grizzlies,2717161,2009-10
227,Stephen Curry,G,Golden State Warriors,2710560,2009-10
228,Brandan Wright,F,Houston Rockets,2671440,2009-10
229,Anthony Parker,SG,Cleveland Cavaliers,2644231,2009-10
230,Joe Alexander,SF,Chicago Bulls,2583360,2009-10
231,Maurice Evans,SG,Atlanta Hawks,2500000,2009-10
232,Sebastian Telfair,PG,Cleveland Cavaliers,2500000,2009-10
233,Dahntay Jones,SG,Indiana Pacers,2500000,2009-10
234,Tony Allen,SG,Boston Celtics,2500000,2009-10
235,Michael Finley,SG,Boston Celtics,2500000,2009-10
236,Jordan Hill,C,Houston Rockets,2483280,2009-10
237,Joakim Noah,C,Chicago Bulls,2455680,2009-10
238,Shawne Williams,SF,Minnesota Timberwolves,2416067,2009-10
239,Ricky Davis,SG,LA Clippers,2400000,2009-10
240,D.J. Augustin,G,Charlotte Bobcats,2374680,2009-10
241,Spencer Hawes,PF,Sacramento Kings,2332800,2009-10
242,David Andersen,C,Houston Rockets,2314815,2009-10
243,Craig Smith,PF,LA Clippers,2300000,2009-10
244,DeMar DeRozan,G,Toronto Raptors,2282640,2009-10
245,Brook Lopez,C,New Jersey Nets,2255880,2009-10
246,Acie Law,PG,Chicago Bulls,2216160,2009-10
247,Ryan Hollins,C,Minnesota Timberwolves,2183333,2009-10
248,Brandon Jennings,G,Milwaukee Bucks,2168520,2009-10
249,Chuck Hayes,PF,Houston Rockets,2147750,2009-10
250,Jerryd Bayless,G,Portland Trail Blazers,2143080,2009-10
251,Renaldo Balkman,SF,Denver Nuggets,2112417,2009-10
252,Thaddeus Young,F,Philadelphia 76ers,2105400,2009-10
253,Ersan Ilyasova,PF,Milwaukee Bucks,2100000,2009-10
254,Rajon Rondo,PG,Boston Celtics,2094923,2009-10
255,Anthony Johnson,PG,Orlando Magic,2062800,2009-10
256,Jarvis Hayes,SF,New Jersey Nets,2062800,2009-10
257,Brent Barry,SG,Houston Rockets,2062800,2009-10
258,Terrence Williams,SG,New Jersey Nets,2060040,2009-10
259,Josh Boone,C,New Jersey Nets,2056968,2009-10
260,Jason Thompson,PF,Sacramento Kings,2035920,2009-10
261,Kyle Lowry,G,Houston Rockets,2034996,2009-10
262,Julian Wright,SF,New Orleans Hornets,2000040,2009-10
263,Jannero Pargo,PG,Chicago Bulls,1990000,2009-10
264,Ronald Murray,SG,Chicago Bulls,1990000,2009-10
265,Rasho Nesterovic,C,Toronto Raptors,1990000,2009-10
266,Fabricio Oberto,C,Washington Wizards,1990000,2009-10
267,Marquis Daniels,SG,Boston Celtics,1990000,2009-10
268,Shannon Brown,PG,Los Angeles Lakers,1990000,2009-10
269,Channing Frye,F,Phoenix Suns,1990000,2009-10
270,Gerald Henderson,SG,Charlotte Bobcats,1957080,2009-10
271,Jordan Farmar,PG,Los Angeles Lakers,1947240,2009-10
272,Al Thornton,SF,Washington Wizards,1900200,2009-10
273,Mardy Collins,PG,LA Clippers,1867742,2009-10
274,Tyler Hansbrough,PF,Indiana Pacers,1859160,2009-10
275,Anthony Randolph,SF,Golden State Warriors,1837560,2009-10
276,Goran Dragic,PG,Phoenix Suns,1836000,2009-10
277,Rodney Stuckey,PG,Detroit Pistons,1805040,2009-10
278,Antoine Wright,SF,Toronto Raptors,1800000,2009-10
279,Earl Clark,SF,Phoenix Suns,1766280,2009-10
280,Robin Lopez,C,Phoenix Suns,1745520,2009-10
281,Nick Young,G,Washington Wizards,1714800,2009-10
282,Francisco Elson,C,Philadelphia 76ers,1700000,2009-10
283,Austin Daye,SF,Detroit Pistons,1677840,2009-10
284,Marreese Speights,F,Philadelphia 76ers,1658280,2009-10
285,J.J. Barea,G,Dallas Mavericks,1657500,2009-10
286,Sean Williams,PF,New Jersey Nets,1629120,2009-10
287,Hamed Ehaddadi,C,Memphis Grizzlies,1627779,2009-10
288,Solomon Jones,PF,Indiana Pacers,1620000,2009-10
289,Matt Barnes,SF,Orlando Magic,1600000,2009-10
290,Devean George,SF,Golden State Warriors,1600000,2009-10
291,James Johnson,PF,Chicago Bulls,1594080,2009-10
292,Roy Hibbert,C,Indiana Pacers,1575360,2009-10
293,Marco Belinelli,G,Toronto Raptors,1547640,2009-10
294,Oleksiy Pecherov,C,Minnesota Timberwolves,1547640,2009-10
295,Jrue Holiday,G,Philadelphia 76ers,1514280,2009-10
296,Sasha Pavlovic,SG,Minnesota Timberwolves,1500000,2009-10
297,JaVale McGee,C,Washington Wizards,1496640,2009-10
298,Javaris Crittenton,PG,Washington Wizards,1477920,2009-10
299,Ty Lawson,G,Denver Nuggets,1438680,2009-10
300,JJ Hickson,C,Cleveland Cavaliers,1429200,2009-10
301,Jason Smith,F,Philadelphia 76ers,1418880,2009-10
302,Jeff Teague,PG,Atlanta Hawks,1373880,2009-10
303,Alexis Ajinca,C,Charlotte Bobcats,1372080,2009-10
304,Daequan Cook,SG,Miami Heat,1362120,2009-10
305,Roko-Leni Ukic,PG,Milwaukee Bucks,1350000,2009-10
306,Eric Maynor,PG,Oklahoma City Thunder,1318920,2009-10
307,Ryan Anderson,PF,Orlando Magic,1317120,2009-10
308,Jared Dudley,SF,Phoenix Suns,1307640,2009-10
309,Malik Allen,PF,Denver Nuggets,1300000,2009-10
310,Darren Collison,PG,New Orleans Hornets,1266120,2009-10
311,Courtney Lee,G,New Jersey Nets,1264440,2009-10
312,Wilson Chandler,F,New York Knicks,1255440,2009-10
313,Ronnie Price,PG,Utah Jazz,1250000,2009-10
314,Kosta Koufos,C,Utah Jazz,1214040,2009-10
315,Omri Casspi,F,Sacramento Kings,1167000,2009-10
316,Byron Mullens,C,Oklahoma City Thunder,1120200,2009-10
317,Serge Ibaka,F,Oklahoma City Thunder,1120200,2009-10
318,Nicolas Batum,F,Portland Trail Blazers,1118760,2009-10
319,Aaron Brooks,G,Houston Rockets,1118520,2009-10
320,Devin Brown,SG,Chicago Bulls,1107572,2009-10
321,Arron Afflalo,G,Denver Nuggets,1086240,2009-10
322,George Hill,PG,San Antonio Spurs,1081680,2009-10
323,Rodrigue Beaubois,PG,Dallas Mavericks,1075440,2009-10
324,Alando Tucker,SF,Minnesota Timberwolves,1071720,2009-10
325,Darrell Arthur,F,Memphis Grizzlies,1050480,2009-10
326,Chris Quinn,PG,New Jersey Nets,1050387,2009-10
327,Royal Ivey,PG,Milwaukee Bucks,1050000,2009-10
328,Taj Gibson,F,Chicago Bulls,1039800,2009-10
329,D.J. White,PF,Oklahoma City Thunder,1036440,2009-10
330,Quinton Ross,SF,Washington Wizards,1033342,2009-10
331,Steve Novak,SF,LA Clippers,1031000,2009-10
332,James Singleton,F,Washington Wizards,1030189,2009-10
333,J.R. Giddens,SG,New York Knicks,1028880,2009-10
334,DeMarre Carroll,F,Memphis Grizzlies,1009680,2009-10
335,Wayne Ellington,SG,Minnesota Timberwolves,1003560,2009-10
336,C.J. Watson,PG,Golden State Warriors,1000497,2009-10
337,Aaron Gray,C,New Orleans Hornets,1000497,2009-10
338,Toney Douglas,PG,New York Knicks,996240,2009-10
339,Ian Mahinmi,C,San Antonio Spurs,989670,2009-10
340,Didier Ilunga-Mbenga,C,Los Angeles Lakers,959111,2009-10
341,Josh Powell,PF,Los Angeles Lakers,959111,2009-10
342,Yakhouba Diawara,SG,Miami Heat,945000,2009-10
343,Zydrunas Ilgauskas,C,Cleveland Cavaliers,925000,2009-10
344,Salim Stoudamire,SG,Atlanta Hawks,884881,2009-10
345,Kyle Weaver,SG,Oklahoma City Thunder,870968,2009-10
346,Kyrylo Fesenko,C,Utah Jazz,870000,2009-10
347,Donte Greene,SF,Sacramento Kings,870000,2009-10
348,Patrick O'Bryant,C,Toronto Raptors,855189,2009-10
349,Leon Powe,PF,Cleveland Cavaliers,855189,2009-10
350,Quincy Douby,SG,Sacramento Kings,855189,2009-10
351,Marcus Haislip,F,San Antonio Spurs,855189,2009-10
352,Lou Amundson,PF,Phoenix Suns,855189,2009-10
353,Mouhamed Sene,C,New York Knicks,855189,2009-10
354,Anthony Roberson,SG,Chicago Bulls,855189,2009-10
355,Tarence Kinsey,SG,Golden State Warriors,855189,2009-10
356,Randolph Morris,C,Atlanta Hawks,855189,2009-10
357,DeJuan Blair,C,San Antonio Spurs,850000,2009-10
358,Sean Marks,PF,New Orleans Hornets,825497,2009-10
359,Jason Williams,PG,Orlando Magic,825497,2009-10
360,Brian Skinner,PF,LA Clippers,825497,2009-10
361,Jamaal Magloire,C,Miami Heat,825497,2009-10
362,Paul Davis,C,Washington Wizards,825497,2009-10
363,Dominic McGuire,PF,Sacramento Kings,825497,2009-10
364,Kevin Ollie,PG,Oklahoma City Thunder,825497,2009-10
365,Ryan Bowen,SF,Oklahoma City Thunder,825497,2009-10
366,Marcus Williams,PG,Memphis Grizzlies,825497,2009-10
367,Luther Head,PG,Indiana Pacers,825497,2009-10
368,Desmond Mason,SF,Sacramento Kings,825497,2009-10
369,Jarron Collins,C,Phoenix Suns,825497,2009-10
370,Chucky Atkins,PG,Detroit Pistons,825497,2009-10
371,Keith Bogans,SG,San Antonio Spurs,825497,2009-10
372,Mikki Moore,C,Golden State Warriors,825497,2009-10
373,Linton Johnson,PF,Chicago Bulls,825497,2009-10
374,Adonal Foyle,C,Orlando Magic,825497,2009-10
375,James White,SG,New York Knicks,825497,2009-10
376,Ike Diogu,PF,New York Knicks,825497,2009-10
377,Jason Collins,C,Atlanta Hawks,825497,2009-10
378,Shelden Williams,C,Boston Celtics,825497,2009-10
379,Jason Hart,PG,New Orleans Hornets,825497,2009-10
380,Stephen Graham,SF,Charlotte Bobcats,825497,2009-10
381,Primoz Brezec,C,Milwaukee Bucks,825497,2009-10
382,Juwan Howard,PF,Portland Trail Blazers,825497,2009-10
383,Joe Smith,PF,Atlanta Hawks,825497,2009-10
384,Theo Ratliff,C,Charlotte Bobcats,825497,2009-10
385,Kareem Rush,SG,LA Clippers,825497,2009-10
386,Jermareo Davidson,PF,Golden State Warriors,825497,2009-10
387,Ben Wallace,PF,Detroit Pistons,825497,2009-10
388,Marcus Williams,SG,Denver Nuggets,825497,2009-10
389,Pops Mensah-Bonsu,PF,Toronto Raptors,825497,2009-10
390,Anthony Carter,PG,Denver Nuggets,825497,2009-10
391,Josh McRoberts,PF,Indiana Pacers,825497,2009-10
392,Tim Thomas,PF,Dallas Mavericks,825497,2009-10
393,Joey Graham,SF,Denver Nuggets,825497,2009-10
394,Lindsey Hunter,SG,Chicago Bulls,825497,2009-10
395,Rodney Carney,SG,Philadelphia 76ers,825497,2009-10
396,Gabe Pruitt,PG,Boston Celtics,825497,2009-10
397,Carlos Arroyo,PG,Miami Heat,825497,2009-10
398,Will Bynum,PG,Detroit Pistons,825497,2009-10
399,Johan Petro,C,Denver Nuggets,825497,2009-10
400,Sean May,C,Sacramento Kings,825479,2009-10
401,Sam Young,SF,Memphis Grizzlies,824200,2009-10
402,Ime Udoka,F,Sacramento Kings,786650,2009-10
403,Mario Chalmers,G,Miami Heat,756000,2009-10
404,Earl Boykins,PG,Washington Wizards,752659,2009-10
405,Jamaal Tinsley,PG,Memphis Grizzlies,738091,2009-10
406,Dontell Jefferson,SG,Charlotte Hornets,736420,2009-10
407,Mike Taylor,PG,LA Clippers,736420,2009-10
408,Malik Hairston,SG,San Antonio Spurs,736420,2009-10
409,Joe Crawford,SG,New York Knicks,736420,2009-10
410,Anthony Morrow,SG,Golden State Warriors,736420,2009-10
411,Sonny Weems,SG,Toronto Raptors,736420,2009-10
412,Sun Yue,SG,Los Angeles Lakers,736420,2009-10
413,Nathan Jawai,C,Minnesota Timberwolves,736420,2009-10
414,Walter Sharpe,PF,Detroit Pistons,736420,2009-10
415,Henry Walker,SF,New York Knicks,736420,2009-10
416,Darnell Jackson,PF,Milwaukee Bucks,736420,2009-10
417,Bobby Brown,PG,LA Clippers,736420,2009-10
418,Luc Mbah a Moute,F,Milwaukee Bucks,736420,2009-10
419,DeAndre Jordan,C,LA Clippers,736420,2009-10
420,Jawad Williams,SF,Cleveland Cavaliers,736420,2009-10
421,DeMarcus Nelson,SG,Chicago Bulls,736420,2009-10
422,Chris Douglas-Roberts,SG,New Jersey Nets,736420,2009-10
423,Othello Hunter,SF,Atlanta Hawks,736420,2009-10
424,Chase Budinger,SF,Houston Rockets,725000,2009-10
425,Jermaine Taylor,SG,Houston Rockets,725000,2009-10
426,Mike Wilks,PG,Oklahoma City Thunder,679821,2009-10
427,Allen Iverson,SG,Philadelphia 76ers,650686,2009-10
428,Jodie Meeks,G,Philadelphia 76ers,650000,2009-10
429,Chris Hunter,C,Golden State Warriors,632455,2009-10
430,Jonathan Bender,SF,New York Knicks,597271,2009-10
431,Rafer Alston,PG,Miami Heat,475875,2009-10
432,Derrick Byars,SF,Memphis Grizzlies,457588,2009-10
433,Trey Gilder,SF,Memphis Grizzlies,457588,2009-10
434,Dante Cunningham,F,Portland Trail Blazers,457588,2009-10
435,Derrick Brown,SF,Charlotte Bobcats,457588,2009-10
436,A.J. Price,PG,Indiana Pacers,457588,2009-10
437,Taylor Griffin,PF,Phoenix Suns,457588,2009-10
438,Danny Green,F,Cleveland Cavaliers,457588,2009-10
439,DaJuan Summers,SF,Detroit Pistons,457588,2009-10
440,Marcus Thornton,SG,New Orleans Hornets,457588,2009-10
441,Marcus Landry,SF,Boston Celtics,457588,2009-10
442,Patty Mills,PG,Portland Trail Blazers,457588,2009-10
443,Jeff Ayres,F,Portland Trail Blazers,457588,2009-10
444,Lester Hudson,SG,Memphis Grizzlies,457588,2009-10
445,Jon Brockman,PF,Sacramento Kings,457588,2009-10
446,Jonas Jerebko,F,Detroit Pistons,457588,2009-10
447,Deron Washington,NA,null Unknown,457588,2009-10
448,Wesley Matthews,SG,Utah Jazz,457588,2009-10
449,Mario West,SG,Atlanta Hawks,451595,2009-10
450,Anthony Tolliver,PF,Golden State Warriors,427316,2009-10
451,Jerry Stackhouse,SF,Milwaukee Bucks,422460,2009-10
452,Sundiata Gaines,PG,Utah Jazz,269169,2009-10
453,Shaun Livingston,G,Washington Wizards,228226,2009-10
454,Travis Diener,PG,Portland Trail Blazers,208802,2009-10
455,Chris Richard,PF,Chicago Bulls,186271,2009-10
456,Larry Hughes,SG,Charlotte Bobcats,160244,2009-10
457,Reggie Williams,SF,Golden State Warriors,118435,2009-10
458,Othyus Jeffers,SG,Utah Jazz,113051,2009-10
459,Brian Cardinal,PF,Minnesota Timberwolves,111685,2009-10
460,Mike Harris,SF,Washington Wizards,95301,2009-10
461,Garrett Temple,G,San Antonio Spurs,88826,2009-10
462,Kenny Hasbrouck,NA,null Unknown,75476,2009-10
463,Cartier Martin,PF,Washington Wizards,69310,2009-10
464,Earl Barron,C,New York Knicks,63127,2009-10
465,Curtis Jerrells,NA,null Unknown,59217,2009-10
466,Dwayne Jones II,PF,Phoenix Suns,48559,2009-10
467,Joey Dorsey,PF,Sacramento Kings,47651,2009-10
468,Alonzo Gee,SF,Washington Wizards,45759,2009-10
469,Shavlik Randolph,PF,Portland Trail Blazers,43703,2009-10
470,Mustafa Shakur,PG,Oklahoma City Thunder,40375,2009-10
471,Cedric Jackson,G,Washington Wizards,40375,2009-10
472,Alexander Johnson,SF,Miami Heat,29135,2009-10
473,Rob Kurz,SF,Boston Celtics,25991,2009-10
474,Coby Karl,PG,Golden State Warriors,17328,2009-10
475,Brian Butch,C,Utah Jazz,10767,2009-10
476,Greg Stiemsma,C,Portland Trail Blazers,5383,2009-10
477,Tony Gaffney,SF,Memphis Grizzlies,2692,2009-10
478,Oliver Lafayette,G,Boston Celtics,2692,2009-10
