﻿Rank,Player,Position,Team,Salary,Season
1,Shaquille O'Neal,C,Los Angeles Lakers,17142000,1999-00
2,Kevin Garnett,PF,Minnesota Timberwolves,16806000,1999-00
3,Alonzo Mourning,C,Miami Heat,15004000,1999-00
4,Juwan Howard,PF,Washington Wizards,15000000,1999-00
5,Scottie Pippen,SF,Portland Trail Blazers,14795000,1999-00
6,Karl Malone,PF,Utah Jazz,14000000,1999-00
7,Larry Johnson,F,New York Knicks,11910000,1999-00
8,Gary Payton,PG,Seattle SuperSonics,11020000,1999-00
9,Rasheed Wallace,PF,Portland Trail Blazers,10800000,1999-00
10,Shawn Kemp,C,Cleveland Cavaliers,10780000,1999-00
11,Damon Stoudamire,PG,Portland Trail Blazers,10125000,1999-00
12,Antonio McDyess,PF,Denver Nuggets,9900000,1999-00
13,Antoine Walker,PF,Boston Celtics,9000000,1999-00
14,Shareef Abdur-Rahim,PF,Vancouver Grizzlies,9000000,1999-00
15,Allen Iverson,SG,Philadelphia 76ers,9000000,1999-00
16,Vin Baker,PF,Seattle SuperSonics,9000000,1999-00
17,Anfernee Hardaway,SF,Phoenix Suns,9000000,1999-00
18,Ray Allen,SG,Milwaukee Bucks,9000000,1999-00
19,Kobe Bryant,SF,Los Angeles Lakers,9000000,1999-00
20,Stephon Marbury,PG,New Jersey Nets,9000000,1999-00
21,Vlade Divac,C,Sacramento Kings,8837000,1999-00
22,Bryant Reeves,C,Vancouver Grizzlies,8666000,1999-00
23,Tom Gugliotta,PF,Phoenix Suns,8558000,1999-00
24,Nick Van Exel,PG,Denver Nuggets,8354000,1999-00
25,Elden Campbell,C,Charlotte Hornets,7975000,1999-00
26,Terrell Brandon,PG,Minnesota Timberwolves,7400000,1999-00
27,Derrick Coleman,PF,Charlotte Hornets,7370000,1999-00
28,Glenn Robinson,SF,Milwaukee Bucks,7250000,1999-00
29,Steve Smith,SG,Portland Trail Blazers,7200000,1999-00
30,Kerry Kittles,SG,New Jersey Nets,7166000,1999-00
31,Chris Dudley,C,New York Knicks,7100000,1999-00
32,Theo Ratliff,C,Philadelphia 76ers,7031000,1999-00
33,Matt Geiger,C,Philadelphia 76ers,6889000,1999-00
34,Jason Kidd,PG,Phoenix Suns,6858000,1999-00
35,Kenny Anderson,PG,Boston Celtics,6680000,1999-00
36,Tyrone Hill,PF,Philadelphia 76ers,6422000,1999-00
37,Clifford Robinson,PF,Phoenix Suns,6125000,1999-00
38,Jamal Mashburn,SF,Miami Heat,5600000,1999-00
39,Steve Nash,PG,Dallas Mavericks,5500000,1999-00
40,Alan Henderson,PF,Atlanta Hawks,5318000,1999-00
41,Donyell Marshall,PF,Golden State Warriors,5250000,1999-00
42,Marcus Camby,C,New York Knicks,5250000,1999-00
43,Greg Ostertag,C,Utah Jazz,5200000,1999-00
44,Luc Longley,C,Phoenix Suns,5175000,1999-00
45,P.J. Brown,PF,Miami Heat,5124000,1999-00
46,Jermaine O'Neal,C,Portland Trail Blazers,5075000,1999-00
47,Erick Dampier,C,Golden State Warriors,4988000,1999-00
48,Wesley Person,SF,Cleveland Cavaliers,4900000,1999-00
49,Isaac Austin,C,Washington Wizards,4819000,1999-00
50,Loy Vaught,F,Detroit Pistons,4810000,1999-00
51,Robert Horry,PF,Los Angeles Lakers,4800000,1999-00
52,Derrick McKey,F,Indiana Pacers,4800000,1999-00
53,Jim Mcilvaine,C,New Jersey Nets,4800000,1999-00
54,Jerry Stackhouse,SF,Detroit Pistons,4781000,1999-00
55,Charlie Ward,PG,New York Knicks,4540000,1999-00
56,Dale Davis,PF,Indiana Pacers,4490000,1999-00
57,Lorenzen Wright,PF,Atlanta Hawks,4400000,1999-00
58,Mookie Blaylock,G,Golden State Warriors,4200000,1999-00
59,Chris Mills,SF,Golden State Warriors,4200000,1999-00
60,Chris Childs,G,New York Knicks,4160000,1999-00
61,Darrell Armstrong,PG,Orlando Magic,4125000,1999-00
62,Bryon Russell,SF,Utah Jazz,4000000,1999-00
63,Brent Barry,SG,Seattle SuperSonics,3960000,1999-00
64,Jason Caffey,F,Golden State Warriors,3937000,1999-00
65,Vitaly Potapenko,C,Boston Celtics,3810000,1999-00
66,Bob Sura,PG,Cleveland Cavaliers,3760000,1999-00
67,Walt Williams,F,Houston Rockets,3750000,1999-00
68,Scott Williams,C,Milwaukee Bucks,3750000,1999-00
69,Sam Cassell,PG,Milwaukee Bucks,3500000,1999-00
70,Michael Olowokandi,C,Los Angeles Clippers,3456000,1999-00
71,Elton Brand,PF,Chicago Bulls,3375000,1999-00
72,Eric Williams,PF,Boston Celtics,3336000,1999-00
73,Travis Best,PG,Indiana Pacers,3250000,1999-00
74,Michael Stewart,PF,Toronto Raptors,3200000,1999-00
75,Derek Strong,F,Orlando Magic,3159000,1999-00
76,Mike Bibby,PG,Vancouver Grizzlies,3092000,1999-00
77,Rick Fox,SF,Los Angeles Lakers,3033000,1999-00
78,Steve Francis,PG,Houston Rockets,3020000,1999-00
79,Derek Fisher,PG,Los Angeles Lakers,3000000,1999-00
80,Lamond Murray,SF,Cleveland Cavaliers,3000000,1999-00
81,Eric Snow,PG,Philadelphia 76ers,3000000,1999-00
82,Ervin Johnson,C,Milwaukee Bucks,2951000,1999-00
83,Brent Price,G,Vancouver Grizzlies,2944000,1999-00
84,Travis Knight,C,Los Angeles Lakers,2800000,1999-00
85,Raef LaFrentz,C,Denver Nuggets,2777000,1999-00
86,Tracy Murray,SF,Washington Wizards,2720000,1999-00
87,Tyrone Nesby,F,Los Angeles Clippers,2716000,1999-00
88,Baron Davis,PG,Charlotte Hornets,2712000,1999-00
89,Vonteego Cummings,PG,Golden State Warriors,2600000,1999-00
90,David Wesley,SG,Charlotte Hornets,2520000,1999-00
91,Dean Garrett,C,Minnesota Timberwolves,2520000,1999-00
92,Antawn Jamison,PF,Golden State Warriors,2503000,1999-00
93,Walter McCarty,PF,Boston Celtics,2500000,1999-00
94,Anthony Peeler,SG,Minnesota Timberwolves,2495000,1999-00
95,Lamar Odom,PF,Los Angeles Clippers,2445000,1999-00
96,Cedric Henderson,F,Cleveland Cavaliers,2400000,1999-00
97,Lawrence Funderburke,PF,Sacramento Kings,2400000,1999-00
98,Lindsey Hunter,SG,Detroit Pistons,2350000,1999-00
99,Malik Rose,PF,San Antonio Spurs,2285000,1999-00
100,Vince Carter,G,Toronto Raptors,2267000,1999-00
101,Jonathan Bender,SF,Indiana Pacers,2214000,1999-00
102,Dell Curry,G,Toronto Raptors,2100000,1999-00
103,Robert Traylor,PF,Milwaukee Bucks,2059000,1999-00
104,Othella Harrington,PF,Vancouver Grizzlies,2025000,1999-00
105,Wally Szczerbiak,SG,Minnesota Timberwolves,2011000,1999-00
106,Eric Montross,C,Detroit Pistons,2000000,1999-00
107,Eric Piatkowski,SG,Los Angeles Clippers,2000000,1999-00
108,Rodney Rogers,SF,Phoenix Suns,2000000,1999-00
109,Jamie Feick,F,New Jersey Nets,2000000,1999-00
110,John Wallace,SF,New York Knicks,2000000,1999-00
111,Terry Porter,G,San Antonio Spurs,2000000,1999-00
112,Shandon Anderson,SF,Houston Rockets,2000000,1999-00
113,Calbert Cheaney,SG,Boston Celtics,2000000,1999-00
114,Michael Curry,SF,Detroit Pistons,2000000,1999-00
115,George Lynch,SF,Philadelphia 76ers,2000000,1999-00
116,Grant Long,F,Vancouver Grizzlies,2000000,1999-00
117,Chris Crawford,SF,Atlanta Hawks,2000000,1999-00
118,Steve Kerr,G,San Antonio Spurs,1968000,1999-00
119,Vinny Del Negro,G,Milwaukee Bucks,1925000,1999-00
120,Sean Rooks,C,Dallas Mavericks,1920000,1999-00
121,Lucious Harris,SG,New Jersey Nets,1920000,1999-00
122,Jason Williams,PG,Sacramento Kings,1879000,1999-00
123,Richard Hamilton,SG,Washington Wizards,1836000,1999-00
124,Larry Hughes,SG,Golden State Warriors,1722000,1999-00
125,Andre Miller,PG,Cleveland Cavaliers,1682000,1999-00
126,Dirk Nowitzki,F,Dallas Mavericks,1583000,1999-00
127,Shawn Marion,SG,Phoenix Suns,1546000,1999-00
128,Paul Pierce,SF,Boston Celtics,1503000,1999-00
129,Jason Terry,G,Atlanta Hawks,1468000,1999-00
130,Bonzi Wells,SG,Portland Trail Blazers,1428000,1999-00
131,Trajan Langdon,SG,Cleveland Cavaliers,1394000,1999-00
132,Aleksandar Radojevic,C,Toronto Raptors,1325000,1999-00
133,Keon Clark,PF,Denver Nuggets,1289000,1999-00
134,Corey Maggette,SF,Orlando Magic,1259000,1999-00
135,Michael Dickerson,G,Vancouver Grizzlies,1224000,1999-00
136,William Avery,G,Minnesota Timberwolves,1196000,1999-00
137,Matt Harpring,SF,Orlando Magic,1163000,1999-00
138,Eldridge Recasner,G,Charlotte Hornets,1100000,1999-00
139,Metta World Peace,SF,Chicago Bulls,1079000,1999-00
140,Rasho Nesterovic,C,Minnesota Timberwolves,1050000,1999-00
141,Cal Bowdler,F,Atlanta Hawks,1025000,1999-00
142,James Posey,SF,Denver Nuggets,974000,1999-00
143,Pat Garrity,PF,Orlando Magic,952000,1999-00
144,Quincy Lewis,SG,Utah Jazz,930000,1999-00
145,Roshown McLeod,F,Atlanta Hawks,914000,1999-00
146,Dion Glover,SG,Atlanta Hawks,893000,1999-00
147,Ricky Davis,SG,Charlotte Hornets,878000,1999-00
148,Greg Foster,C,Seattle SuperSonics,857000,1999-00
149,Jeff Foster,PF,Indiana Pacers,857000,1999-00
150,Brian Skinner,PF,Los Angeles Clippers,843000,1999-00
151,Kenny Thomas,PF,Houston Rockets,823000,1999-00
152,Devean George,SF,Los Angeles Lakers,790000,1999-00
153,Al Harrington,PF,Indiana Pacers,745000,1999-00
154,Tim James,F,Miami Heat,728000,1999-00
155,Jumaine Jones,SF,Philadelphia 76ers,684000,1999-00
156,Scott Padgett,PF,Utah Jazz,679000,1999-00
157,Rafer Alston,PG,Milwaukee Bucks,301000,1999-00
