﻿Rank,Player,Position,Team,Salary,Season
1,Kobe Bryant,SF,Los Angeles Lakers,30453805,2012-13
2,Dirk Nowitzki,F,Dallas Mavericks,20907128,2012-13
3,Amar'e Stoudemire,C,New York Knicks,19948799,2012-13
4,Joe Johnson,G,Brooklyn Nets,19752645,2012-13
5,Carmelo Anthony,PF,New York Knicks,19444503,2012-13
6,Pau Gasol,PF,Los Angeles Lakers,19285850,2012-13
7,Chris Bosh,PF,Miami Heat,19067500,2012-13
8,LeBron James,F,Miami Heat,19067500,2012-13
9,Dwyane Wade,G,Miami Heat,18673000,2012-13
10,Chris Paul,G,LA Clippers,18668431,2012-13
11,Kevin Durant,F,Oklahoma City Thunder,17832626,2012-13
12,Derrick Rose,PG,Chicago Bulls,17632688,2012-13
13,Deron Williams,PG,Brooklyn Nets,17177795,2012-13
14,Andrew Bynum,C,Philadelphia 76ers,16889000,2012-13
15,Paul Pierce,SF,Boston Celtics,16790345,2012-13
16,Zach Randolph,F,Memphis Grizzlies,16500000,2012-13
17,Rudy Gay,SF,Toronto Raptors,16460538,2012-13
18,Carlos Boozer,PF,Chicago Bulls,15300000,2012-13
19,Andre Iguodala,F,Denver Nuggets,14968250,2012-13
20,Russell Westbrook,G,Oklahoma City Thunder,14693906,2012-13
21,Emeka Okafor,C,Washington Wizards,14487500,2012-13
22,Luol Deng,F,Chicago Bulls,14275000,2012-13
23,Manu Ginobili,G,San Antonio Spurs,14107492,2012-13
24,Marc Gasol,C,Memphis Grizzlies,13891359,2012-13
25,Blake Griffin,PF,LA Clippers,13701250,2012-13
26,Eric Gordon,G,New Orleans Hornets,13668750,2012-13
27,Brook Lopez,C,Brooklyn Nets,13668750,2012-13
28,Kevin Love,F,Minnesota Timberwolves,13668750,2012-13
29,Roy Hibbert,C,Indiana Pacers,13668750,2012-13
30,Tyson Chandler,C,New York Knicks,13604188,2012-13
31,LaMarcus Aldridge,C,Portland Trail Blazers,13500000,2012-13
32,Al Jefferson,C,Utah Jazz,13500000,2012-13
33,Ben Gordon,SG,Charlotte Bobcats,13200000,2012-13
34,Josh Smith,PF,Atlanta Hawks,13200000,2012-13
35,Danny Granger,SF,Indiana Pacers,13058606,2012-13
36,Andrew Bogut,C,Golden State Warriors,13000000,2012-13
37,Nene Hilario,C,Washington Wizards,13000000,2012-13
38,David Lee,PF,Golden State Warriors,12744000,2012-13
39,Tony Parker,G,San Antonio Spurs,12500000,2012-13
40,Kevin Martin,SG,Oklahoma City Thunder,12439675,2012-13
41,Serge Ibaka,F,Oklahoma City Thunder,12350000,2012-13
42,Kris Humphries,PF,Brooklyn Nets,12000000,2012-13
43,Hedo Turkoglu,SF,Orlando Magic,12000000,2012-13
44,Al Horford,C,Atlanta Hawks,12000000,2012-13
45,Kevin Garnett,PF,Boston Celtics,11566265,2012-13
46,Joakim Noah,C,Chicago Bulls,11100000,2012-13
47,Jose Calderon,G,Detroit Pistons,11046591,2012-13
48,Monta Ellis,SG,Milwaukee Bucks,11000000,2012-13
49,Rajon Rondo,PG,Boston Celtics,11000000,2012-13
50,DeAndre Jordan,C,LA Clippers,10986550,2012-13
51,Corey Maggette,SF,Detroit Pistons,10924138,2012-13
52,Mehmet Okur,C,Brooklyn Nets,10890000,2012-13
53,Nicolas Batum,F,Portland Trail Blazers,10850000,2012-13
54,Richard Jefferson,F,Golden State Warriors,10164000,2012-13
55,Stephen Jackson,SF,San Antonio Spurs,10059750,2012-13
56,JaVale McGee,C,Denver Nuggets,10000000,2012-13
57,Andrea Bargnani,C,Toronto Raptors,10000000,2012-13
58,David West,F,Indiana Pacers,10000000,2012-13
59,Andrei Kirilenko,SF,Minnesota Timberwolves,9779349,2012-13
60,Gerald Wallace,SF,Brooklyn Nets,9682435,2012-13
61,Tim Duncan,C,San Antonio Spurs,9638554,2012-13
62,Cuttino Mobley,SG,LA Clippers,9500000,2012-13
63,Danilo Gallinari,PF,Denver Nuggets,9439000,2012-13
64,Steve Nash,PG,Los Angeles Lakers,9300500,2012-13
65,Andris Biedrins,C,Golden State Warriors,9000000,2012-13
66,Ryan Anderson,PF,New Orleans Hornets,8700000,2012-13
67,Shawn Marion,SG,Dallas Mavericks,8646364,2012-13
68,Paul Millsap,PF,Utah Jazz,8603633,2012-13
69,Jameer Nelson,G,Orlando Magic,8600000,2012-13
70,Rodney Stuckey,PG,Detroit Pistons,8500000,2012-13
71,Mo Williams,PG,Utah Jazz,8500000,2012-13
72,Devin Harris,G,Atlanta Hawks,8500000,2012-13
73,Kendrick Perkins,C,Oklahoma City Thunder,8477437,2012-13
74,Jeff Green,F,Boston Celtics,8385000,2012-13
75,Jeremy Lin,G,Houston Rockets,8374646,2012-13
76,Omer Asik,C,Houston Rockets,8374646,2012-13
77,Anderson Varejao,C,Cleveland Cavaliers,8368182,2012-13
78,Thaddeus Young,F,Philadelphia 76ers,8289130,2012-13
79,Marvin Williams,F,Utah Jazz,8287500,2012-13
80,John Salmons,SF,Sacramento Kings,8083000,2012-13
81,Charlie Villanueva,PF,Detroit Pistons,8060000,2012-13
82,Tyrus Thomas,PF,Charlotte Bobcats,8000000,2012-13
83,Caron Butler,SF,LA Clippers,8000000,2012-13
84,Chris Kaman,C,Dallas Mavericks,8000000,2012-13
85,George Hill,PG,Indiana Pacers,8000000,2012-13
86,Mark Blount,C,Miami Heat,7967375,2012-13
87,Ersan Ilyasova,PF,Milwaukee Bucks,7900000,2012-13
88,Arron Afflalo,G,Orlando Magic,7750000,2012-13
89,Metta World Peace,SF,Los Angeles Lakers,7727500,2012-13
90,Trevor Ariza,SF,Washington Wizards,7727280,2012-13
91,Marcin Gortat,C,Phoenix Suns,7727280,2012-13
92,James Posey,SF,Indiana Pacers,7595600,2012-13
93,Marcus Thornton,SG,Sacramento Kings,7525000,2012-13
94,Mike Conley,G,Memphis Grizzlies,7505786,2012-13
95,Goran Dragic,PG,Phoenix Suns,7500000,2012-13
96,John Wall,PG,Washington Wizards,7459925,2012-13
97,Taj Gibson,F,Chicago Bulls,7415730,2012-13
98,Beno Udrih,PG,Orlando Magic,7372000,2012-13
99,Al Harrington,PF,Orlando Magic,7148600,2012-13
100,Tayshaun Prince,SF,Memphis Grizzlies,6764045,2012-13
101,JJ Redick,SG,Milwaukee Bucks,6750000,2012-13
102,Samuel Dalembert,C,Milwaukee Bucks,6698565,2012-13
103,Drew Gooden,PF,Milwaukee Bucks,6687400,2012-13
104,Morris Peterson,SG,Oklahoma City Thunder,6665000,2012-13
105,Andres Nocioni,SF,Madrid Real Madrid,6650000,2012-13
106,Jerome James,C,Chicago Bulls,6600000,2012-13
107,Wesley Matthews,SG,Portland Trail Blazers,6505320,2012-13
108,Spencer Hawes,PF,Philadelphia 76ers,6500000,2012-13
109,Glen Davis,PF,Orlando Magic,6400000,2012-13
110,Channing Frye,F,Phoenix Suns,6400000,2012-13
111,Landry Fields,SG,Toronto Raptors,6250000,2012-13
112,Mike Miller,SG,Miami Heat,6200000,2012-13
113,Francisco Garcia,SG,Houston Rockets,6100000,2012-13
114,Luke Walton,SF,Cleveland Cavaliers,6091363,2012-13
115,Amir Johnson,F,Toronto Raptors,6050000,2012-13
116,Michael Beasley,F,Phoenix Suns,6000000,2012-13
117,Brandon Bass,PF,Boston Celtics,6000000,2012-13
118,Wilson Chandler,F,Denver Nuggets,5930414,2012-13
119,James Harden,G,Houston Rockets,5820417,2012-13
120,Jason Richardson,SG,Philadelphia 76ers,5799625,2012-13
121,Kyle Lowry,G,Toronto Raptors,5750000,2012-13
122,Nick Young,G,Philadelphia 76ers,5600000,2012-13
123,Chuck Hayes,PF,Sacramento Kings,5486250,2012-13
124,Sasha Vujacic,SG,New York Knicks,5475113,2012-13
125,Jarrett Jack,G,Golden State Warriors,5400000,2012-13
126,Kyrie Irving,G,Cleveland Cavaliers,5375760,2012-13
127,Evan Turner,G,Philadelphia 76ers,5293080,2012-13
128,Tyreke Evans,G,Sacramento Kings,5250825,2012-13
129,Jason Thompson,PF,Sacramento Kings,5250000,2012-13
130,Zaza Pachulia,C,Atlanta Hawks,5248750,2012-13
131,Jamal Crawford,G,LA Clippers,5225000,2012-13
132,Antonio McDyess,PF,San Antonio Spurs,5220000,2012-13
133,Speedy Claxton,PG,Atlanta Hawks,5209454,2012-13
134,Martell Webster,SF,Washington Wizards,5150000,2012-13
135,Anthony Davis,F,New Orleans Hornets,5144280,2012-13
136,Brad Miller,C,New Orleans Pelicans,5104000,2012-13
137,Brandon Roy,SG,Minnesota Timberwolves,5100000,2012-13
138,Jason Maxiell,PF,Detroit Pistons,5000000,2012-13
139,Ramon Sessions,G,Charlotte Bobcats,5000000,2012-13
140,Andre Miller,PG,Denver Nuggets,5000000,2012-13
141,Kyle Korver,G,Atlanta Hawks,5000000,2012-13
142,Jason Terry,G,Boston Celtics,5000000,2012-13
143,Courtney Lee,G,Boston Celtics,5000000,2012-13
144,Richard Hamilton,SG,Chicago Bulls,5000000,2012-13
145,Lou Williams,SG,Atlanta Hawks,5000000,2012-13
146,Robin Lopez,C,New Orleans Hornets,4899293,2012-13
147,Marcus Banks,PG,New Orleans Pelicans,4847586,2012-13
148,Nikola Pekovic,C,Minnesota Timberwolves,4837200,2012-13
149,Darius Songaila,PF,Philadelphia 76ers,4818000,2012-13
150,Michael Kidd-Gilchrist,F,Charlotte Bobcats,4809840,2012-13
151,Derrick Williams,PF,Minnesota Timberwolves,4809840,2012-13
152,Luc Mbah a Moute,F,Milwaukee Bucks,4794192,2012-13
153,Daniel Gibson,SG,Cleveland Cavaliers,4792332,2012-13
154,Victor Oladipo,SG,Guangzhou Loong-Lions,4763760,2012-13
155,Derrick Favors,F,Utah Jazz,4753320,2012-13
156,Linas Kleiza,SF,Toronto Raptors,4600000,2012-13
157,Marcus Camby,C,New York Knicks,4590338,2012-13
158,Luis Scola,F,Phoenix Suns,4508504,2012-13
159,Boris Diaw,C,San Antonio Spurs,4500000,2012-13
160,Jonas Jerebko,F,Detroit Pistons,4500000,2012-13
161,J.J. Barea,G,Minnesota Timberwolves,4493500,2012-13
162,Udonis Haslem,PF,Miami Heat,4340000,2012-13
163,Bradley Beal,G,Washington Wizards,4319280,2012-13
164,Enes Freedom,C,Utah Jazz,4319280,2012-13
165,Wesley Johnson,F,Phoenix Suns,4285560,2012-13
166,Otto Porter Jr.,SF,Utah Jazz,4278000,2012-13
167,Jordan Farmar,PG,Sacramento Kings,4250000,2012-13
168,Jared Dudley,SF,Phoenix Suns,4250000,2012-13
169,Marreese Speights,F,Cleveland Cavaliers,4200000,2012-13
170,Dorell Wright,SF,Philadelphia 76ers,4106000,2012-13
171,Bruce Bowen,SF,San Antonio Spurs,4100000,2012-13
172,Charlie Bell,SG,Golden State Warriors,4099920,2012-13
173,Greg Buckner,SG,Memphis Grizzlies,4080915,2012-13
174,Kirk Hinrich,SG,Chicago Bulls,4059000,2012-13
175,Steve Novak,SF,New York Knicks,4054055,2012-13
176,O.J. Mayo,SG,Dallas Mavericks,4020000,2012-13
177,Luke Ridnour,PG,Minnesota Timberwolves,4000000,2012-13
178,JJ Hickson,C,Portland Trail Blazers,4000000,2012-13
179,Ian Mahinmi,C,Indiana Pacers,4000000,2012-13
180,Anthony Morrow,SG,Dallas Mavericks,4000000,2012-13
181,Carl Landry,PF,Golden State Warriors,4000000,2012-13
182,Hakim Warrick,PF,Charlotte Bobcats,4000000,2012-13
183,Mario Chalmers,G,Miami Heat,4000000,2012-13
184,Steve Blake,PG,Los Angeles Lakers,4000000,2012-13
185,Ryan Gomes,SF,Boston Celtics,4000000,2012-13
186,Stephen Curry,G,Golden State Warriors,3958742,2012-13
187,Tiago Splitter,C,San Antonio Spurs,3944000,2012-13
188,Thabo Sefolosha,F,Oklahoma City Thunder,3900000,2012-13
189,Tristan Thompson,C,Cleveland Cavaliers,3894240,2012-13
190,DeMarcus Cousins,C,Sacramento Kings,3880800,2012-13
191,Cody Zeller,C,Houston Rockets,3857040,2012-13
192,Ricky Rubio,PG,Minnesota Timberwolves,3741120,2012-13
193,Dion Waiters,G,Cleveland Cavaliers,3726600,2012-13
194,Matt Bonner,C,San Antonio Spurs,3630000,2012-13
195,Jordan Hill,C,Los Angeles Lakers,3563600,2012-13
196,Ekpe Udoh,F,Milwaukee Bucks,3524880,2012-13
197,Danny Green,F,San Antonio Spurs,3500000,2012-13
198,Shannon Brown,PG,Phoenix Suns,3500000,2012-13
199,Chris Duhon,PG,Los Angeles Lakers,3500000,2012-13
200,D.J. Augustin,G,Indiana Pacers,3500000,2012-13
201,Gerald Green,G,Indiana Pacers,3500000,2012-13
202,Alonzo Gee,SF,Cleveland Cavaliers,3500000,2012-13
203,Matt Carroll,SG,New Orleans Hornets,3500000,2012-13
204,Johan Petro,C,Atlanta Hawks,3500000,2012-13
205,Raymond Felton,G,New York Knicks,3480453,2012-13
206,Raja Bell,SG,Utah Jazz,3480000,2012-13
207,Jonas Valanciunas,C,Toronto Raptors,3374640,2012-13
208,Thomas Robinson,F,Houston Rockets,3374640,2012-13
209,DeMar DeRozan,G,Toronto Raptors,3344250,2012-13
210,Jan Vesely,PF,Washington Wizards,3340920,2012-13
211,Tony Allen,SG,Memphis Grizzlies,3300000,2012-13
212,Shane Battier,SF,Miami Heat,3270000,2012-13
213,Matt Barnes,SF,LA Clippers,3250000,2012-13
214,Will Bynum,PG,Detroit Pistons,3250000,2012-13
215,Corey Brewer,F,Denver Nuggets,3243000,2012-13
216,Ray Allen,SG,Miami Heat,3229050,2012-13
217,Greg Monroe,C,Detroit Pistons,3217680,2012-13
218,Mike Dunleavy,SG,Milwaukee Bucks,3183000,2012-13
219,Brandon Jennings,G,Milwaukee Bucks,3179493,2012-13
220,Timofey Mozgov,C,Denver Nuggets,3140429,2012-13
221,Shawne Williams,SF,Minnesota Timberwolves,3135000,2012-13
222,Jason Kidd,PG,New York Knicks,3090000,2012-13
223,Mirza Teletovic,PF,Brooklyn Nets,3090000,2012-13
224,Vince Carter,G,Dallas Mavericks,3090000,2012-13
225,Damian Lillard,G,Portland Trail Blazers,3065040,2012-13
226,Tyler Hansbrough,PF,Indiana Pacers,3055259,2012-13
227,Bismack Biyombo,C,Charlotte Bobcats,3049920,2012-13
228,Joel Freeland,C,Portland Trail Blazers,3013512,2012-13
229,Darrell Arthur,F,Memphis Grizzlies,3006217,2012-13
230,Lavoy Allen,F,Philadelphia 76ers,3000000,2012-13
231,Kosta Koufos,C,Denver Nuggets,3000000,2012-13
232,Travis Outlaw,SF,Sacramento Kings,3000000,2012-13
233,Jerryd Bayless,G,Memphis Grizzlies,3000000,2012-13
234,Carlos Delfino,SG,Houston Rockets,3000000,2012-13
235,Jeff Foster,PF,Indiana Pacers,3000000,2012-13
236,Austin Daye,SF,Memphis Grizzlies,2958077,2012-13
237,Al-Farouq Aminu,SF,New Orleans Hornets,2947800,2012-13
238,Alexey Shved,PG,Minnesota Timberwolves,2934610,2012-13
239,Dahntay Jones,SG,Atlanta Hawks,2900000,2012-13
240,Julian Wright,SF,Toronto Raptors,2858057,2012-13
241,Mark Madsen,PF,Minnesota Timberwolves,2840000,2012-13
242,Kwame Brown,C,Philadelphia 76ers,2819044,2012-13
243,James Johnson,PF,Sacramento Kings,2812006,2012-13
244,JR Smith,G,New York Knicks,2806452,2012-13
245,Harrison Barnes,F,Golden State Warriors,2798040,2012-13
246,Kevin Seraphin,C,Washington Wizards,2761114,2012-13
247,Eduardo Najera,PF,Charlotte Hornets,2750000,2012-13
248,Gordon Hayward,SF,Utah Jazz,2709720,2012-13
249,David Andersen,C,Fenerbahce Ulker Fenerbahce Ulker,2685185,2012-13
250,Brandon Knight,PG,Detroit Pistons,2678640,2012-13
251,Jrue Holiday,G,Philadelphia 76ers,2674852,2012-13
252,Josh McRoberts,PF,Charlotte Bobcats,2652000,2012-13
253,Quentin Richardson,SF,New York Knicks,2627400,2012-13
254,Eric Bledsoe,SG,LA Clippers,2626473,2012-13
255,Nick Collison,F,Oklahoma City Thunder,2585668,2012-13
256,Greg Stiemsma,C,Minnesota Timberwolves,2575000,2012-13
257,Aaron Gray,C,Toronto Raptors,2575000,2012-13
258,Paul George,F,Indiana Pacers,2574120,2012-13
259,Kemba Walker,PG,Charlotte Bobcats,2568360,2012-13
260,Terrence Ross,G,Toronto Raptors,2563320,2012-13
261,Ty Lawson,G,Denver Nuggets,2544529,2012-13
262,Randy Foye,SG,Utah Jazz,2500000,2012-13
263,Jason Smith,F,New Orleans Hornets,2500000,2012-13
264,Cole Aldrich,C,Sacramento Kings,2445480,2012-13
265,Jeff Teague,PG,Atlanta Hawks,2433077,2012-13
266,Aaron Brooks,G,Houston Rockets,2400000,2012-13
267,Ricky Davis,SG,LA Clippers,2400000,2012-13
268,Andre Drummond,C,Detroit Pistons,2356320,2012-13
269,Trevor Booker,F,Washington Wizards,2350820,2012-13
270,Jimmer Fredette,G,Sacramento Kings,2339040,2012-13
271,Xavier Henry,SG,New Orleans Hornets,2323200,2012-13
272,Earl Watson,PG,Utah Jazz,2300000,2012-13
273,Omri Casspi,F,Cleveland Cavaliers,2277306,2012-13
274,Anthony Parker,SG,Cleveland Cavaliers,2250000,2012-13
275,Ben Wallace,PF,Detroit Pistons,2246400,2012-13
276,DeShawn Stevenson,SG,Atlanta Hawks,2240450,2012-13
277,Austin Rivers,SG,New Orleans Hornets,2238360,2012-13
278,Rodrigue Beaubois,PG,Dallas Mavericks,2227333,2012-13
279,CJ Miles,G,Cleveland Cavaliers,2225000,2012-13
280,Klay Thompson,G,Golden State Warriors,2222160,2012-13
281,Ed Davis,C,Memphis Grizzlies,2207040,2012-13
282,Meyers Leonard,C,Portland Trail Blazers,2126520,2012-13
283,Jeremy Lamb,SG,Oklahoma City Thunder,2111160,2012-13
284,Alec Burks,SG,Utah Jazz,2111160,2012-13
285,Elton Brand,PF,Dallas Mavericks,2100500,2012-13
286,Patrick Patterson,PF,Sacramento Kings,2096760,2012-13
287,Markieff Morris,PF,Phoenix Suns,2091840,2012-13
288,Dante Cunningham,F,Minnesota Timberwolves,2090000,2012-13
289,Wayne Ellington,SG,Cleveland Cavaliers,2083042,2012-13
290,Toney Douglas,PG,Sacramento Kings,2067880,2012-13
291,Anthony Johnson,PG,Orlando Magic,2062800,2012-13
292,Brent Barry,SG,Houston Rockets,2062800,2012-13
293,Brendan Haywood,C,Charlotte Bobcats,2050000,2012-13
294,Eric Maynor,PG,Portland Trail Blazers,2016000,2012-13
295,Kendall Marshall,PG,Phoenix Suns,2005560,2012-13
296,Larry Sanders,PF,Milwaukee Bucks,1991760,2012-13
297,Rasho Nesterovic,C,Toronto Raptors,1990000,2012-13
298,Marcus Morris Sr.,F,Phoenix Suns,1987320,2012-13
299,Grant Hill,SF,LA Clippers,1975000,2012-13
300,Marco Belinelli,G,Chicago Bulls,1957000,2012-13
301,Darren Collison,PG,Dallas Mavericks,1900000,2012-13
302,Luke Babbitt,F,Portland Trail Blazers,1892280,2012-13
303,John Henson,F,Milwaukee Bucks,1823280,2012-13
304,Dikembe Mutombo,C,Houston Rockets,1823280,2012-13
305,Kawhi Leonard,F,San Antonio Spurs,1809840,2012-13
306,Maurice Harkless,SF,Orlando Magic,1809840,2012-13
307,Jeremy Evans,F,Utah Jazz,1794872,2012-13
308,Nikola Vucevic,C,Orlando Magic,1793520,2012-13
309,Donte Greene,SF,Memphis Grizzlies,1679914,2012-13
310,Chris Andersen,PF,Miami Heat,1679408,2012-13
311,Renaldo Balkman,SF,Dallas Mavericks,1675000,2012-13
312,Anthony Randolph,SF,Denver Nuggets,1674641,2012-13
313,Royce White,PF,Houston Rockets,1645440,2012-13
314,Iman Shumpert,G,New York Knicks,1633440,2012-13
315,Avery Bradley,PG,Boston Celtics,1630800,2012-13
316,Reggie Evans,C,Brooklyn Nets,1622617,2012-13
317,Chris Singleton,SF,Washington Wizards,1618680,2012-13
318,Sebastian Telfair,PG,Toronto Raptors,1567500,2012-13
319,Tyler Zeller,C,Cleveland Cavaliers,1563120,2012-13
320,Jodie Meeks,G,Los Angeles Lakers,1550000,2012-13
321,Tobias Harris,F,Orlando Magic,1545840,2012-13
322,Slava Kravtsov,C,Detroit Pistons,1500000,2012-13
323,John Lucas III,PG,Toronto Raptors,1500000,2012-13
324,Greg Oden,C,Miami Heat,1500000,2012-13
325,Jeff Ayres,F,Indiana Pacers,1500000,2012-13
326,Gary Forbes,F,Brooklyn Nets,1500000,2012-13
327,James Jones,SG,Miami Heat,1500000,2012-13
328,Gustavo Ayon,PF,Milwaukee Bucks,1500000,2012-13
329,Jared Jeffries,PF,Portland Trail Blazers,1475106,2012-13
330,Alexis Ajinca,C,LA Clippers,1467840,2012-13
331,Elliot Williams,SG,Portland Trail Blazers,1442880,2012-13
332,Tony Snell,SF,New Orleans Pelicans,1409040,2012-13
333,Craig Brackins,PF,Philadelphia 76ers,1404960,2012-13
334,Nando De Colo,G,San Antonio Spurs,1400000,2012-13
335,Willie Green,SG,LA Clippers,1399507,2012-13
336,Zydrunas Ilgauskas,C,Miami Heat,1399507,2012-13
337,Eddie House,SG,Miami Heat,1399507,2012-13
338,Rashard Lewis,PF,Miami Heat,1399507,2012-13
339,Nolan Smith,PG,Portland Trail Blazers,1365720,2012-13
340,Evan Fournier,SG,Denver Nuggets,1361400,2012-13
341,Jamaal Tinsley,PG,Utah Jazz,1352181,2012-13
342,Kurt Thomas,PF,New York Knicks,1352181,2012-13
343,Roko-Leni Ukic,PG,Milwaukee Bucks,1350000,2012-13
344,Kenneth Faried,F,Denver Nuggets,1311240,2012-13
345,Jared Sullinger,C,Boston Celtics,1306920,2012-13
346,Hamed Ehaddadi,C,Phoenix Suns,1300000,2012-13
347,Victor Claver,PF,Portland Trail Blazers,1300000,2012-13
348,Dominique Jones,SG,Dallas Mavericks,1276560,2012-13
349,Reggie Jackson,PG,Oklahoma City Thunder,1260360,2012-13
350,Fab Melo,C,Boston Celtics,1254720,2012-13
351,Quincy Pondexter,F,Memphis Grizzlies,1234320,2012-13
352,Sasha Pavlovic,SG,Portland Trail Blazers,1232713,2012-13
353,John Jenkins,G,Atlanta Hawks,1204560,2012-13
354,Hasheem Thabeet,C,Oklahoma City Thunder,1200000,2012-13
355,Jordan Crawford,G,Boston Celtics,1198680,2012-13
356,Greivis Vasquez,PG,New Orleans Hornets,1191240,2012-13
357,Christian Eyenga,SF,Orlando Magic,1174080,2012-13
358,MarShon Brooks,G,Brooklyn Nets,1160040,2012-13
359,Jared Cunningham,G,Dallas Mavericks,1156320,2012-13
360,Reggie Bullock Jr.,SF,Houston Rockets,1149000,2012-13
361,Ronnie Price,PG,Portland Trail Blazers,1146337,2012-13
362,Jordan Hamilton,SG,Denver Nuggets,1121520,2012-13
363,Jimmy Butler III,F,Chicago Bulls,1112880,2012-13
364,Andre Roberson,F,Brooklyn Nets,1110840,2012-13
365,Tony Wroten,SG,Memphis Grizzlies,1110120,2012-13
366,Stephen Graham,SF,Milwaukee Bucks,1106941,2012-13
367,Joey Graham,SF,Cleveland Cavaliers,1106941,2012-13
368,JaJuan Johnson,PF,Houston Rockets,1089240,2012-13
369,Patty Mills,PG,San Antonio Spurs,1085120,2012-13
370,Perry Jones,SF,Oklahoma City Thunder,1082520,2012-13
371,Marquis Teague,G,Chicago Bulls,1074720,2012-13
372,Cory Joseph,PG,San Antonio Spurs,1074720,2012-13
373,Miles Plumlee,C,Indiana Pacers,1073280,2012-13
374,Alando Tucker,SF,Minnesota Timberwolves,1071720,2012-13
375,Von Wafer,SG,Orlando Magic,1069509,2012-13
376,Kelenna Azubuike,SF,Cleveland Cavaliers,1069509,2012-13
377,Luke Harangody,PF,Cleveland Cavaliers,1054389,2012-13
378,DeJuan Blair,C,San Antonio Spurs,1054000,2012-13
379,Arnett Moultrie,PF,Philadelphia 76ers,1042320,2012-13
380,Quinton Ross,SF,Brooklyn Nets,1033342,2012-13
381,Jawad Williams,SF,Cleveland Cavaliers,1029389,2012-13
382,Festus Ezeli,C,Golden State Warriors,1020960,2012-13
383,Kyle Singler,F,Detroit Pistons,1000000,2012-13
384,Jon Brockman,PF,Houston Rockets,1000000,2012-13
385,C.J. Watson,PG,Brooklyn Nets,992680,2012-13
386,Brandan Wright,F,Dallas Mavericks,992680,2012-13
387,Ivan Johnson,PF,Atlanta Hawks,962195,2012-13
388,Daniel Orton,C,Oklahoma City Thunder,916099,2012-13
389,Ish Smith,PG,Milwaukee Bucks,910941,2012-13
390,Chandler Parsons,SF,Houston Rockets,888250,2012-13
391,Chase Budinger,SF,Minnesota Timberwolves,885120,2012-13
392,Henry Walker,SF,Miami Heat,885120,2012-13
393,DeMarre Carroll,F,Utah Jazz,885120,2012-13
394,Alexander Johnson,SF,Miami Heat,885120,2012-13
395,Pops Mensah-Bonsu,PF,Denver Nuggets,885120,2012-13
396,Salim Stoudamire,SG,Atlanta Hawks,884881,2012-13
397,Ryan Hollins,C,LA Clippers,884293,2012-13
398,Garrett Temple,G,Washington Wizards,884293,2012-13
399,Nazr Mohammed,C,Chicago Bulls,884293,2012-13
400,Malcolm Thomas,PF,Chicago Bulls,884293,2012-13
401,Malcolm Lee,SG,Minnesota Timberwolves,884293,2012-13
402,E'Twaun Moore,G,Orlando Magic,884293,2012-13
403,DeAndre Liggins,G,Oklahoma City Thunder,884293,2012-13
404,P.J. Tucker,PF,Phoenix Suns,884293,2012-13
405,Patrick Ewing Jr.,SF,New Orleans Pelicans,884293,2012-13
406,Lance Stephenson,G,Indiana Pacers,870000,2012-13
407,Quincy Douby,SG,Sacramento Kings,855189,2012-13
408,Marcus Haislip,F,San Antonio Spurs,855189,2012-13
409,Mouhamed Sene,C,New York Knicks,855189,2012-13
410,Anthony Roberson,SG,Chicago Bulls,855189,2012-13
411,Javaris Crittenton,PG,Washington Wizards,854389,2012-13
412,Darius Miles,SF,Memphis Grizzlies,854389,2012-13
413,Kyle Weaver,SG,Memphis Grizzlies,854389,2012-13
414,Luke Jackson,SF,Miami Heat,854389,2012-13
415,Josh Davis,SF,Memphis Grizzlies,854389,2012-13
416,Kenny Thomas,PF,Sacramento Kings,854389,2012-13
417,Jamaal Magloire,C,Toronto Raptors,854389,2012-13
418,Melvin Ely,C,Washington Wizards,854389,2012-13
419,Maurice Evans,SG,Washington Wizards,854389,2012-13
420,Hassan Whiteside,C,Utah Jazz,854389,2012-13
421,Trey Gilder,SF,Utah Jazz,854389,2012-13
422,Mike Harris,SF,Utah Jazz,854389,2012-13
423,Dwayne Jones II,PF,Utah Jazz,854389,2012-13
424,Royal Ivey,PG,Philadelphia 76ers,854389,2012-13
425,Derrick Brown,SF,San Antonio Spurs,854389,2012-13
426,Malik Hairston,SG,San Antonio Spurs,854389,2012-13
427,Darryl Watkins,C,New Orleans Pelicans,854389,2012-13
428,Trey Johnson,SG,Sacramento Kings,854389,2012-13
429,Antoine Wright,SF,Sacramento Kings,854389,2012-13
430,Sean May,C,Sacramento Kings,854389,2012-13
431,Luther Head,PG,Sacramento Kings,854389,2012-13
432,Roger Mason Jr.,SG,New Orleans Hornets,854389,2012-13
433,Coby Karl,PG,Denver Nuggets,854389,2012-13
434,Craig Smith,PF,Portland Trail Blazers,854389,2012-13
435,Fabricio Oberto,C,Portland Trail Blazers,854389,2012-13
436,A.J. Price,PG,Washington Wizards,854389,2012-13
437,Leandro Barbosa,G,Boston Celtics,854389,2012-13
438,Sonny Weems,SG,Philadelphia 76ers,854389,2012-13
439,Keith Bogans,SG,Brooklyn Nets,854389,2012-13
440,Francisco Elson,C,Philadelphia 76ers,854389,2012-13
441,Tony Battie,C,Philadelphia 76ers,854389,2012-13
442,Larry Hughes,SG,Orlando Magic,854389,2012-13
443,Malik Allen,PF,Orlando Magic,854389,2012-13
444,James White,SG,New York Knicks,854389,2012-13
445,Didier Ilunga-Mbenga,C,New York Knicks,854389,2012-13
446,Rasheed Wallace,PF,New York Knicks,854389,2012-13
447,Baron Davis,PG,New York Knicks,854389,2012-13
448,Mike Bibby,PG,Memphis Grizzlies,854389,2012-13
449,Andray Blatche,C,Brooklyn Nets,854389,2012-13
450,Jason Collins,C,Washington Wizards,854389,2012-13
451,Jerry Stackhouse,SF,Brooklyn Nets,854389,2012-13
452,Marko Jaric,PG,Brooklyn Nets,854389,2012-13
453,Kyrylo Fesenko,C,Minnesota Timberwolves,854389,2012-13
454,Shelden Williams,C,Brooklyn Nets,854389,2012-13
455,Maurice Ager,SF,Minnesota Timberwolves,854389,2012-13
456,Rasual Butler,SF,Minnesota Timberwolves,854389,2012-13
457,Marquis Daniels,SG,Milwaukee Bucks,854389,2012-13
458,Josh Powell,PF,Milwaukee Bucks,854389,2012-13
459,Joel Przybilla,C,Milwaukee Bucks,854389,2012-13
460,Dan Gadzuric,C,Los Angeles Lakers,854389,2012-13
461,Joe Smith,PF,Los Angeles Lakers,854389,2012-13
462,Theo Ratliff,C,Los Angeles Lakers,854389,2012-13
463,Alan Anderson,SG,Toronto Raptors,854389,2012-13
464,Sundiata Gaines,PG,Indiana Pacers,854389,2012-13
465,Darnell Jackson,PF,Indiana Pacers,854389,2012-13
466,Blake Ahearn,G,Indiana Pacers,854389,2012-13
467,Damien Wilkins,SG,Philadelphia 76ers,854389,2012-13
468,Joe Alexander,SF,Golden State Warriors,854389,2012-13
469,Jason Kapono,SG,Golden State Warriors,854389,2012-13
470,T.J. Ford,PG,Golden State Warriors,854389,2012-13
471,Jermaine O'Neal,C,Phoenix Suns,854389,2012-13
472,Jonny Flynn,PG,Portland Trail Blazers,854389,2012-13
473,Cartier Martin,PF,Washington Wizards,854389,2012-13
474,Brian Cook,PF,Detroit Pistons,854389,2012-13
475,Joey Dorsey,PF,Barcelona FC Barcelona,854389,2012-13
476,Josh Childress,F,Brooklyn Nets,854389,2012-13
477,Anthony Carter,PG,Denver Nuggets,854389,2012-13
478,Delonte West,SG,Dallas Mavericks,854389,2012-13
479,Eddy Curry,NA,Dallas Mavericks,854389,2012-13
480,Tim Thomas,PF,Dallas Mavericks,854389,2012-13
481,Brian Cardinal,PF,Dallas Mavericks,854389,2012-13
482,Samardo Samuels,PF,Cleveland Cavaliers,854389,2012-13
483,Chris Richard,PF,Chicago Bulls,854389,2012-13
484,Ronnie Brewer,SF,Oklahoma City Thunder,854389,2012-13
485,Brian Scalabrine,PF,Chicago Bulls,854389,2012-13
486,Vladimir Radmanovic,SF,Chicago Bulls,854389,2012-13
487,Anthony Tolliver,PF,Atlanta Hawks,854389,2012-13
488,D.J. Strawberry,SG,Phoenix Suns,854389,2012-13
489,Rodney Carney,SG,New Orleans Pelicans,854389,2012-13
490,Nate Robinson,PG,Chicago Bulls,854389,2012-13
491,Darko Milicic,C,Boston Celtics,854389,2012-13
492,Chris Wilcox,PF,Boston Celtics,854389,2012-13
493,Gary Neal,PG,San Antonio Spurs,854389,2012-13
494,Dexter Pittman,C,Memphis Grizzlies,854389,2012-13
495,Earl Barron,C,New York Knicks,854389,2012-13
496,Etan Thomas,C,Atlanta Hawks,854389,2012-13
497,Draymond Green,F,Golden State Warriors,850000,2012-13
498,Troy Murphy,PF,Dallas Mavericks,839312,2012-13
499,Solomon Alabi,C,Philadelphia 76ers,830000,2012-13
500,Michael Redd,SG,Phoenix Suns,826828,2012-13
501,Paul Davis,C,Washington Wizards,825497,2012-13
502,Kevin Ollie,PG,Oklahoma City Thunder,825497,2012-13
503,Ryan Bowen,SF,Oklahoma City Thunder,825497,2012-13
504,Desmond Mason,SF,Sacramento Kings,825497,2012-13
505,Linton Johnson,PF,Chicago Bulls,825497,2012-13
506,Jason Hart,PG,New Orleans Pelicans,825497,2012-13
507,Kareem Rush,SG,LA Clippers,825497,2012-13
508,Jermareo Davidson,PF,Golden State Warriors,825497,2012-13
509,Marcus Williams,SG,Denver Nuggets,825497,2012-13
510,Lindsey Hunter,SG,Phoenix Suns,825497,2012-13
511,Tyler Honeycutt,SF,Sacramento Kings,809875,2012-13
512,Sean Marks,PF,Portland Trail Blazers,799105,2012-13
513,Ike Diogu,PF,New York Knicks,792377,2012-13
514,Solomon Jones,PF,New York Knicks,792377,2012-13
515,Jeffery Taylor,SF,Charlotte Bobcats,788872,2012-13
516,Andy Rautins,SG,Toronto Raptors,788872,2012-13
517,Marcus Cousin,C,San Antonio Spurs,788872,2012-13
518,Da'Sean Butler,NA,null Unknown,788872,2012-13
519,Robert Vaden,SG,San Antonio Spurs,788872,2012-13
520,Zabian Dowdell,PG,Phoenix Suns,788872,2012-13
521,Terrico White,G,Perth Perth,788872,2012-13
522,Kyle O'Quinn,C,Orlando Magic,788872,2012-13
523,Jarvis Varnado,PF,Boston Celtics,788872,2012-13
524,Marqus Blakely,SF,Houston Rockets,788872,2012-13
525,Willie Warren,SG,LA Clippers,788872,2012-13
526,Maalik Wayns,PG,LA Clippers,788872,2012-13
527,Doron Lamb,SG,Orlando Magic,788872,2012-13
528,Robert Sacre,C,Los Angeles Lakers,788872,2012-13
529,Pape Sy,SF,Atlanta Hawks,788872,2012-13
530,Magnum Rolle,NA,null Unknown,788872,2012-13
531,Jermaine Taylor,SG,Cleveland Cavaliers,780871,2012-13
532,Josh Howard,SF,Minnesota Timberwolves,773976,2012-13
533,Shaun Livingston,G,Cleveland Cavaliers,773976,2012-13
534,Yi Jianlian,SF,Los Angeles Lakers,771706,2012-13
535,Cory Higgins,PG,Charlotte Bobcats,762195,2012-13
536,D.J. Kennedy,SG,Memphis Grizzlies,762195,2012-13
537,Travis Leslie,PG,Utah Jazz,762195,2012-13
538,Brian Butch,C,Utah Jazz,762195,2012-13
539,Hamady Ndiaye,C,Sacramento Kings,762195,2012-13
540,Isaiah Thomas,G,Sacramento Kings,762195,2012-13
541,Jerome Dyson,PG,Phoenix Suns,762195,2012-13
542,Garret Siler,C,Phoenix Suns,762195,2012-13
543,Taylor Griffin,PF,Phoenix Suns,762195,2012-13
544,Charles Jenkins,PG,Philadelphia 76ers,762195,2012-13
545,Justin Harper,PF,Philadelphia 76ers,762195,2012-13
546,Mickell Gladness,C,Orlando Magic,762195,2012-13
547,Mychel Thompson,SF,New York Knicks,762195,2012-13
548,Lance Thomas,F,New Orleans Hornets,762195,2012-13
549,Jordan Williams,C,Bilbao Basket,762195,2012-13
550,Greg Smith,PF,Houston Rockets,762195,2012-13
551,Jon Leuer,F,Memphis Grizzlies,762195,2012-13
552,Darington Hobson,SG,Milwaukee Bucks,762195,2012-13
553,Kenny Hasbrouck,NA,null Unknown,762195,2012-13
554,Derrick Caracter,PF,Flamengo Flamengo,762195,2012-13
555,Trey Thompkins,PF,LA Clippers,762195,2012-13
556,Courtney Fortson,PG,Houston Rockets,762195,2012-13
557,Jeremy Tyler,C,Atlanta Hawks,762195,2012-13
558,Diamon Simpson,SF,Houston Rockets,762195,2012-13
559,Xavier Silas,G,Denver Nuggets,762195,2012-13
560,Josh Selby,PG,Memphis Grizzlies,762195,2012-13
561,Semih Erden,C,Fenerbahce Ulker Fenerbahce Ulker,762195,2012-13
562,Julyan Stone,G,Denver Nuggets,762195,2012-13
563,Jerome Jordan,C,New Orleans Pelicans,762195,2012-13
564,Curtis Jerrells,NA,null Unknown,762195,2012-13
565,Dontell Jefferson,SG,Charlotte Hornets,736420,2012-13
566,Mike Taylor,PG,LA Clippers,736420,2012-13
567,Joe Crawford,SG,New York Knicks,736420,2012-13
568,Sun Yue,SG,Los Angeles Lakers,736420,2012-13
569,Walter Sharpe,PF,Detroit Pistons,736420,2012-13
570,DeMarcus Nelson,SG,Chicago Bulls,736420,2012-13
571,Ime Udoka,F,Brooklyn Nets,708640,2012-13
572,Mickael Pietrus,SF,Toronto Raptors,698589,2012-13
573,Mike Wilks,PG,Oklahoma City Thunder,679821,2012-13
574,Brian Skinner,PF,Memphis Grizzlies,668434,2012-13
575,Quincy Acy,F,Toronto Raptors,665000,2012-13
576,Allen Iverson,SG,Philadelphia 76ers,650686,2012-13
577,Acie Law,PG,Golden State Warriors,633253,2012-13
578,Jae Crowder,PF,Dallas Mavericks,600491,2012-13
579,Chris Douglas-Roberts,SG,Dallas Mavericks,582995,2012-13
580,Will Barton,G,Portland Trail Blazers,550000,2012-13
581,Orlando Johnson,SG,Indiana Pacers,550000,2012-13
582,Lazar Hayward,SF,Minnesota Timberwolves,542788,2012-13
583,James Anderson,SG,Houston Rockets,532737,2012-13
584,Jason Williams,PG,Orlando Magic,524964,2012-13
585,Daequan Cook,SG,Chicago Bulls,512633,2012-13
586,Mike James,PG,Dallas Mavericks,502581,2012-13
587,Glen Rice Jr.,SG,Washington Wizards,490180,2012-13
588,Erik Jay Murphy,PF,Boston Celtics,490180,2012-13
589,Ryan Reid,PF,Oklahoma City Thunder,475000,2012-13
590,Brian Roberts,PG,New Orleans Hornets,473604,2012-13
591,Josh Akognon,PG,Dallas Mavericks,473604,2012-13
592,Steven Gray,G,Washington Wizards,473604,2012-13
593,Darius Miller,SF,New Orleans Hornets,473604,2012-13
594,Chris Wright,SF,Oklahoma City Thunder,473604,2012-13
595,Sherron Collins,PG,Charlotte Hornets,473604,2012-13
596,Kent Bazemore,SF,Golden State Warriors,473604,2012-13
597,Hollis Thompson,F,Sacramento Kings,473604,2012-13
598,Pooh Jeter,PG,Sacramento Kings,473604,2012-13
599,Diante Garrett,PG,Phoenix Suns,473604,2012-13
600,Luke Zeller,PF,Phoenix Suns,473604,2012-13
601,Devin Searcy,PF,Philadelphia 76ers,473604,2012-13
602,Mike Scott,PF,Atlanta Hawks,473604,2012-13
603,Kevin Murphy,SG,Utah Jazz,473604,2012-13
604,Stanley Robinson,NA,null Unknown,473604,2012-13
605,John Shurna,SF,New York Knicks,473604,2012-13
606,Oscar Bellfield,PG,New York Knicks,473604,2012-13
607,Chris Smith,PG,New York Knicks,473604,2012-13
608,Carleton Scott,SF,Brooklyn Nets,473604,2012-13
609,Dennis Horner,PF,Brooklyn Nets,473604,2012-13
610,Stephen Dennis,PG,Brooklyn Nets,473604,2012-13
611,Brian Zoubek,NA,null Unknown,473604,2012-13
612,James Mays,PF,Brooklyn Nets,473604,2012-13
613,Darius Johnson-Odom,G,Los Angeles Lakers,473604,2012-13
614,Micheal Eric,PF,Milwaukee Bucks,473604,2012-13
615,Khris Middleton,F,Detroit Pistons,473604,2012-13
616,Tiny Gallon,NA,null Unknown,473604,2012-13
617,Robert Dozier,PF,Miami Heat,473604,2012-13
618,Greg Somogyi,C,Los Angeles Lakers,473604,2012-13
619,Reeves Nelson,SF,Los Angeles Lakers,473604,2012-13
620,DeQuan Jones,SF,Orlando Magic,473604,2012-13
621,Luke Nevill,C,Indiana Pacers,473604,2012-13
622,Pablo Prigioni,PG,New York Knicks,473604,2012-13
623,Matt Janning,SG,Denver Nuggets,473604,2012-13
624,Tu Holloway,NA,null Unknown,473604,2012-13
625,Bernard James,C,Dallas Mavericks,473604,2012-13
626,Dionte Christmas,SG,Philadelphia 76ers,473604,2012-13
627,Ben Hansbrough,PG,Indiana Pacers,473604,2012-13
628,Tornike Shengelia,SF,Brooklyn Nets,473604,2012-13
629,Kim English,SG,Detroit Pistons,473604,2012-13
630,Chris Copeland,SF,New York Knicks,473604,2012-13
631,Tyshawn Taylor,PG,Brooklyn Nets,473604,2012-13
632,Vernon Macklin,PF,New Orleans Pelicans,473604,2012-13
633,Jamar Smith,SG,Boston Celtics,473604,2012-13
634,Ismail Muhammad,SG,Atlanta Hawks,473604,2012-13
635,Carldell Johnson,PG,Atlanta Hawks,473604,2012-13
636,Marcus Landry,SF,Milwaukee Bucks,457588,2012-13
637,Deron Washington,NA,null Unknown,457588,2012-13
638,Sam Young,SF,Indiana Pacers,402065,2012-13
639,Peja Stojakovic,SF,Dallas Mavericks,402065,2012-13
640,Kevin Jones,PF,Cleveland Cavaliers,390027,2012-13
641,Walker Russell Jr.,PG,Oklahoma City Thunder,374300,2012-13
642,Mickael Gelabale,SF,Minnesota Timberwolves,346781,2012-13
643,Chris Johnson,C,Minnesota Timberwolves,346781,2012-13
644,Patrick Beverley,PG,Houston Rockets,281376,2012-13
645,Jeremy Pargo,PG,Philadelphia 76ers,264527,2012-13
646,Gilbert Arenas,PG,Memphis Grizzlies,261829,2012-13
647,Derek Fisher,PG,Oklahoma City Thunder,261343,2012-13
648,Manny Harris,PG,Dallas Mavericks,252016,2012-13
649,Terrence Williams,SG,Boston Celtics,244710,2012-13
650,Aron Baynes,C,San Antonio Spurs,239588,2012-13
651,Bobby Simmons,SF,LA Clippers,234268,2012-13
652,Mustafa Shakur,PG,Oklahoma City Thunder,226162,2012-13
653,Earl Boykins,PG,Houston Rockets,220487,2012-13
654,Al Thornton,SF,Golden State Warriors,211084,2012-13
655,Travis Diener,PG,Portland Trail Blazers,208802,2012-13
656,Leon Powe,PF,Memphis Grizzlies,201033,2012-13
657,Ben Uzoh,PG,Denver Nuggets,190548,2012-13
658,Lou Amundson,PF,New Orleans Hornets,185955,2012-13
659,Kenyon Martin,F,New York Knicks,170878,2012-13
660,Chris Quinn,PG,Cleveland Cavaliers,169340,2012-13
661,Shavlik Randolph,PF,Boston Celtics,163500,2012-13
662,D.J. White,PF,Boston Celtics,156234,2012-13
663,James Singleton,F,Washington Wizards,151585,2012-13
664,Tim Ohlbrecht,PF,Houston Rockets,144867,2012-13
665,Juwan Howard,PF,Miami Heat,135697,2012-13
666,Armon Johnson,PG,Brooklyn Nets,104494,2012-13
667,Shelvin Mack,G,Atlanta Hawks,103121,2012-13
668,Terrel Harris,SG,New Orleans Hornets,94154,2012-13
669,Morris Almond,SG,Washington Wizards,75793,2012-13
670,Mikki Moore,C,Golden State Warriors,75793,2012-13
671,Keyon Dooling,PG,Memphis Grizzlies,75387,2012-13
672,DaJuan Summers,SF,LA Clippers,72892,2012-13
673,Damion James,SF,Brooklyn Nets,68902,2012-13
674,Dominic McGuire,PF,Indiana Pacers,68902,2012-13
675,Josh Harrellson,C,Miami Heat,61467,2012-13
676,Donald Sloan,G,New Orleans Hornets,61467,2012-13
677,Chris Johnson,SG,Memphis Grizzlies,55718,2012-13
678,Lester Hudson,SG,LA Clippers,48232,2012-13
679,Justin Holiday,F,Philadelphia 76ers,47360,2012-13
680,Jerel McNeal,SG,Utah Jazz,44835,2012-13
681,Cedric Jackson,G,Cleveland Cavaliers,40375,2012-13
682,Jeff Foote,C,New Orleans Pelicans,38194,2012-13
683,Othyus Jeffers,SG,Minnesota Timberwolves,35868,2012-13
684,Henry Sims,C,New Orleans Hornets,27859,2012-13
685,Kris Joseph,SF,Brooklyn Nets,27859,2012-13
686,Chris Wright,PG,Dallas Mavericks,27859,2012-13
687,Larry Owens,SF,Brooklyn Nets,22287,2012-13
688,Mario West,SG,Brooklyn Nets,20103,2012-13
