﻿Rank,Player,Position,Team,Salary,Season
1,Stephen Curry,G,Golden State Warriors,55761216,2024-25
2,Joel Embiid,C,Philadelphia 76ers,51415938,2024-25
3,Nikola Jokic,C,Denver Nuggets,51415938,2024-25
4,Kevin Durant,F,Phoenix Suns,51179021,2024-25
5,Bradley Beal,G,Phoenix Suns,50203930,2024-25
6,Kawhi Leonard,F,LA Clippers,49350000,2024-25
7,Devin Booker,G,Phoenix Suns,49205800,2024-25
8,Paul George,F,Philadelphia 76ers,49205800,2024-25
9,Karl-Anthony Towns,C,New York Knicks,49205800,2024-25
10,Jaylen Brown,G,Boston Celtics,49205800,2024-25
11,Jimmy Butler III,F,Golden State Warriors,48798677,2024-25
12,Giannis Antetokounmpo,F,Milwaukee Bucks,48787676,2024-25
13,Damian Lillard,G,Milwaukee Bucks,48787676,2024-25
14,LeBron James,F,Los Angeles Lakers,48728845,2024-25
15,Zach LaVine,G,Sacramento Kings,44531940,2024-25
16,Rudy Gobert,C,Minnesota Timberwolves,43827587,2024-25
17,Anthony Davis,F,Dallas Mavericks,43219440,2024-25
18,Luka Doncic,G,Los Angeles Lakers,43031940,2024-25
19,Trae Young,G,Atlanta Hawks,43031940,2024-25
20,Fred VanVleet,G,Houston Rockets,42846615,2024-25
21,Lauri Markkanen,F,Utah Jazz,42176400,2024-25
22,Anthony Edwards,G,Minnesota Timberwolves,42176400,2024-25
23,Tyrese Haliburton,G,Indiana Pacers,42176000,2024-25
24,Pascal Siakam,F,Indiana Pacers,42176000,2024-25
25,Kyrie Irving,G,Dallas Mavericks,41000000,2024-25
26,Domantas Sabonis,F,Sacramento Kings,40500000,2024-25
27,Ja Morant,G,Memphis Grizzlies,36725670,2024-25
28,Darius Garland,G,Cleveland Cavaliers,36725670,2024-25
29,Zion Williamson,F,New Orleans Pelicans,36725670,2024-25
30,OG Anunoby,F,New York Knicks,36637931,2024-25
31,Brandon Ingram,F,New Orleans Pelicans,36016200,2024-25
32,Jamal Murray,G,Denver Nuggets,36016200,2024-25
33,Shai Gilgeous-Alexander,G,Oklahoma City Thunder,35859950,2024-25
34,Michael Porter Jr.,F,Denver Nuggets,35859950,2024-25
35,Donovan Mitchell,G,Cleveland Cavaliers,35410310,2024-25
36,LaMelo Ball,G,Charlotte Hornets,35147000,2024-25
37,Tyrese Maxey,G,Philadelphia 76ers,35147000,2024-25
38,De'Aaron Fox,G,San Antonio Spurs,34848340,2024-25
39,Bam Adebayo,C,Miami Heat,34848340,2024-25
40,Jayson Tatum,F,Boston Celtics,34848340,2024-25
41,Desmond Bane,G,Memphis Grizzlies,34005250,2024-25
42,Deandre Ayton,C,Portland Trail Blazers,34005126,2024-25
43,James Harden,G,LA Clippers,33653846,2024-25
44,CJ McCollum,G,New Orleans Pelicans,33333333,2024-25
45,Julius Randle,F,Minnesota Timberwolves,33073920,2024-25
46,Immanuel Quickley,G,Toronto Raptors,32500000,2024-25
47,Khris Middleton,F,Washington Wizards,31666676,2024-25
48,Isaiah Hartenstein,C,Oklahoma City Thunder,30000000,2024-25
49,Jrue Holiday,G,Boston Celtics,30000000,2024-25
50,Jerami Grant,F,Portland Trail Blazers,29793104,2024-25
51,Jordan Poole,G,Washington Wizards,29651786,2024-25
52,Dejounte Murray,G,New Orleans Pelicans,29535801,2024-25
53,Devin Vassell,G,San Antonio Spurs,29347826,2024-25
54,Kristaps Porzingis,C,Boston Celtics,29268293,2024-25
55,Tyler Herro,G,Miami Heat,29000000,2024-25
56,Nic Claxton,C,Brooklyn Nets,27556817,2024-25
57,Miles Bridges,F,Charlotte Hornets,27173913,2024-25
58,John Collins,F,Utah Jazz,26580000,2024-25
59,Andrew Wiggins,F,Miami Heat,26276786,2024-25
60,Anfernee Simons,G,Portland Trail Blazers,25892857,2024-25
61,RJ Barrett,F,Toronto Raptors,25794643,2024-25
62,Tobias Harris,F,Detroit Pistons,25365854,2024-25
63,Jaren Jackson Jr.,F,Memphis Grizzlies,25257798,2024-25
64,Jonathan Isaac,F,Orlando Magic,25000000,2024-25
65,Jalen Brunson,G,New York Knicks,24960001,2024-25
66,Terry Rozier,G,Miami Heat,24924126,2024-25
67,Draymond Green,F,Golden State Warriors,24107143,2024-25
68,DeMar DeRozan,G,Sacramento Kings,23400000,2024-25
69,Mikal Bridges,G,New York Knicks,23300000,2024-25
70,Jaden McDaniels,F,Minnesota Timberwolves,23017242,2024-25
71,Brook Lopez,C,Milwaukee Bucks,23000000,2024-25
72,Bruce Brown,G,New Orleans Pelicans,23000000,2024-25
73,Aaron Gordon,F,Denver Nuggets,22841455,2024-25
74,Kentavious Caldwell-Pope,G,Orlando Magic,22757000,2024-25
75,Malcolm Brogdon,G,Washington Wizards,22500000,2024-25
76,Cameron Johnson,F,Brooklyn Nets,22500000,2024-25
77,Kyle Kuzma,F,Milwaukee Bucks,22410605,2024-25
78,Clint Capela,C,Atlanta Hawks,22265280,2024-25
79,Dillon Brooks,F,Houston Rockets,22255493,2024-25
80,De'Andre Hunter,F,Cleveland Cavaliers,21696429,2024-25
81,Lonzo Ball,G,Chicago Bulls,21395348,2024-25
82,Marcus Smart,G,Washington Wizards,20210285,2024-25
83,Derrick White,G,Boston Celtics,20017429,2024-25
84,Jarrett Allen,C,Cleveland Cavaliers,20000000,2024-25
85,Nikola Vucevic,C,Chicago Bulls,20000000,2024-25
86,Myles Turner,C,Indiana Pacers,19928500,2024-25
87,Jakob Poeltl,C,Toronto Raptors,19500000,2024-25
88,Duncan Robinson,F,Miami Heat,19406000,2024-25
89,Norman Powell,G,LA Clippers,19241379,2024-25
90,Bojan Bogdanovic,SF,Brooklyn Nets,19032850,2024-25
91,Keldon Johnson,F,San Antonio Spurs,19000000,2024-25
92,D'Angelo Russell,G,Brooklyn Nets,18692307,2024-25
93,Patrick Williams,F,Chicago Bulls,18500000,2024-25
94,Collin Sexton,G,Utah Jazz,18350000,2024-25
95,Josh Hart,G,New York Knicks,18144000,2024-25
96,Jusuf Nurkic,C,Charlotte Hornets,18125000,2024-25
97,Harrison Barnes,F,San Antonio Spurs,18000000,2024-25
98,Malik Monk,G,Sacramento Kings,17405202,2024-25
99,Bogdan Bogdanovic,G,LA Clippers,17260000,2024-25
100,Rui Hachimura,F,Los Angeles Lakers,17000000,2024-25
101,Kevin Huerter,G,Chicago Bulls,16830357,2024-25
102,Zach Collins,F,Chicago Bulls,16741200,2024-25
103,Caris LeVert,G,Atlanta Hawks,16615384,2024-25
104,Luguentz Dort,G,Oklahoma City Thunder,16500000,2024-25
105,Tim Hardaway Jr.,G,Detroit Pistons,16193183,2024-25
106,Davis Bertans,SF,Charlotte Hornets,16000000,2024-25
107,Klay Thompson,G,Dallas Mavericks,15873016,2024-25
108,Deni Avdija,F,Portland Trail Blazers,15625000,2024-25
109,Grayson Allen,G,Phoenix Suns,15625000,2024-25
110,P.J. Washington,F,Dallas Mavericks,15500000,2024-25
111,Max Strus,G,Cleveland Cavaliers,15212068,2024-25
112,Isaiah Stewart,F,Detroit Pistons,15000000,2024-25
113,Dorian Finney-Smith,F,Los Angeles Lakers,14924168,2024-25
114,Mitchell Robinson,C,New York Knicks,14318182,2024-25
115,Jordan Clarkson,G,Utah Jazz,14092577,2024-25
116,Onyeka Okongwu,F,Atlanta Hawks,14000000,2024-25
117,Naz Reid,C,Minnesota Timberwolves,13986432,2024-25
118,Cade Cunningham,G,Detroit Pistons,13940658,2024-25
119,Daniel Gafford,F,Dallas Mavericks,13394160,2024-25
120,Grant Williams,F,Charlotte Hornets,13025250,2024-25
121,Dennis Schroder,G,Detroit Pistons,13025250,2024-25
122,Isaiah Joe,G,Oklahoma City Thunder,12991650,2024-25
123,Austin Reaves,G,Los Angeles Lakers,12976362,2024-25
124,Herbert Jones,F,New Orleans Pelicans,12976362,2024-25
125,Obi Toppin,F,Indiana Pacers,12946429,2024-25
126,Cole Anthony,G,Orlando Magic,12900000,2024-25
127,De'Anthony Melton,G,Golden State Warriors,12822000,2024-25
128,Kelly Olynyk,F,New Orleans Pelicans,12804878,2024-25
129,Victor Wembanyama,F,San Antonio Spurs,12768960,2024-25
130,Josh Green,G,Charlotte Hornets,12654321,2024-25
131,Devonte' Graham,PG,Portland Trail Blazers,12650000,2024-25
132,Richaun Holmes,F,Washington Wizards,12648321,2024-25
133,Steven Adams,C,Houston Rockets,12600000,2024-25
134,Bobby Portis,F,Milwaukee Bucks,12578286,2024-25
135,Zaccharie Risacher,F,Atlanta Hawks,12569040,2024-25
136,Marvin Bagley III,F,Memphis Grizzlies,12500000,2024-25
137,Brandon Clarke,F,Memphis Grizzlies,12500000,2024-25
138,Jalen Green,G,Houston Rockets,12483048,2024-25
139,Robert Williams III,C,Portland Trail Blazers,12428571,2024-25
140,Paolo Banchero,F,Orlando Magic,12160800,2024-25
141,Coby White,G,Chicago Bulls,12000000,2024-25
142,Wendell Carter Jr.,C,Orlando Magic,11950000,2024-25
143,Ivica Zubac,C,LA Clippers,11743210,2024-25
144,Donte DiVincenzo,G,Minnesota Timberwolves,11445000,2024-25
145,Brandon Miller,F,Charlotte Hornets,11424600,2024-25
146,Terance Mann,G,Atlanta Hawks,11423077,2024-25
147,Alex Sarr,C,Washington Wizards,11245680,2024-25
148,Evan Mobley,C,Cleveland Cavaliers,11227809,2024-25
149,Larry Nance Jr.,F,Atlanta Hawks,11205000,2024-25
150,Matisse Thybulle,G,Portland Trail Blazers,11025160,2024-25
151,Moritz Wagner,F,Orlando Magic,11000000,2024-25
152,Gabe Vincent,G,Los Angeles Lakers,11000000,2024-25
153,Maxi Kleber,F,Dallas Mavericks,11000000,2024-25
154,Aaron Nesmith,G,Indiana Pacers,11000000,2024-25
155,Chet Holmgren,C,Oklahoma City Thunder,10880640,2024-25
156,Chris Boucher,F,Toronto Raptors,10810000,2024-25
157,Jarred Vanderbilt,F,Los Angeles Lakers,10714286,2024-25
158,Aaron Wiggins,G,Oklahoma City Thunder,10514017,2024-25
159,Chris Paul,G,San Antonio Spurs,10460000,2024-25
160,Scoot Henderson,G,Portland Trail Blazers,10259160,2024-25
161,Isaac Okoro,F,Cleveland Cavaliers,10185185,2024-25
162,Scottie Barnes,F,Toronto Raptors,10130980,2024-25
163,Reed Sheppard,G,Houston Rockets,10098960,2024-25
164,Mike Conley,G,Minnesota Timberwolves,9975962,2024-25
165,Jonas Valanciunas,C,Sacramento Kings,9900000,2024-25
166,Alex Caruso,G,Oklahoma City Thunder,9890000,2024-25
167,Royce O'Neale,F,Phoenix Suns,9821429,2024-25
168,Jabari Smith Jr.,F,Houston Rockets,9770880,2024-25
169,Derrick Jones Jr.,F,LA Clippers,9523810,2024-25
170,Al Horford,C,Boston Celtics,9500000,2024-25
171,Pat Connaughton,G,Milwaukee Bucks,9423869,2024-25
172,T.J. McConnell,G,Indiana Pacers,9300000,2024-25
173,Luke Kennard,G,Memphis Grizzlies,9250000,2024-25
174,Amen Thompson,G,Houston Rockets,9249960,2024-25
175,Jalen Suggs,G,Orlando Magic,9188385,2024-25
176,Stephon Castle,G,San Antonio Spurs,9131760,2024-25
177,Gary Payton II,G,Golden State Warriors,9130000,2024-25
178,Tre Jones,G,Chicago Bulls,9104167,2024-25
179,Goga Bitadze,C,Orlando Magic,9057971,2024-25
180,Zeke Nnaji,F,Denver Nuggets,8888889,2024-25
181,Keegan Murray,F,Sacramento Kings,8809560,2024-25
182,Kyle Anderson,F,Miami Heat,8780488,2024-25
183,Buddy Hield,G,Golden State Warriors,8780488,2024-25
184,Naji Marshall,F,Dallas Mavericks,8571429,2024-25
185,Jalen Smith,F,Chicago Bulls,8571429,2024-25
186,Georges Niang,F,Atlanta Hawks,8500000,2024-25
187,Ausar Thompson,G,Detroit Pistons,8376000,2024-25
188,Josh Giddey,G,Chicago Bulls,8352367,2024-25
189,Josh Okogie,G,Charlotte Hornets,8250000,2024-25
190,Ronald Holland II,F,Detroit Pistons,8245320,2024-25
191,Caleb Martin,F,Dallas Mavericks,8149001,2024-25
192,Cody Martin,SF,Phoenix Suns,8120000,2024-25
193,Trey Lyles,PF,Sacramento Kings,8000000,2024-25
194,Jock Landale,C,Houston Rockets,8000000,2024-25
195,Jeff Green,F,Houston Rockets,8000000,2024-25
196,Kevon Looney,F,Golden State Warriors,8000000,2024-25
197,Kelly Oubre Jr.,G,Philadelphia 76ers,7983000,2024-25
198,Jaden Ivey,G,Detroit Pistons,7977240,2024-25
199,KJ Martin,F,Utah Jazz,7975000,2024-25
200,Vasilije Micic,G,Phoenix Suns,7723000,2024-25
201,Simone Fontecchio,F,Detroit Pistons,7692308,2024-25
202,Jonathan Kuminga,F,Golden State Warriors,7636154,2024-25
203,Anthony Black,G,Orlando Magic,7607760,2024-25
204,Jae'Sean Tate,F,Houston Rockets,7565217,2024-25
205,Tidjane Salaun,F,Charlotte Hornets,7488720,2024-25
206,Bennedict Mathurin,G,Indiana Pacers,7245720,2024-25
207,Max Christie,G,Dallas Mavericks,7142857,2024-25
208,Franz Wagner,F,Orlando Magic,7007092,2024-25
209,Ayo Dosunmu,G,Chicago Bulls,7000000,2024-25
210,Bilal Coulibaly,G,Washington Wizards,6945240,2024-25
211,Nassir Little,SF,Miami Heat,6750000,2024-25
212,Gary Harris,G,Orlando Magic,6730769,2024-25
213,Payton Pritchard,G,Boston Celtics,6696429,2024-25
214,Kenrich Williams,G,Oklahoma City Thunder,6669000,2024-25
215,Sasha Vezenkov,F,Toronto Raptors,6658536,2024-25
216,Shaedon Sharpe,G,Portland Trail Blazers,6614160,2024-25
217,Donovan Clingan,C,Portland Trail Blazers,6586440,2024-25
218,Jevon Carter,G,Chicago Bulls,6500000,2024-25
219,Davion Mitchell,G,Miami Heat,6451230,2024-25
220,Saddiq Bey,G,New Orleans Pelicans,6440678,2024-25
221,Jarace Walker,F,Indiana Pacers,6362520,2024-25
222,Rob Dillingham,G,Minnesota Timberwolves,6262920,2024-25
223,Dean Wade,F,Cleveland Cavaliers,6166667,2024-25
224,John Konchar,G,Memphis Grizzlies,6165000,2024-25
225,Ziaire Williams,F,Brooklyn Nets,6133005,2024-25
226,Dyson Daniels,G,Atlanta Hawks,6059520,2024-25
227,Precious Achiuwa,PF,New York Knicks,6000000,2024-25
228,Malik Beasley,SG,Detroit Pistons,6000000,2024-25
229,Chris Duarte,SG,Chicago Bulls,5893768,2024-25
230,Taylor Hendricks,F,Utah Jazz,5848680,2024-25
231,Moses Moody,G,Golden State Warriors,5803269,2024-25
232,Zach Edey,C,Memphis Grizzlies,5756880,2024-25
233,Corey Kispert,F,Washington Wizards,5705888,2024-25
234,Jeremy Sochan,F,San Antonio Spurs,5570040,2024-25
235,Cason Wallace,G,Oklahoma City Thunder,5555880,2024-25
236,Cody Williams,F,Utah Jazz,5485080,2024-25
237,Alperen Sengun,C,Houston Rockets,5424654,2024-25
238,Johnny Davis,G,Washington Wizards,5291160,2024-25
239,Jett Howard,G,Orlando Magic,5278320,2024-25
240,Haywood Highsmith,F,Miami Heat,5200000,2024-25
241,Matas Buzelis,F,Chicago Bulls,5195520,2024-25
242,Kris Dunn,G,LA Clippers,5168000,2024-25
243,Dario Saric,F,Denver Nuggets,5168000,2024-25
244,Trey Murphy III,F,New Orleans Pelicans,5159855,2024-25
245,Ousmane Dieng,F,Oklahoma City Thunder,5027040,2024-25
246,Dereck Lively II,C,Dallas Mavericks,5014560,2024-25
247,Nick Richards,C,Phoenix Suns,5000000,2024-25
248,Andre Drummond,C,Philadelphia 76ers,5000000,2024-25
249,Drew Eubanks,F,LA Clippers,5000000,2024-25
250,Nikola Topic,G,Oklahoma City Thunder,4935960,2024-25
251,Tre Mann,G,Charlotte Hornets,4908189,2024-25
252,Jalen Williams,G,Oklahoma City Thunder,4775760,2024-25
253,Gradey Dick,G,Toronto Raptors,4763760,2024-25
254,Jalen McDaniels,F,Washington Wizards,4741800,2024-25
255,Miles McBride,G,New York Knicks,4710144,2024-25
256,Devin Carter,G,Sacramento Kings,4702800,2024-25
257,Nicolas Batum,F,LA Clippers,4668000,2024-25
258,Aaron Holiday,G,Houston Rockets,4668000,2024-25
259,Jalen Duren,C,Detroit Pistons,4536840,2024-25
260,Jordan Hawkins,G,New Orleans Pelicans,4525680,2024-25
261,Jalen Johnson,F,Atlanta Hawks,4510905,2024-25
262,Bub Carrington,G,Washington Wizards,4454880,2024-25
263,Isaiah Jackson,F,Indiana Pacers,4435381,2024-25
264,Nickeil Alexander-Walker,G,Minnesota Timberwolves,4312500,2024-25
265,Ochai Agbaji,G,Toronto Raptors,4310280,2024-25
266,Kobe Bufkin,G,Atlanta Hawks,4299000,2024-25
267,Quentin Grimes,G,Philadelphia 76ers,4296615,2024-25
268,Kel'el Ware,C,Miami Heat,4231800,2024-25
269,Bones Hyland,G,Minnesota Timberwolves,4158439,2024-25
270,Mark Williams,C,Charlotte Hornets,4094280,2024-25
271,Keyonte George,G,Utah Jazz,4084200,2024-25
272,Cam Thomas,G,Brooklyn Nets,4041249,2024-25
273,Jared McCain,G,Philadelphia 76ers,4032240,2024-25
274,Dwight Powell,F,Dallas Mavericks,4000000,2024-25
275,Day'Ron Sharpe,C,Brooklyn Nets,3989122,2024-25
276,Santi Aldama,F,Memphis Grizzlies,3960531,2024-25
277,Amir Coffey,G,LA Clippers,3938271,2024-25
278,AJ Griffin,F,Houston Rockets,3889920,2024-25
279,Jalen Hood-Schifino,G,Philadelphia 76ers,3879840,2024-25
280,Kevin Love,F,Miami Heat,3850000,2024-25
281,Dalton Knecht,F,Los Angeles Lakers,3819120,2024-25
282,Tari Eason,F,Houston Rockets,3695160,2024-25
283,Jaime Jaquez Jr.,F,Miami Heat,3685800,2024-25
284,Tristan da Silva,F,Orlando Magic,3628440,2024-25
285,Ja'Kobe Walter,G,Toronto Raptors,3565000,2024-25
286,Brandin Podziemski,G,Golden State Warriors,3519960,2024-25
287,Dalen Terry,F,Chicago Bulls,3510480,2024-25
288,Svi Mykhailiuk,G,Utah Jazz,3500000,2024-25
289,Cody Zeller,C,Houston Rockets,3500000,2024-25
290,Cam Whitmore,F,Houston Rockets,3379080,2024-25
291,Derrick Rose,PG,Memphis Grizzlies,3356271,2024-25
292,Jake LaRavia,F,Sacramento Kings,3352680,2024-25
293,Jaylon Tyson,G,Cleveland Cavaliers,3326160,2024-25
294,Eric Gordon,G,Philadelphia 76ers,3303771,2024-25
295,Cory Joseph,PG,Orlando Magic,3303771,2024-25
296,Russell Westbrook,G,Denver Nuggets,3303771,2024-25
297,Noah Clowney,F,Brooklyn Nets,3244080,2024-25
298,Malaki Branham,G,San Antonio Spurs,3217920,2024-25
299,Yves Missi,C,New Orleans Pelicans,3202560,2024-25
300,Dante Exum,G,Dallas Mavericks,3150000,2024-25
301,Dariq Whitehead,F,Brooklyn Nets,3114240,2024-25
302,Christian Braun,G,Denver Nuggets,3089640,2024-25
303,Johnny Juzang,G,Utah Jazz,3087519,2024-25
304,DaRon Holmes II,F,Denver Nuggets,3065640,2024-25
305,Josh Richardson,SG,Miami Heat,3051153,2024-25
306,Christian Wood,F,Los Angeles Lakers,3036040,2024-25
307,Kyle Filipowski,F,Utah Jazz,3000000,2024-25
308,Ajay Mitchell,G,Oklahoma City Thunder,3000000,2024-25
309,Julian Champagnie,F,San Antonio Spurs,3000000,2024-25
310,Kris Murray,F,Portland Trail Blazers,2990040,2024-25
311,Walker Kessler,C,Utah Jazz,2965920,2024-25
312,Shake Milton,SG,Los Angeles Lakers,2875000,2024-25
313,Olivier-Maxence Prosper,F,Dallas Mavericks,2869920,2024-25
314,David Roddy,F,Houston Rockets,2847240,2024-25
315,Torrey Craig,SF,Boston Celtics,2845342,2024-25
316,Kyshawn George,F,Washington Wizards,2825520,2024-25
317,AJ Johnson,G,Washington Wizards,2795294,2024-25
318,Marcus Sasser,G,Detroit Pistons,2755080,2024-25
319,MarJon Beauchamp,F,New York Knicks,2733720,2024-25
320,Trendon Watford,F,Brooklyn Nets,2726603,2024-25
321,Ben Sheppard,G,Indiana Pacers,2663880,2024-25
322,Omer Yurtseven,C,Utah Jazz,2660000,2024-25
323,Keita Bates-Diop,SF,Minnesota Timberwolves,2654644,2024-25
324,Blake Wesley,G,San Antonio Spurs,2624280,2024-25
325,Dillon Jones,G,Oklahoma City Thunder,2622360,2024-25
326,Nick Smith Jr.,G,Charlotte Hornets,2587200,2024-25
327,Brice Sensabaugh,F,Utah Jazz,2571480,2024-25
328,Ty Jerome,G,Cleveland Cavaliers,2560975,2024-25
329,Julian Strawther,G,Denver Nuggets,2552520,2024-25
330,Terrence Shannon Jr.,G,Minnesota Timberwolves,2546640,2024-25
331,Ryan Dunn,F,Phoenix Suns,2538240,2024-25
332,Wendell Moore Jr.,F,Charlotte Hornets,2537040,2024-25
333,Kobe Brown,G,LA Clippers,2533920,2024-25
334,Isaiah Collier,G,Utah Jazz,2520120,2024-25
335,Baylor Scheierman,G,Boston Celtics,2494320,2024-25
336,Nikola Jovic,F,Miami Heat,2464200,2024-25
337,Darius Bazley,F,Utah Jazz,2463946,2024-25
338,Jaxson Hayes,C,Los Angeles Lakers,2463946,2024-25
339,Cam Reddish,SF,Los Angeles Lakers,2463946,2024-25
340,Patrick Baldwin Jr.,G,LA Clippers,2448840,2024-25
341,DaQuan Jeffries,SG,Charlotte Hornets,2425204,2024-25
342,Tristan Vukcevic,F,Washington Wizards,2424892,2024-25
343,Peyton Watson,G,Denver Nuggets,2413560,2024-25
344,Aleksej Pokusevski,F,Charlotte Hornets,2273252,2024-25
345,Mamadi Diakite,F,Phoenix Suns,2273252,2024-25
346,Charlie Brown Jr.,G,Memphis Grizzlies,2237692,2024-25
347,James Wiseman,C,Indiana Pacers,2237691,2024-25
348,Anthony Gill,F,Washington Wizards,2237691,2024-25
349,Kevin Porter Jr.,G,Milwaukee Bucks,2237691,2024-25
350,Xavier Tillman,F,Boston Celtics,2237691,2024-25
351,Garrison Mathews,G,Atlanta Hawks,2230253,2024-25
352,Eugene Omoruyi,F,Toronto Raptors,2196970,2024-25
353,Dalano Banton,G,Portland Trail Blazers,2196970,2024-25
354,Jeff Dowtin Jr.,G,Philadelphia 76ers,2196970,2024-25
355,Lindy Waters III,F,Detroit Pistons,2196970,2024-25
356,Kai Jones,PF,Dallas Mavericks,2196970,2024-25
357,Jeremiah Robinson-Earl,F,New Orleans Pelicans,2196970,2024-25
358,Sam Merrill,G,Cleveland Cavaliers,2164993,2024-25
359,Duane Washington Jr.,PG,Charlotte Hornets,2162607,2024-25
360,Keon Johnson,G,Brooklyn Nets,2162606,2024-25
361,Luka Garza,C,Minnesota Timberwolves,2162606,2024-25
362,Neemias Queta,C,Boston Celtics,2162606,2024-25
363,Vit Krejci,G,Atlanta Hawks,2162606,2024-25
364,Vince Williams Jr.,G,Memphis Grizzlies,2120693,2024-25
365,A.J. Lawson,G,Toronto Raptors,2120693,2024-25
366,Colby Jones,G,Washington Wizards,2120693,2024-25
367,Keon Ellis,G,Sacramento Kings,2120693,2024-25
368,Kendall Brown,G,Boston Celtics,2120693,2024-25
369,AJ Green,G,Milwaukee Bucks,2120693,2024-25
370,Stanley Umude,G,Milwaukee Bucks,2120693,2024-25
371,E.J. Liddell,F,Chicago Bulls,2120693,2024-25
372,Jericho Sims,C,Milwaukee Bucks,2092344,2024-25
373,Sam Hauser,F,Boston Celtics,2092344,2024-25
374,Jay Huff,C,Memphis Grizzlies,2088033,2024-25
375,Seth Curry,SG,Charlotte Hornets,2087519,2024-25
376,Taj Gibson,F,Charlotte Hornets,2087519,2024-25
377,Scotty Pippen Jr.,G,Memphis Grizzlies,2087519,2024-25
378,Bruno Fernando,F,Toronto Raptors,2087519,2024-25
379,Garrett Temple,G,Toronto Raptors,2087519,2024-25
380,Reggie Jackson,PG,Philadelphia 76ers,2087519,2024-25
381,Daniel Theis,C,New Orleans Pelicans,2087519,2024-25
382,Charles Bassey,C,San Antonio Spurs,2087519,2024-25
383,Sandro Mamukelashvili,F,San Antonio Spurs,2087519,2024-25
384,Jordan McLaughlin,G,San Antonio Spurs,2087519,2024-25
385,Doug McDermott,F,Sacramento Kings,2087519,2024-25
386,Bol Bol,C,Phoenix Suns,2087519,2024-25
387,Tyus Jones,G,Phoenix Suns,2087519,2024-25
388,Monte Morris,PG,Phoenix Suns,2087519,2024-25
389,Damion Lee,SG,Phoenix Suns,2087519,2024-25
390,Mason Plumlee,C,Phoenix Suns,2087519,2024-25
391,Guerschon Yabusele,F,Philadelphia 76ers,2087519,2024-25
392,Kyle Lowry,G,Philadelphia 76ers,2087519,2024-25
393,Tyler Kolek,G,New York Knicks,2087519,2024-25
394,Delon Wright,G,New York Knicks,2087519,2024-25
395,Cameron Payne,PG,New York Knicks,2087519,2024-25
396,PJ Dozier,G,Minnesota Timberwolves,2087519,2024-25
397,Joe Ingles,F,Minnesota Timberwolves,2087519,2024-25
398,Gary Trent Jr.,G,Milwaukee Bucks,2087519,2024-25
399,Taurean Prince,F,Milwaukee Bucks,2087519,2024-25
400,Alec Burks,SG,Miami Heat,2087519,2024-25
401,Markieff Morris,PF,Los Angeles Lakers,2087519,2024-25
402,Patty Mills,PG,LA Clippers,2087519,2024-25
403,Thomas Bryant,C,Indiana Pacers,2087519,2024-25
404,James Johnson,PF,Indiana Pacers,2087519,2024-25
405,Vlatko Cancar,SF,Denver Nuggets,2087519,2024-25
406,DeAndre Jordan,C,Denver Nuggets,2087519,2024-25
407,Spencer Dinwiddie,PG,Dallas Mavericks,2087519,2024-25
408,Tristan Thompson,C,Cleveland Cavaliers,2087519,2024-25
409,Talen Horton-Tucker,SF,Chicago Bulls,2087519,2024-25
410,Mo Bamba,C,New Orleans Pelicans,2087519,2024-25
411,Luke Kornet,C,Boston Celtics,2087519,2024-25
412,Duop Reath,C,Portland Trail Blazers,2048780,2024-25
413,Jaylin Williams,F,Oklahoma City Thunder,2019699,2024-25
414,Bryce McGowens,G,Portland Trail Blazers,2019699,2024-25
415,Jabari Walker,F,Portland Trail Blazers,2019699,2024-25
416,Josh Minott,F,Minnesota Timberwolves,2019699,2024-25
417,Andrew Nembhard,G,Indiana Pacers,2019699,2024-25
418,Jaden Hardy,G,Dallas Mavericks,2019699,2024-25
419,Caleb Houstan,G,Orlando Magic,2019693,2024-25
420,JT Thor,F,Washington Wizards,1988598,2024-25
421,Jose Alvarado,G,New Orleans Pelicans,1988598,2024-25
422,Matt Ryan,F,New York Knicks,1919558,2024-25
423,Mouhamed Gueye,F,Atlanta Hawks,1891858,2024-25
424,GG Jackson,F,Memphis Grizzlies,1891857,2024-25
425,Javon Freeman-Liberty,G,Toronto Raptors,1891857,2024-25
426,Rayan Rupert,G,Portland Trail Blazers,1891857,2024-25
427,Sidy Cissoko,G,Portland Trail Blazers,1891857,2024-25
428,Toumani Camara,F,Portland Trail Blazers,1891857,2024-25
429,Ricky Council IV,G,Philadelphia 76ers,1891857,2024-25
430,Maxwell Lewis,F,Brooklyn Nets,1891857,2024-25
431,Jalen Wilson,F,Brooklyn Nets,1891857,2024-25
432,Leonard Miller,F,Minnesota Timberwolves,1891857,2024-25
433,Chris Livingston,F,Milwaukee Bucks,1891857,2024-25
434,Andre Jackson Jr.,G,Milwaukee Bucks,1891857,2024-25
435,Gui Santos,F,Golden State Warriors,1891857,2024-25
436,Trayce Jackson-Davis,F,Golden State Warriors,1891857,2024-25
437,Jalen Pickett,G,Denver Nuggets,1891857,2024-25
438,Hunter Tyson,F,Denver Nuggets,1891857,2024-25
439,Craig Porter Jr.,G,Cleveland Cavaliers,1891857,2024-25
440,Julian Phillips,F,Chicago Bulls,1891857,2024-25
441,Onuralp Bitim,SF,Chicago Bulls,1891857,2024-25
442,Jordan Walsh,G,Boston Celtics,1891857,2024-25
443,Jonathan Mogbo,F,Toronto Raptors,1862265,2024-25
444,Jamal Shead,G,Toronto Raptors,1862265,2024-25
445,Johnny Furphy,G,Indiana Pacers,1850842,2024-25
446,Pacome Dadiet,F,New York Knicks,1808080,2024-25
447,Justin Champagnie,F,Washington Wizards,1800000,2024-25
448,Jae Crowder,PF,Sacramento Kings,1655619,2024-25
449,Paul Reed,F,Detroit Pistons,1427671,2024-25
450,Karlo Matkovic,F,New Orleans Pelicans,1407153,2024-25
451,Landry Shamet,G,New York Knicks,1343690,2024-25
452,Bobi Klintman,F,Detroit Pistons,1257153,2024-25
453,Jaylen Wells,F,Memphis Grizzlies,1157153,2024-25
454,Oso Ighodaro,F,Phoenix Suns,1157153,2024-25
455,Adem Bona,C,Philadelphia 76ers,1157153,2024-25
456,Tyler Smith,F,Milwaukee Bucks,1157153,2024-25
457,Bronny James,G,Los Angeles Lakers,1157153,2024-25
458,Cam Christie,G,LA Clippers,1157153,2024-25
459,Antonio Reeves,G,New Orleans Pelicans,1157153,2024-25
460,Pelle Larsson,G,Miami Heat,1157143,2024-25
461,Ariel Hukporti,C,New York Knicks,1064558,2024-25
462,Jordan Miller,G,LA Clippers,1050000,2024-25
463,Jamison Battle,F,Toronto Raptors,1000000,2024-25
464,Branden Carlson,C,Oklahoma City Thunder,990895,2024-25
465,Moussa Diabate,F,Charlotte Hornets,957763,2024-25
466,Lonnie Walker IV,G,Philadelphia 76ers,780932,2024-25
467,Ben Simmons,PG,LA Clippers,755826,2024-25
468,Jared Butler,G,Philadelphia 76ers,745726,2024-25
469,Alex Len,C,Los Angeles Lakers,743829,2024-25
470,Markelle Fultz,PG,Sacramento Kings,731831,2024-25
471,Keshad Johnson,F,Miami Heat,724883,2024-25
472,Tyrese Martin,G,Brooklyn Nets,635853,2024-25
473,Jaden Springer,G,Utah Jazz,634437,2024-25
474,Javonte Green,G,Cleveland Cavaliers,599862,2024-25
475,Brandon Boston,SG,New Orleans Pelicans,596581,2024-25
476,Nate Williams,G,Houston Rockets,515881,2024-25
477,Bismack Biyombo,C,San Antonio Spurs,503884,2024-25
478,Orlando Robinson,C,Toronto Raptors,491887,2024-25
479,Ryan Rollins,G,Milwaukee Bucks,491887,2024-25
480,Dominick Barlow,F,Atlanta Hawks,491887,2024-25
481,Quinten Post,C,Golden State Warriors,438920,2024-25
482,Pat Spencer,G,Golden State Warriors,438810,2024-25
483,Jaylen Clark,G,Minnesota Timberwolves,429323,2024-25
484,Justin Edwards,F,Philadelphia 76ers,425619,2024-25
485,Lamar Stevens,F,Memphis Grizzlies,383912,2024-25
486,Tony Bradley,C,Indiana Pacers,330394,2024-25
487,Kevin Knox II,F,Golden State Warriors,263939,2024-25
488,P.J. Tucker,PF,New York Knicks,246833,2024-25
489,Jordan Goodwin,G,Los Angeles Lakers,223718,2024-25
490,Isaac Jones,C,Sacramento Kings,152957,2024-25
491,Drew Timme,F,Brooklyn Nets,113055,2024-25
