﻿Rank,Player,Position,Team,Salary,Season
1,Shaquille O'Neal,C,Miami Heat,20000000,2005-06
2,Chris Webber,C,Philadelphia 76ers,19125000,2005-06
3,Kevin Garnett,PF,Minnesota Timberwolves,18000000,2005-06
4,Allen Iverson,SG,Philadelphia 76ers,16453125,2005-06
5,Stephon Marbury,PG,New York Knicks,16453125,2005-06
6,Jason Kidd,PG,New Jersey Nets,16440000,2005-06
7,Jermaine O'Neal,C,Indiana Pacers,16440000,2005-06
8,Kobe Bryant,SF,Los Angeles Lakers,15946875,2005-06
9,Tim Duncan,C,San Antonio Spurs,15845157,2005-06
10,Vin Baker,PF,LA Clippers,15750000,2005-06
11,Anfernee Hardaway,SF,Orlando Magic,15750000,2005-06
12,Tracy McGrady,SG,Houston Rockets,15694250,2005-06
13,Jalen Rose,SG,New York Knicks,15694250,2005-06
14,Keith Van Horn,PF,Dallas Mavericks,15694250,2005-06
15,Grant Hill,SF,Orlando Magic,15694250,2005-06
16,Eddie Jones,SG,Memphis Grizzlies,14666250,2005-06
17,Tim Thomas,PF,Phoenix Suns,13975000,2005-06
18,Antonio Davis,PF,Toronto Raptors,13865000,2005-06
19,Paul Pierce,SF,Boston Celtics,13843156,2005-06
20,Dirk Nowitzki,F,Dallas Mavericks,13843156,2005-06
21,Antawn Jamison,PF,Washington Wizards,13843156,2005-06
22,Vince Carter,G,New Jersey Nets,13843156,2005-06
23,Steve Francis,PG,New York Knicks,13700000,2005-06
24,Baron Davis,PG,Golden State Warriors,13700000,2005-06
25,Shawn Marion,SG,Phoenix Suns,13700000,2005-06
26,Ray Allen,SG,Seattle SuperSonics,13223140,2005-06
27,Elton Brand,PF,LA Clippers,13152000,2005-06
28,Michael Redd,SG,Milwaukee Bucks,12000000,2005-06
29,Joe Johnson,G,Atlanta Hawks,12000000,2005-06
30,Theo Ratliff,C,Portland Trail Blazers,11666666,2005-06
31,Mike Bibby,PG,Sacramento Kings,11500000,2005-06
32,Lamar Odom,PF,Los Angeles Lakers,11448596,2005-06
33,Carlos Boozer,PF,Utah Jazz,11260483,2005-06
34,Pau Gasol,PF,Memphis Grizzlies,10993000,2005-06
35,Andrei Kirilenko,SF,Utah Jazz,10983000,2005-06
36,Kenyon Martin,F,Denver Nuggets,10886364,2005-06
37,Rasheed Wallace,PF,Detroit Pistons,10860000,2005-06
38,Zach Randolph,F,Portland Trail Blazers,10666667,2005-06
39,Raef LaFrentz,C,Boston Celtics,10623288,2005-06
40,Wally Szczerbiak,SG,Boston Celtics,10500000,2005-06
41,Larry Hughes,SG,Cleveland Cavaliers,10344900,2005-06
42,Gilbert Arenas,PG,Washington Wizards,10243200,2005-06
43,Richard Jefferson,F,New Jersey Nets,10200000,2005-06
44,Jamal Mashburn,SF,Philadelphia 76ers,10075000,2005-06
45,Steve Nash,PG,Phoenix Suns,9625000,2005-06
46,Rashard Lewis,PF,Seattle SuperSonics,9571429,2005-06
47,Marcus Camby,C,Denver Nuggets,9400000,2005-06
48,Maurice Taylor,PF,New York Knicks,9100000,2005-06
49,Jason Richardson,SG,Golden State Warriors,8888888,2005-06
50,Brad Miller,C,Sacramento Kings,8750000,2005-06
51,Zydrunas Ilgauskas,C,Cleveland Cavaliers,8743238,2005-06
52,Kelvin Cato,C,Detroit Pistons,8640000,2005-06
53,Samuel Dalembert,C,Philadelphia 76ers,8477178,2005-06
54,Tony Parker,G,San Antonio Spurs,8400000,2005-06
55,Jerry Stackhouse,SF,Dallas Mavericks,8367187,2005-06
56,Jamaal Magloire,C,Milwaukee Bucks,8333334,2005-06
57,Tyson Chandler,C,Chicago Bulls,8299670,2005-06
58,Mehmet Okur,C,Utah Jazz,8250000,2005-06
59,Kenny Thomas,PF,Sacramento Kings,8183769,2005-06
60,Richard Hamilton,SG,Detroit Pistons,8125000,2005-06
61,Andre Miller,PG,Denver Nuggets,8100000,2005-06
62,Bobby Simmons,SF,Milwaukee Bucks,8000000,2005-06
63,Bonzi Wells,SG,Sacramento Kings,8000000,2005-06
64,P.J. Brown,PF,"NO/Oklahoma City
 Hornets",8000000,2005-06
65,Austin Croshere,PF,Indiana Pacers,7900000,2005-06
66,Lorenzen Wright,PF,Memphis Grizzlies,7700000,2005-06
67,Erick Dampier,C,Dallas Mavericks,7662500,2005-06
68,Jason Williams,PG,Miami Heat,7562500,2005-06
69,Peja Stojakovic,SF,Indiana Pacers,7525000,2005-06
70,Kwame Brown,C,Los Angeles Lakers,7500000,2005-06
71,Doug Christie,SG,Dallas Mavericks,7500000,2005-06
72,Ben Wallace,PF,Detroit Pistons,7500000,2005-06
73,Manu Ginobili,G,San Antonio Spurs,7428937,2005-06
74,Eddy Curry,NA,New York Knicks,7394663,2005-06
75,Troy Murphy,PF,Golden State Warriors,7365079,2005-06
76,Adonal Foyle,C,Golden State Warriors,7312500,2005-06
77,Darius Miles,SF,Portland Trail Blazers,7250000,2005-06
78,Cuttino Mobley,SG,LA Clippers,7241379,2005-06
79,Desmond Mason,SF,"NO/Oklahoma City
 Hornets",7233333,2005-06
80,Jonathan Bender,SF,Indiana Pacers,7175000,2005-06
81,Kurt Thomas,PF,Phoenix Suns,7085919,2005-06
82,Corey Maggette,SF,LA Clippers,7000000,2005-06
83,Malik Rose,PF,New York Knicks,6979147,2005-06
84,Al Harrington,PF,Atlanta Hawks,6975500,2005-06
85,Quentin Richardson,SF,New York Knicks,6945500,2005-06
86,Howard Eisley,PG,Denver Nuggets,6906000,2005-06
87,Antoine Walker,PF,Miami Heat,6884000,2005-06
88,Mike Miller,SG,Memphis Grizzlies,6871431,2005-06
89,Metta World Peace,SF,Sacramento Kings,6842105,2005-06
90,Rasho Nesterovic,C,San Antonio Spurs,6720000,2005-06
91,Jason Terry,G,Dallas Mavericks,6666667,2005-06
92,Jamal Crawford,G,New York Knicks,6480000,2005-06
93,Joe Smith,PF,Milwaukee Bucks,6353200,2005-06
94,Ruben Patterson,PF,Denver Nuggets,6353200,2005-06
95,Alvin Williams,PG,Toronto Raptors,6300000,2005-06
96,Scot Pollard,C,Indiana Pacers,6274935,2005-06
97,Danny Fortson,C,Seattle SuperSonics,6207670,2005-06
98,Sam Cassell,PG,LA Clippers,6187500,2005-06
99,Corliss Williamson,PF,Sacramento Kings,6000000,2005-06
100,Ricky Davis,SG,Minnesota Timberwolves,5909800,2005-06
101,Chauncey Billups,PG,Detroit Pistons,5909800,2005-06
102,Juwan Howard,PF,Houston Rockets,5900400,2005-06
103,James Posey,SF,Miami Heat,5900400,2005-06
104,Michael Olowokandi,C,Boston Celtics,5900400,2005-06
105,Stephen Jackson,SF,Indiana Pacers,5610000,2005-06
106,Yao Ming,C,Houston Rockets,5594906,2005-06
107,Mark Blount,C,Minnesota Timberwolves,5515875,2005-06
108,Nazr Mohammed,C,San Antonio Spurs,5500000,2005-06
109,Jason Collins,C,New Jersey Nets,5500000,2005-06
110,Eric Snow,PG,Cleveland Cavaliers,5484375,2005-06
111,Jamaal Tinsley,PG,Indiana Pacers,5400000,2005-06
112,Derek Fisher,PG,Golden State Warriors,5393300,2005-06
113,Antonio McDyess,PF,Detroit Pistons,5393300,2005-06
114,Marquis Daniels,SG,Dallas Mavericks,5393300,2005-06
115,Hedo Turkoglu,SF,Orlando Magic,5393300,2005-06
116,Etan Thomas,C,Washington Wizards,5393300,2005-06
117,Marko Jaric,PG,Minnesota Timberwolves,5280528,2005-06
118,Troy Hudson,PG,Minnesota Timberwolves,5253000,2005-06
119,Tony Battie,C,Orlando Magic,5200000,2005-06
120,David Wesley,SG,Houston Rockets,5075000,2005-06
121,Matt Harpring,SF,Utah Jazz,5020000,2005-06
122,Devean George,SF,Los Angeles Lakers,5000600,2005-06
123,Shareef Abdur-Rahim,PF,Sacramento Kings,5000000,2005-06
124,Earl Watson,PG,Seattle SuperSonics,5000000,2005-06
125,Gerald Wallace,SF,Charlotte Bobcats,5000000,2005-06
126,Stromile Swift,PF,Houston Rockets,5000000,2005-06
127,Antonio Daniels,PG,Washington Wizards,5000000,2005-06
128,Udonis Haslem,PF,Miami Heat,5000000,2005-06
129,Jeff Foster,PF,Indiana Pacers,5000000,2005-06
130,Jerome James,C,New York Knicks,5000000,2005-06
131,Brian Skinner,PF,Portland Trail Blazers,4950000,2005-06
132,Brian Cardinal,PF,Memphis Grizzlies,4950000,2005-06
133,Shane Battier,SF,Memphis Grizzlies,4903000,2005-06
134,Donyell Marshall,PF,Cleveland Cavaliers,4799108,2005-06
135,Dan Gadzuric,C,Milwaukee Bucks,4750000,2005-06
136,Brent Barry,SG,San Antonio Spurs,4691390,2005-06
137,LeBron James,F,Cleveland Cavaliers,4621800,2005-06
138,Brevin Knight,PG,Charlotte Bobcats,4600000,2005-06
139,Morris Peterson,SG,Toronto Raptors,4550000,2005-06
140,Marc Jackson,PF,"NO/Oklahoma City
 Hornets",4550000,2005-06
141,Mike Dunleavy,SG,Golden State Warriors,4506261,2005-06
142,Andrea Bargnani,C,Brooklyn Nets,4501200,2005-06
143,Chucky Atkins,PG,Memphis Grizzlies,4500000,2005-06
144,Dwight Howard,C,Orlando Magic,4493160,2005-06
145,Greg Ostertag,C,Utah Jazz,4400000,2005-06
146,Trenton Hassell,SF,Minnesota Timberwolves,4350000,2005-06
147,Andrew Bogut,C,Milwaukee Bucks,4340520,2005-06
148,Raja Bell,SG,Phoenix Suns,4250000,2005-06
149,Damon Stoudamire,PG,Memphis Grizzlies,4250000,2005-06
150,Moochie Norris,PG,"NO/Oklahoma City
 Hornets",4200000,2005-06
151,Eduardo Najera,PF,Denver Nuggets,4190476,2005-06
152,Darko Milicic,C,Orlando Magic,4135200,2005-06
153,Drew Gooden,PF,Cleveland Cavaliers,4065811,2005-06
154,Emeka Okafor,C,Charlotte Bobcats,4020120,2005-06
155,Brendan Haywood,C,Washington Wizards,4000000,2005-06
156,Gordan Giricek,SG,Utah Jazz,4000000,2005-06
157,Sarunas Jasikevicius,PG,Indiana Pacers,4000000,2005-06
158,Zaza Pachulia,C,Atlanta Hawks,4000000,2005-06
159,Carlos Arroyo,PG,Orlando Magic,4000000,2005-06
160,Eric Williams,PF,Toronto Raptors,3938000,2005-06
161,Marvin Williams,F,Atlanta Hawks,3883000,2005-06
162,Rafer Alston,PG,Houston Rockets,3850000,2005-06
163,Chris Mihm,C,Los Angeles Lakers,3792817,2005-06
164,Carmelo Anthony,PF,Denver Nuggets,3713640,2005-06
165,Kyle Korver,G,Philadelphia 76ers,3636364,2005-06
166,Ben Gordon,SG,Chicago Bulls,3610200,2005-06
167,Speedy Claxton,PG,"NO/Oklahoma City
 Hornets",3600000,2005-06
168,Damon Jones,PG,Cleveland Cavaliers,3596924,2005-06
169,Voshon Lenard,SG,Portland Trail Blazers,3520000,2005-06
170,Bob Sura,PG,Houston Rockets,3520000,2005-06
171,Dale Davis,PF,Detroit Pistons,3500000,2005-06
172,Tyronn Lue,PG,Atlanta Hawks,3500000,2005-06
173,Deron Williams,PG,Utah Jazz,3487440,2005-06
174,Mike James,PG,Toronto Raptors,3410000,2005-06
175,Jeff McInnis,PG,New Jersey Nets,3400000,2005-06
176,Bruce Bowen,SF,San Antonio Spurs,3375000,2005-06
177,Aaron Williams,C,"NO/Oklahoma City
 Hornets",3375000,2005-06
178,Bobby Jackson,PG,Memphis Grizzlies,3375000,2005-06
179,Chris Bosh,PF,Toronto Raptors,3348000,2005-06
180,Vitaly Potapenko,C,Sacramento Kings,3325416,2005-06
181,Shaun Livingston,G,LA Clippers,3254880,2005-06
182,Pat Garrity,PF,Orlando Magic,3231250,2005-06
183,Othella Harrington,PF,Chicago Bulls,3200000,2005-06
184,Vladimir Radmanovic,SF,LA Clippers,3166154,2005-06
185,Chris Paul,G,"NO/Oklahoma City
 Hornets",3144240,2005-06
186,Keyon Dooling,PG,Orlando Magic,3100000,2005-06
187,Nene Hilario,C,Denver Nuggets,3039889,2005-06
188,Dwyane Wade,G,Miami Heat,3031920,2005-06
189,Robert Horry,PF,San Antonio Spurs,3000000,2005-06
190,Eric Piatkowski,SG,Chicago Bulls,3000000,2005-06
191,Kareem Rush,SG,Charlotte Bobcats,3000000,2005-06
192,Zeljko Rebraca,C,LA Clippers,3000000,2005-06
193,Slava Medvedenko,PF,Los Angeles Lakers,3000000,2005-06
194,Kevin Ollie,PG,Philadelphia 76ers,2950200,2005-06
195,Ira Newble,SF,Cleveland Cavaliers,2950200,2005-06
196,Devin Harris,G,Dallas Mavericks,2947440,2005-06
197,Tony Delk,PG,Detroit Pistons,2925000,2005-06
198,Jake Tsakalidis,C,Memphis Grizzlies,2900000,2005-06
199,Raymond Felton,G,Charlotte Bobcats,2847360,2005-06
200,Steven Hunter,C,"NO/Oklahoma City
 Hornets",2844828,2005-06
201,Chris Wilcox,PF,Seattle SuperSonics,2812239,2005-06
202,Chris Duhon,PG,Chicago Bulls,2800000,2005-06
203,Andres Nocioni,SF,Chicago Bulls,2775000,2005-06
204,Chris Kaman,C,LA Clippers,2753760,2005-06
205,Primoz Brezec,C,Charlotte Bobcats,2750000,2005-06
206,Earl Boykins,PG,Denver Nuggets,2750000,2005-06
207,DeShawn Stevenson,SG,Orlando Magic,2750000,2005-06
208,Josh Childress,F,Atlanta Hawks,2677200,2005-06
209,Michael Finley,SG,San Antonio Spurs,2675000,2005-06
210,Michael Doleac,C,Miami Heat,2640000,2005-06
211,Jim Jackson,SF,Los Angeles Lakers,2640000,2005-06
212,Amar'e Stoudemire,C,Phoenix Suns,2589023,2005-06
213,Brian Scalabrine,PF,Boston Celtics,2586207,2005-06
214,Martell Webster,SF,Portland Trail Blazers,2586120,2005-06
215,Kirk Hinrich,SG,Chicago Bulls,2513880,2005-06
216,Bostjan Nachbar,SF,New Jersey Nets,2500000,2005-06
217,Clifford Robinson,PF,New Jersey Nets,2500000,2005-06
218,Eddie Griffin,PF,Minnesota Timberwolves,2500000,2005-06
219,Damien Wilkins,SG,Seattle SuperSonics,2500000,2005-06
220,Aaron McKie,SG,Los Angeles Lakers,2500000,2005-06
221,Arvydas Macijauskas,SG,"NO/Oklahoma City
 Hornets",2500000,2005-06
222,Juan Dixon,SG,Portland Trail Blazers,2500000,2005-06
223,Caron Butler,SF,Washington Wizards,2461617,2005-06
224,Luol Deng,F,Chicago Bulls,2443920,2005-06
225,Jared Jeffries,PF,Washington Wizards,2433824,2005-06
226,Anthony Johnson,PG,Indiana Pacers,2420000,2005-06
227,Melvin Ely,C,Charlotte Bobcats,2401027,2005-06
228,James Jones,SG,Phoenix Suns,2400000,2005-06
229,Charlie Villanueva,PF,Toronto Raptors,2360880,2005-06
230,Jose Calderon,G,Toronto Raptors,2333334,2005-06
231,Fred Jones,SG,Indiana Pacers,2328843,2005-06
232,Fabricio Oberto,C,San Antonio Spurs,2325000,2005-06
233,T.J. Ford,PG,Milwaukee Bucks,2303040,2005-06
234,Dan Dickau,PG,Boston Celtics,2255350,2005-06
235,Rafael Araujo,C,Toronto Raptors,2238960,2005-06
236,Darius Songaila,PF,Chicago Bulls,2200000,2005-06
237,Jiri Welsch,GF,Milwaukee Bucks,2177114,2005-06
238,Channing Frye,F,New York Knicks,2162880,2005-06
239,Michael Sweetney,PF,Chicago Bulls,2116920,2005-06
240,Andre Iguodala,F,Philadelphia 76ers,2058000,2005-06
241,Jake Voskuhl,C,Charlotte Bobcats,2015625,2005-06
242,Jarvis Hayes,SF,Washington Wizards,2011080,2005-06
243,Matt Bonner,C,Toronto Raptors,2000000,2005-06
244,Mark Madsen,PF,Minnesota Timberwolves,2000000,2005-06
245,Toni Kukoc,SF,Milwaukee Bucks,2000000,2005-06
246,Dikembe Mutombo,C,Houston Rockets,2000000,2005-06
247,DeSagana Diop,C,Dallas Mavericks,2000000,2005-06
248,Ike Diogu,PF,Golden State Warriors,1988160,2005-06
249,Luke Jackson,SF,Cleveland Cavaliers,1955160,2005-06
250,Mickael Pietrus,SF,Golden State Warriors,1910520,2005-06
251,Andrew Bynum,C,Los Angeles Lakers,1888680,2005-06
252,Jumaine Jones,SF,Charlotte Bobcats,1875000,2005-06
253,Andris Biedrins,C,Golden State Warriors,1857360,2005-06
254,Nick Collison,F,Seattle SuperSonics,1815000,2005-06
255,Jon Barry,SG,Houston Rockets,1800000,2005-06
256,Robert Swift,C,Seattle SuperSonics,1764480,2005-06
257,Tayshaun Prince,SF,Detroit Pistons,1763115,2005-06
258,Reggie Evans,C,Denver Nuggets,1760000,2005-06
259,Calbert Cheaney,SG,Golden State Warriors,1760000,2005-06
260,Mo Williams,PG,Milwaukee Bucks,1760000,2005-06
261,Lindsey Hunter,SG,Detroit Pistons,1760000,2005-06
262,Marcus Banks,PG,Minnesota Timberwolves,1724280,2005-06
263,Jarron Collins,C,Utah Jazz,1700000,2005-06
264,John Salmons,SF,Philadelphia 76ers,1699001,2005-06
265,Sebastian Telfair,PG,Portland Trail Blazers,1676280,2005-06
266,Derek Anderson,SG,Miami Heat,1670000,2005-06
267,Michael Ruffin,PF,Washington Wizards,1670000,2005-06
268,Brian Grant,PF,Phoenix Suns,1670000,2005-06
269,Malik Allen,PF,Chicago Bulls,1670000,2005-06
270,Yaroslav Korolev,SF,LA Clippers,1670000,2005-06
271,Greg Buckner,SG,Denver Nuggets,1670000,2005-06
272,Luke Ridnour,PG,Seattle SuperSonics,1638000,2005-06
273,Sean May,C,Charlotte Bobcats,1619280,2005-06
274,Scott Padgett,PF,New Jersey Nets,1600000,2005-06
275,Kris Humphries,PF,Utah Jazz,1592400,2005-06
276,Devin Brown,SG,Utah Jazz,1592400,2005-06
277,Joel Przybilla,C,Portland Trail Blazers,1560000,2005-06
278,Josh Smith,PF,Atlanta Hawks,1560000,2005-06
279,Reece Gaines,PG,Milwaukee Bucks,1556160,2005-06
280,Jason Hart,PG,Sacramento Kings,1540000,2005-06
281,Rashad McCants,SG,Minnesota Timberwolves,1538400,2005-06
282,Al Jefferson,C,Boston Celtics,1512840,2005-06
283,Maurice Evans,SG,Detroit Pistons,1500000,2005-06
284,Antoine Wright,SF,New Jersey Nets,1461360,2005-06
285,Kirk Snyder,SG,"NO/Oklahoma City
 Hornets",1437240,2005-06
286,Zarko Cabarkapa,SF,Golden State Warriors,1404360,2005-06
287,Milt Palacio,PG,Utah Jazz,1400000,2005-06
288,Joey Graham,SF,Toronto Raptors,1388400,2005-06
289,David West,F,"NO/Oklahoma City
 Hornets",1334160,2005-06
290,Danny Granger,SF,Indiana Pacers,1318920,2005-06
291,Rasual Butler,SF,"NO/Oklahoma City
 Hornets",1300000,2005-06
292,JR Smith,G,"NO/Oklahoma City
 Hornets",1297080,2005-06
293,Sasha Pavlovic,SG,Cleveland Cavaliers,1274160,2005-06
294,Gerald Green,G,Boston Celtics,1253040,2005-06
295,Dorell Wright,SF,Miami Heat,1238640,2005-06
296,Dahntay Jones,SG,Memphis Grizzlies,1223160,2005-06
297,Hakim Warrick,PF,Memphis Grizzlies,1196520,2005-06
298,Jameer Nelson,G,Orlando Magic,1189200,2005-06
299,Boris Diaw,C,Phoenix Suns,1174200,2005-06
300,Julius Hodge,SG,Denver Nuggets,1148760,2005-06
301,Pavel Podkolzin,C,Dallas Mavericks,1141560,2005-06
302,Bryon Russell,SF,Seattle SuperSonics,1138500,2005-06
303,Bo Outlaw,PF,Orlando Magic,1138500,2005-06
304,Alonzo Mourning,C,Miami Heat,1138500,2005-06
305,Stacey Augmon,SF,Orlando Magic,1138500,2005-06
306,Zoran Planinic,PG,New Jersey Nets,1127280,2005-06
307,Keith McLeod,PG,Utah Jazz,1125000,2005-06
308,Luke Walton,SF,Los Angeles Lakers,1125000,2005-06
309,Nate Robinson,PG,New York Knicks,1102680,2005-06
310,Jason Kapono,SG,Miami Heat,1100000,2005-06
311,Matt Carroll,SG,Charlotte Bobcats,1100000,2005-06
312,Victor Khryapa,PF,Portland Trail Blazers,1095960,2005-06
313,Travis Outlaw,SF,Portland Trail Blazers,1082160,2005-06
314,Darrick Martin,PG,Toronto Raptors,1081575,2005-06
315,Jarrett Jack,G,Portland Trail Blazers,1058640,2005-06
316,Brian Cook,PF,Los Angeles Lakers,1038960,2005-06
317,Walter McCarty,PF,LA Clippers,1035000,2005-06
318,Jacque Vaughn,PG,New Jersey Nets,1029873,2005-06
319,Mikki Moore,C,Seattle SuperSonics,1029873,2005-06
320,Sergei Monia,SF,Sacramento Kings,1016400,2005-06
321,Francisco Garcia,SG,Sacramento Kings,1016400,2005-06
322,Delonte West,SG,Boston Celtics,1010040,2005-06
323,Nenad Krstic,C,New Jersey Nets,1010040,2005-06
324,John Edwards,C,Atlanta Hawks,1000000,2005-06
325,Steve Blake,PG,Portland Trail Blazers,1000000,2005-06
326,Luther Head,PG,Houston Rockets,975600,2005-06
327,Carlos Delfino,SG,Detroit Pistons,969600,2005-06
328,Tony Allen,SG,Boston Celtics,969600,2005-06
329,Anthony Carter,PG,Minnesota Timberwolves,965185,2005-06
330,Kevin Martin,SG,Sacramento Kings,937440,2005-06
331,Johan Petro,C,Seattle SuperSonics,936600,2005-06
332,Kendrick Perkins,C,Boston Celtics,936480,2005-06
333,Leandro Barbosa,G,Phoenix Suns,930600,2005-06
334,Josh Howard,SF,Dallas Mavericks,923880,2005-06
335,Sasha Vujacic,SG,Los Angeles Lakers,910440,2005-06
336,Jason Maxiell,PF,Detroit Pistons,905640,2005-06
337,Beno Udrih,PG,San Antonio Spurs,904800,2005-06
338,Ryan Bowen,SF,Houston Rockets,900498,2005-06
339,Calvin Booth,C,Washington Wizards,900498,2005-06
340,David Harrison,C,Indiana Pacers,898200,2005-06
341,Jannero Pargo,PG,Chicago Bulls,895248,2005-06
342,Ronald Murray,SG,Cleveland Cavaliers,895248,2005-06
343,Didier Ilunga-Mbenga,C,Dallas Mavericks,880000,2005-06
344,Linas Kleiza,SF,Denver Nuggets,879360,2005-06
345,Keith Bogans,SG,Houston Rockets,869373,2005-06
346,Wayne Simien,PF,Miami Heat,867720,2005-06
347,Anderson Varejao,C,Cleveland Cavaliers,866800,2005-06
348,David Lee,PF,New York Knicks,861360,2005-06
349,Maciej Lampe,PF,Houston Rockets,858534,2005-06
350,Adrian Griffin,G,Dallas Mavericks,844537,2005-06
351,Lee Nailon,SF,Philadelphia 76ers,835810,2005-06
352,Zendon Hamilton,C,Philadelphia 76ers,835810,2005-06
353,Mateen Cleaves,PG,Seattle SuperSonics,835810,2005-06
354,Eddie Gill,PG,Indiana Pacers,835810,2005-06
355,Eddie House,SG,Phoenix Suns,835810,2005-06
356,Laron Profit,SG,Los Angeles Lakers,835810,2005-06
357,Loren Woods,C,Toronto Raptors,780000,2005-06
358,Mike Wilks,PG,Seattle SuperSonics,771123,2005-06
359,Michael Bradley,PF,Philadelphia 76ers,771123,2005-06
360,Pat Burke,C,Phoenix Suns,750000,2005-06
361,Lonny Baxter,PF,Charlotte Bobcats,745248,2005-06
362,Terence Morris,F,Orlando Magic,745248,2005-06
363,Qyntel Woods,SF,New York Knicks,745248,2005-06
364,Richie Frahm,SG,Houston Rockets,745248,2005-06
365,Smush Parker,PG,Los Angeles Lakers,745248,2005-06
366,Nikoloz Tskitishvili,SF,Phoenix Suns,745248,2005-06
367,Sean Marks,PF,San Antonio Spurs,719373,2005-06
368,Ronald Dupree,SF,Minnesota Timberwolves,719373,2005-06
369,Nick Van Exel,PG,San Antonio Spurs,719373,2005-06
370,DerMarr Johnson,SF,Denver Nuggets,719373,2005-06
371,Alan Henderson,PF,Cleveland Cavaliers,719373,2005-06
372,Francisco Elson,C,Denver Nuggets,719373,2005-06
373,Rick Brunson,PG,Houston Rockets,719373,2005-06
374,Linton Johnson,PF,"NO/Oklahoma City
 Hornets",719373,2005-06
375,Quinton Ross,SF,LA Clippers,719373,2005-06
376,Lamond Murray,SF,New Jersey Nets,719373,2005-06
377,Ervin Johnson,C,Milwaukee Bucks,719373,2005-06
378,Gary Payton,PG,Miami Heat,719373,2005-06
379,Shandon Anderson,SF,Miami Heat,719373,2005-06
380,Charles Smith,SG,Denver Nuggets,719373,2005-06
381,Jamal Sampson,C,Sacramento Kings,719373,2005-06
382,Darrell Armstrong,PG,Dallas Mavericks,719373,2005-06
383,Jermaine Jackson,PG,Milwaukee Bucks,696508,2005-06
384,Salim Stoudamire,SG,Atlanta Hawks,675000,2005-06
385,Peter John Ramos,C,Washington Wizards,660000,2005-06
386,Esteban Batista,PF,Atlanta Hawks,644209,2005-06
387,Antonio Burks,PG,Memphis Grizzlies,641748,2005-06
388,Pape Sow,PF,Toronto Raptors,641748,2005-06
389,Royal Ivey,PG,Atlanta Hawks,641748,2005-06
390,Ha Seung-Jin,C,Portland Trail Blazers,641748,2005-06
391,Mario Kasun,C,Orlando Magic,641748,2005-06
392,Awvee Storey,SF,Washington Wizards,641748,2005-06
393,Josh Powell,PF,Dallas Mavericks,641748,2005-06
394,Trevor Ariza,SF,Orlando Magic,641748,2005-06
395,Jackie Butler,C,New York Knicks,641748,2005-06
396,Justin Reed,SF,Minnesota Timberwolves,641748,2005-06
397,Charlie Bell,SG,Milwaukee Bucks,641748,2005-06
398,Jackson Vroman,PF,"NO/Oklahoma City
 Hornets",641748,2005-06
399,Earl Barron,C,Miami Heat,641748,2005-06
400,Donta Smith,SG,Atlanta Hawks,641748,2005-06
401,Bernard Robinson,SG,Charlotte Bobcats,641747,2005-06
402,Matt Barnes,SF,Philadelphia 76ers,627251,2005-06
403,James Singleton,F,LA Clippers,625000,2005-06
404,Daniel Ewing,PG,LA Clippers,450000,2005-06
405,Lou Williams,SG,Philadelphia 76ers,450000,2005-06
406,Monta Ellis,SG,Golden State Warriors,448762,2005-06
407,Ryan Gomes,SF,Boston Celtics,428762,2005-06
408,Chris Taft,PF,Golden State Warriors,423762,2005-06
409,Kevin Burleson,PG,Charlotte Bobcats,398762,2005-06
410,Dwayne Jones II,PF,Boston Celtics,398762,2005-06
411,Robert Whaley,C,Utah Jazz,398762,2005-06
412,Travis Diener,PG,Orlando Magic,398762,2005-06
413,Rawle Marshall,SF,Dallas Mavericks,398762,2005-06
414,Ronnie Price,PG,Sacramento Kings,398762,2005-06
415,Amir Johnson,F,Detroit Pistons,398762,2005-06
416,Von Wafer,SG,Los Angeles Lakers,398762,2005-06
417,Andray Blatche,C,Washington Wizards,398762,2005-06
418,Devin Green,SG,Los Angeles Lakers,398762,2005-06
419,Bracey Wright,SG,Minnesota Timberwolves,398762,2005-06
420,Orien Greene,PG,Boston Celtics,398762,2005-06
421,Alan Anderson,SG,Charlotte Bobcats,398762,2005-06
422,Boniface N'Dong,C,LA Clippers,398762,2005-06
423,Anthony Roberson,SG,Memphis Grizzlies,398762,2005-06
424,Alex Acker,G,Detroit Pistons,398762,2005-06
425,Brandon Bass,PF,"NO/Oklahoma City
 Hornets",398762,2005-06
426,Andre Owens,SG,Utah Jazz,398762,2005-06
427,Lawrence Roberts,PF,Memphis Grizzlies,398762,2005-06
428,Gerald Fitch,G,Houston Rockets,398762,2005-06
429,Shavlik Randolph,PF,Philadelphia 76ers,398762,2005-06
430,Eddie Basden,SG,Chicago Bulls,398762,2005-06
431,Ersan Ilyasova,PF,Milwaukee Bucks,398762,2005-06
432,Martynas Andriuskevicius,C,Cleveland Cavaliers,398762,2005-06
433,Dijon Thompson,SF,Phoenix Suns,398762,2005-06
434,CJ Miles,G,Utah Jazz,398761,2005-06
435,Donell Taylor,PG,Washington Wizards,398672,2005-06
436,Chuck Hayes,PF,Houston Rockets,248118,2005-06
