﻿Rank,Player,Position,Team,Salary,Season
1,Stephen Curry,G,Golden State Warriors,48070014,2022-23
2,LeBron James,F,Los Angeles Lakers,44474988,2022-23
3,Kevin Durant,F,Phoenix Suns,44119845,2022-23
4,Bradley Beal,G,Washington Wizards,43279250,2022-23
5,Giannis Antetokounmpo,F,Milwaukee Bucks,42492492,2022-23
6,Damian Lillard,G,Portland Trail Blazers,42492492,2022-23
7,Kawhi Leonard,F,LA Clippers,42492492,2022-23
8,Paul George,F,LA Clippers,42492492,2022-23
9,Klay Thompson,G,Golden State Warriors,40600080,2022-23
10,Kyrie Irving,G,Dallas Mavericks,38917057,2022-23
11,Rudy Gobert,C,Minnesota Timberwolves,38172414,2022-23
12,Anthony Davis,F,Los Angeles Lakers,37980720,2022-23
13,Khris Middleton,F,Milwaukee Bucks,37948276,2022-23
14,Jimmy Butler III,F,Miami Heat,37653300,2022-23
15,Tobias Harris,F,Philadelphia 76ers,37633050,2022-23
16,Zach LaVine,G,Chicago Bulls,37096500,2022-23
17,Luka Doncic,G,Dallas Mavericks,37095000,2022-23
18,Trae Young,G,Atlanta Hawks,37095000,2022-23
19,Ben Simmons,PG,Brooklyn Nets,35448672,2022-23
20,Pascal Siakam,F,Toronto Raptors,35448672,2022-23
21,Myles Turner,C,Indiana Pacers,35096500,2022-23
22,Devin Booker,G,Phoenix Suns,33833400,2022-23
23,Karl-Anthony Towns,C,Minnesota Timberwolves,33833400,2022-23
24,Kristaps Porzingis,C,Washington Wizards,33833400,2022-23
25,Jrue Holiday,G,Milwaukee Bucks,33665040,2022-23
26,Joel Embiid,C,Philadelphia 76ers,33616770,2022-23
27,Andrew Wiggins,F,Golden State Warriors,33616770,2022-23
28,CJ McCollum,G,New Orleans Pelicans,33333333,2022-23
29,Nikola Jokic,C,Denver Nuggets,33047804,2022-23
30,James Harden,G,Philadelphia 76ers,33000000,2022-23
31,Brandon Ingram,F,New Orleans Pelicans,31650600,2022-23
32,Jamal Murray,G,Denver Nuggets,31650000,2022-23
33,D'Angelo Russell,G,Los Angeles Lakers,31377750,2022-23
34,Shai Gilgeous-Alexander,G,Oklahoma City Thunder,30913750,2022-23
35,Deandre Ayton,C,Phoenix Suns,30913750,2022-23
36,Michael Porter Jr.,F,Denver Nuggets,30913750,2022-23
37,Donovan Mitchell,G,Cleveland Cavaliers,30913750,2022-23
38,Bam Adebayo,C,Miami Heat,30351780,2022-23
39,Gordon Hayward,SF,Charlotte Hornets,30075000,2022-23
40,Jaren Jackson Jr.,F,Memphis Grizzlies,28946605,2022-23
41,Jaylen Brown,G,Boston Celtics,28741071,2022-23
42,Chris Paul,G,Phoenix Suns,28400000,2022-23
43,Kyle Lowry,G,Miami Heat,28333334,2022-23
44,De'Aaron Fox,G,Sacramento Kings,28103550,2022-23
45,Jayson Tatum,F,Boston Celtics,28103500,2022-23
46,Jalen Brunson,G,New York Knicks,27733332,2022-23
47,DeMar DeRozan,G,Chicago Bulls,27300000,2022-23
48,Al Horford,C,Boston Celtics,26500000,2022-23
49,Draymond Green,F,Golden State Warriors,25806468,2022-23
50,Julius Randle,F,New York Knicks,23760000,2022-23
51,John Collins,F,Atlanta Hawks,23500000,2022-23
52,Buddy Hield,G,Indiana Pacers,22768890,2022-23
53,Mike Conley,G,Minnesota Timberwolves,22680000,2022-23
54,Malcolm Brogdon,G,Boston Celtics,22600000,2022-23
55,Anfernee Simons,G,Portland Trail Blazers,22321429,2022-23
56,Nikola Vucevic,C,Chicago Bulls,22000000,2022-23
57,Terry Rozier,G,Charlotte Hornets,21486283,2022-23
58,Fred VanVleet,G,Toronto Raptors,21250000,2022-23
59,Jerami Grant,F,Portland Trail Blazers,20955000,2022-23
60,Mikal Bridges,G,Brooklyn Nets,20100000,2022-23
61,Jarrett Allen,C,Cleveland Cavaliers,20000000,2022-23
62,Aaron Gordon,F,Denver Nuggets,19690909,2022-23
63,Tim Hardaway Jr.,G,Dallas Mavericks,19602273,2022-23
64,Bojan Bogdanovic,SF,Detroit Pistons,19550000,2022-23
65,Lonzo Ball,G,Cleveland Cavaliers,19534884,2022-23
66,Spencer Dinwiddie,PG,Brooklyn Nets,19500000,2022-23
67,Eric Bledsoe,SG,Portland Trail Blazers,19375000,2022-23
68,Caris LeVert,G,Cleveland Cavaliers,18796296,2022-23
69,Clint Capela,C,Atlanta Hawks,18706896,2022-23
70,Joe Harris,SF,Brooklyn Nets,18642857,2022-23
71,Domantas Sabonis,F,Sacramento Kings,18500000,2022-23
72,Harrison Barnes,F,Sacramento Kings,18352273,2022-23
73,Evan Fournier,SG,New York Knicks,18000000,2022-23
74,Bogdan Bogdanovic,G,Atlanta Hawks,18000000,2022-23
75,Steven Adams,C,Memphis Grizzlies,17926829,2022-23
76,Gary Trent Jr.,G,Toronto Raptors,17505000,2022-23
77,Jonathan Isaac,F,Orlando Magic,17400000,2022-23
78,OG Anunoby,F,Toronto Raptors,17357143,2022-23
79,Marcus Smart,G,Boston Celtics,17207141,2022-23
80,Mitchell Robinson,C,New York Knicks,17045454,2022-23
81,Duncan Robinson,F,Miami Heat,16902000,2022-23
82,Derrick White,G,Boston Celtics,16892857,2022-23
83,Norman Powell,G,LA Clippers,16758621,2022-23
84,Dejounte Murray,G,Atlanta Hawks,16571120,2022-23
85,Collin Sexton,G,Utah Jazz,16500000,2022-23
86,Markelle Fultz,PG,Orlando Magic,16500000,2022-23
87,Lauri Markkanen,F,Utah Jazz,16475454,2022-23
88,Marcus Morris Sr.,F,LA Clippers,16372093,2022-23
89,Davis Bertans,SF,Dallas Mavericks,16000000,2022-23
90,Jusuf Nurkic,C,Portland Trail Blazers,15625000,2022-23
91,Malik Beasley,SG,Los Angeles Lakers,15558035,2022-23
92,Luguentz Dort,G,Oklahoma City Thunder,15277778,2022-23
93,Jonas Valanciunas,C,New Orleans Pelicans,14700000,2022-23
94,Kevin Huerter,G,Sacramento Kings,14508929,2022-23
95,Luke Kennard,G,Memphis Grizzlies,14415545,2022-23
96,Christian Wood,F,Dallas Mavericks,14317460,2022-23
97,Wendell Carter Jr.,C,Orlando Magic,14150000,2022-23
98,Kentavious Caldwell-Pope,G,Denver Nuggets,14004703,2022-23
99,Brook Lopez,C,Milwaukee Bucks,13906976,2022-23
100,Doug McDermott,F,San Antonio Spurs,13750000,2022-23
101,Zion Williamson,F,New Orleans Pelicans,13534817,2022-23
102,Jordan Clarkson,G,Utah Jazz,13340000,2022-23
103,Kyle Kuzma,F,Washington Wizards,13000000,2022-23
104,Gary Harris,G,Orlando Magic,13000000,2022-23
105,Josh Hart,G,New York Knicks,12960000,2022-23
106,Dorian Finney-Smith,F,Brooklyn Nets,12939648,2022-23
107,Chris Boucher,F,Toronto Raptors,12690000,2022-23
108,Kelly Oubre Jr.,G,Charlotte Hornets,12600000,2022-23
109,Marvin Bagley III,F,Detroit Pistons,12500000,2022-23
110,Robert Covington,PF,LA Clippers,12307692,2022-23
111,Kelly Olynyk,F,Utah Jazz,12195122,2022-23
112,Josh Richardson,SG,New Orleans Pelicans,11615328,2022-23
113,Devonte' Graham,PG,San Antonio Spurs,11550000,2022-23
114,Dillon Brooks,F,Memphis Grizzlies,11400000,2022-23
115,Richaun Holmes,F,Sacramento Kings,11215260,2022-23
116,Dwight Powell,F,Dallas Mavericks,11080125,2022-23
117,Paolo Banchero,F,Orlando Magic,11055120,2022-23
118,Robert Williams III,C,Boston Celtics,10937502,2022-23
119,RJ Barrett,F,New York Knicks,10900635,2022-23
120,Nicolas Batum,F,LA Clippers,10843350,2022-23
121,Bobby Portis,F,Milwaukee Bucks,10843350,2022-23
122,Anthony Edwards,G,Minnesota Timberwolves,10733400,2022-23
123,Cade Cunningham,G,Detroit Pistons,10552800,2022-23
124,P.J. Tucker,PF,Philadelphia 76ers,10490000,2022-23
125,Mo Bamba,C,Los Angeles Lakers,10300000,2022-23
126,Talen Horton-Tucker,SF,Utah Jazz,10260000,2022-23
127,Derrick Favors,F,Chicago Bulls,10183800,2022-23
128,Jae Crowder,PF,Milwaukee Bucks,10183000,2022-23
129,Ivica Zubac,C,LA Clippers,10123457,2022-23
130,Alec Burks,SG,Detroit Pistons,10012800,2022-23
131,Reggie Bullock Jr.,SF,Dallas Mavericks,10012800,2022-23
132,Chet Holmgren,C,Oklahoma City Thunder,9891240,2022-23
133,De'Andre Hunter,F,Atlanta Hawks,9835881,2022-23
134,Larry Nance Jr.,F,New Orleans Pelicans,9672727,2022-23
135,Ja Morant,G,Memphis Grizzlies,9603360,2022-23
136,James Wiseman,C,Detroit Pistons,9603360,2022-23
137,Landry Shamet,G,Phoenix Suns,9500000,2022-23
138,Malik Monk,G,Sacramento Kings,9472219,2022-23
139,Jalen Green,G,Houston Rockets,9441840,2022-23
140,Jakob Poeltl,C,Toronto Raptors,9398148,2022-23
141,Nerlens Noel,C,Brooklyn Nets,9240000,2022-23
142,Dario Saric,F,Oklahoma City Thunder,9240000,2022-23
143,Royce O'Neale,F,Brooklyn Nets,9200000,2022-23
144,Monte Morris,PG,Washington Wizards,9125000,2022-23
145,Mason Plumlee,C,LA Clippers,9080417,2022-23
146,Alex Caruso,G,Chicago Bulls,9030000,2022-23
147,Maxi Kleber,F,Dallas Mavericks,9000000,2022-23
148,Darius Garland,G,Cleveland Cavaliers,8920795,2022-23
149,Jabari Smith Jr.,F,Houston Rockets,8882640,2022-23
150,Kyle Anderson,F,Minnesota Timberwolves,8780488,2022-23
151,Victor Oladipo,SG,Miami Heat,8750000,2022-23
152,Daniel Theis,C,Indiana Pacers,8694369,2022-23
153,LaMelo Ball,G,Charlotte Hornets,8623920,2022-23
154,Grayson Allen,G,Milwaukee Bucks,8500000,2022-23
155,Nic Claxton,C,Brooklyn Nets,8500000,2022-23
156,Seth Curry,SG,Brooklyn Nets,8496500,2022-23
157,Evan Mobley,C,Cleveland Cavaliers,8478720,2022-23
158,Gary Payton II,G,Golden State Warriors,8300000,2022-23
159,De'Anthony Melton,G,Philadelphia 76ers,8250000,2022-23
160,T.J. McConnell,G,Indiana Pacers,8100000,2022-23
161,Keegan Murray,F,Sacramento Kings,8008440,2022-23
162,Thaddeus Young,F,Toronto Raptors,8000000,2022-23
163,Taurean Prince,F,Minnesota Timberwolves,8000000,2022-23
164,Kevon Looney,F,Golden State Warriors,8000000,2022-23
165,Isaiah Hartenstein,C,New York Knicks,7804879,2022-23
166,Delon Wright,G,Washington Wizards,7804878,2022-23
167,Patrick Williams,F,Chicago Bulls,7775400,2022-23
168,Scottie Barnes,F,Toronto Raptors,7644720,2022-23
169,Cedi Osman,SF,Cleveland Cavaliers,7426088,2022-23
170,Coby White,G,Chicago Bulls,7413955,2022-23
171,Aron Baynes,C,Toronto Raptors,7350000,2022-23
172,Zach Collins,F,San Antonio Spurs,7350000,2022-23
173,Jaden Ivey,G,Detroit Pistons,7252200,2022-23
174,Jae'Sean Tate,F,Houston Rockets,7065217,2022-23
175,Isaac Okoro,F,Cleveland Cavaliers,7040880,2022-23
176,Cody Martin,SF,Charlotte Hornets,7000000,2022-23
177,Jalen Suggs,G,Orlando Magic,6922320,2022-23
178,Jaxson Hayes,C,New Orleans Pelicans,6803012,2022-23
179,Khem Birch,C,Toronto Raptors,6667500,2022-23
180,Bennedict Mathurin,G,Indiana Pacers,6586800,2022-23
181,Bruce Brown,G,Denver Nuggets,6479000,2022-23
182,Joe Ingles,F,Milwaukee Bucks,6479000,2022-23
183,Lonnie Walker IV,G,Los Angeles Lakers,6479000,2022-23
184,Danilo Gallinari,PF,Milwaukee Bucks,6479000,2022-23
185,Caleb Martin,F,Miami Heat,6479000,2022-23
186,Patty Mills,PG,Brooklyn Nets,6479000,2022-23
187,John Wall,PG,LA Clippers,6479000,2022-23
188,Onyeka Okongwu,F,Atlanta Hawks,6395160,2022-23
189,Jarrett Culver,G,Atlanta Hawks,6395160,2022-23
190,Josh Giddey,G,Oklahoma City Thunder,6287280,2022-23
191,Rui Hachimura,F,Los Angeles Lakers,6263188,2022-23
192,Rudy Gay,SF,Utah Jazz,6184500,2022-23
193,Shaedon Sharpe,G,Portland Trail Blazers,6012960,2022-23
194,Otto Porter Jr.,SF,Toronto Raptors,6000000,2022-23
195,Cameron Payne,PG,Phoenix Suns,6000000,2022-23
196,Cam Reddish,SF,Portland Trail Blazers,5954454,2022-23
197,Cameron Johnson,F,Brooklyn Nets,5887899,2022-23
198,Ricky Rubio,PG,Cleveland Cavaliers,5853659,2022-23
199,Kevin Knox II,F,Portland Trail Blazers,5845979,2022-23
200,P.J. Washington,F,Charlotte Hornets,5808435,2022-23
201,Jonathan Kuminga,F,Golden State Warriors,5739860,2022-23
202,Pat Connaughton,G,Milwaukee Bucks,5728393,2022-23
203,Tyler Herro,G,Miami Heat,5722116,2022-23
204,Romeo Langford,SG,San Antonio Spurs,5634257,2022-23
205,Killian Hayes,G,Detroit Pistons,5572680,2022-23
206,Dyson Daniels,G,New Orleans Pelicans,5508600,2022-23
207,JaVale McGee,C,Dallas Mavericks,5461219,2022-23
208,Obi Toppin,F,New York Knicks,5348280,2022-23
209,Franz Wagner,F,Orlando Magic,5258280,2022-23
210,Kendrick Nunn,G,Washington Wizards,5250000,2022-23
211,Hamidou Diallo,G,Detroit Pistons,5200000,2022-23
212,Cory Joseph,PG,Detroit Pistons,5155500,2022-23
213,Torrey Craig,SF,Phoenix Suns,5121951,2022-23
214,Jeremy Sochan,F,San Antonio Spurs,5063520,2022-23
215,David Nwaba,SF,Oklahoma City Thunder,5022000,2022-23
216,Nickeil Alexander-Walker,G,Minnesota Timberwolves,5009633,2022-23
217,Furkan Korkmaz,SG,Philadelphia 76ers,5000000,2022-23
218,Dante Exum,G,Dallas Mavericks,5000000,2022-23
219,Lou Williams,SG,Atlanta Hawks,5000000,2022-23
220,Deni Avdija,F,Washington Wizards,4916160,2022-23
221,Garrett Temple,G,New Orleans Pelicans,4910000,2022-23
222,Davion Mitchell,G,Sacramento Kings,4833600,2022-23
223,Johnny Davis,G,Washington Wizards,4810320,2022-23
224,Ish Smith,PG,Denver Nuggets,4750000,2022-23
225,Jalen Smith,F,Indiana Pacers,4670160,2022-23
226,Ziaire Williams,F,Memphis Grizzlies,4591680,2022-23
227,Ousmane Dieng,F,Oklahoma City Thunder,4569840,2022-23
228,Maurice Harkless,SF,Houston Rockets,4564980,2022-23
229,Donte DiVincenzo,G,Golden State Warriors,4500000,2022-23
230,Jeff Green,F,Denver Nuggets,4500000,2022-23
231,Devin Vassell,G,San Antonio Spurs,4437000,2022-23
232,Matisse Thybulle,G,Portland Trail Blazers,4379527,2022-23
233,Jarred Vanderbilt,F,Los Angeles Lakers,4374000,2022-23
234,James Bouknight,SG,Charlotte Hornets,4362240,2022-23
235,Brandon Clarke,F,Memphis Grizzlies,4343920,2022-23
236,Jalen Williams,G,Oklahoma City Thunder,4341480,2022-23
237,Grant Williams,F,Boston Celtics,4306281,2022-23
238,Darius Bazley,F,Phoenix Suns,4264629,2022-23
239,Tyrese Haliburton,G,Indiana Pacers,4215120,2022-23
240,Nassir Little,SF,Portland Trail Blazers,4171548,2022-23
241,Joshua Primo,G,San Antonio Spurs,4144320,2022-23
242,Jalen Duren,C,Detroit Pistons,4124280,2022-23
243,Danuel House Jr.,SF,Philadelphia 76ers,4105000,2022-23
244,Justise Winslow,PF,Portland Trail Blazers,4097561,2022-23
245,Dylan Windler,G,Cleveland Cavaliers,4037278,2022-23
246,Chandler Hutchison,SF,Phoenix Suns,4019459,2022-23
247,Kira Lewis Jr.,G,New Orleans Pelicans,4004280,2022-23
248,Terence Davis,G,Sacramento Kings,4000000,2022-23
249,George Hill,PG,Indiana Pacers,4000000,2022-23
250,Chris Duarte,SG,Indiana Pacers,3936960,2022-23
251,Ochai Agbaji,G,Utah Jazz,3918360,2022-23
252,Alex Len,C,Sacramento Kings,3918000,2022-23
253,Jordan Poole,G,Golden State Warriors,3901399,2022-23
254,Keldon Johnson,F,San Antonio Spurs,3873025,2022-23
255,Aaron Nesmith,G,Indiana Pacers,3804360,2022-23
256,Mark Williams,C,Charlotte Hornets,3722040,2022-23
257,Gabriel Deck,SF,Oklahoma City Thunder,3676852,2022-23
258,Cole Anthony,G,Orlando Magic,3613680,2022-23
259,Sekou Doumbouya,SF,Los Angeles Lakers,3613680,2022-23
260,Moses Moody,G,Golden State Warriors,3562200,2022-23
261,Corey Kispert,F,Washington Wizards,3552960,2022-23
262,AJ Griffin,F,Atlanta Hawks,3536160,2022-23
263,Mike Muscala,C,Boston Celtics,3500000,2022-23
264,Georges Niang,F,Philadelphia 76ers,3465000,2022-23
265,Chuma Okeke,F,Orlando Magic,3433320,2022-23
266,Isaiah Stewart,F,Detroit Pistons,3433320,2022-23
267,Amir Coffey,G,LA Clippers,3395062,2022-23
268,Alperen Sengun,C,Houston Rockets,3375480,2022-23
269,Tari Eason,F,Houston Rockets,3309160,2022-23
270,Aleksej Pokusevski,F,Oklahoma City Thunder,3261480,2022-23
271,Trey Burke,PG,Oklahoma City Thunder,3243750,2022-23
272,Kevin Porter Jr.,G,Houston Rockets,3217631,2022-23
273,Trey Murphy III,F,New Orleans Pelicans,3206640,2022-23
274,Simone Fontecchio,F,Utah Jazz,3205128,2022-23
275,Derrick Jones Jr.,F,Chicago Bulls,3200000,2022-23
276,Andre Drummond,C,Chicago Bulls,3200000,2022-23
277,Dalen Terry,F,Chicago Bulls,3191400,2022-23
278,Kevin Love,F,Miami Heat,3114138,2022-23
279,Josh Green,G,Dallas Mavericks,3098400,2022-23
280,Jake LaRavia,F,Memphis Grizzlies,3047640,2022-23
281,Tre Mann,G,Oklahoma City Thunder,3046200,2022-23
282,Jordan Nwora,SF,Indiana Pacers,3000000,2022-23
283,Sterling Brown,SF,Los Angeles Lakers,3000000,2022-23
284,Luka Samanic,F,Utah Jazz,2959080,2022-23
285,Saddiq Bey,G,Atlanta Hawks,2959080,2022-23
286,Malaki Branham,G,San Antonio Spurs,2925600,2022-23
287,Kai Jones,PF,Charlotte Hornets,2909040,2022-23
288,Precious Achiuwa,PF,Toronto Raptors,2840160,2022-23
289,Christian Braun,G,Denver Nuggets,2808600,2022-23
290,Jalen Johnson,F,Atlanta Hawks,2792640,2022-23
291,Tyrese Maxey,G,Philadelphia 76ers,2726880,2022-23
292,Bruno Fernando,F,Atlanta Hawks,2717391,2022-23
293,Trey Lyles,PF,Sacramento Kings,2700000,2022-23
294,Walker Kessler,C,Utah Jazz,2696400,2022-23
295,Marc Gasol,C,Memphis Grizzlies,2692991,2022-23
296,Anthony Tolliver,PF,New Orleans Pelicans,2692991,2022-23
297,Keon Johnson,G,Portland Trail Blazers,2681040,2022-23
298,Charles Bassey,C,San Antonio Spurs,2600000,2022-23
299,David Roddy,F,Memphis Grizzlies,2588640,2022-23
300,Isaiah Jackson,F,Indiana Pacers,2573760,2022-23
301,Zeke Nnaji,F,Denver Nuggets,2498760,2022-23
302,MarJon Beauchamp,F,Milwaukee Bucks,2485200,2022-23
303,Usman Garuba,PF,Houston Rockets,2471160,2022-23
304,Montrezl Harrell,C,Philadelphia 76ers,2463490,2022-23
305,Willy Hernangomez,C,New Orleans Pelicans,2443581,2022-23
306,Blake Wesley,G,San Antonio Spurs,2385480,2022-23
307,Josh Christopher,SG,Houston Rockets,2372160,2022-23
308,Leandro Bolmaro,F,Utah Jazz,2353320,2022-23
309,Immanuel Quickley,G,New York Knicks,2316240,2022-23
310,Wendell Moore Jr.,F,Minnesota Timberwolves,2306520,2022-23
311,John Konchar,G,Memphis Grizzlies,2300000,2022-23
312,Damian Jones,C,Utah Jazz,2298385,2022-23
313,Quentin Grimes,G,New York Knicks,2277000,2022-23
314,Andrew Nembhard,G,Indiana Pacers,2244111,2022-23
315,Nikola Jovic,F,Miami Heat,2239920,2022-23
316,Payton Pritchard,G,Boston Celtics,2239200,2022-23
317,Vlatko Cancar,SF,Denver Nuggets,2234359,2022-23
318,Patrick Baldwin Jr.,G,Golden State Warriors,2226000,2022-23
319,TyTy Washington Jr.,G,Houston Rockets,2210040,2022-23
320,Bones Hyland,G,LA Clippers,2201520,2022-23
321,Bol Bol,C,Orlando Magic,2200000,2022-23
322,Peyton Watson,G,Denver Nuggets,2193960,2022-23
323,Marquese Chriss,SF,Oklahoma City Thunder,2193920,2022-23
324,Nik Stauskas,G,Indiana Pacers,2193920,2022-23
325,Udoka Azubuike,C,Utah Jazz,2174880,2022-23
326,Jaden McDaniels,F,Minnesota Timberwolves,2161440,2022-23
327,Jordan McLaughlin,G,Minnesota Timberwolves,2160000,2022-23
328,Malachi Flynn,PG,Toronto Raptors,2145720,2022-23
329,Cam Thomas,G,Brooklyn Nets,2138160,2022-23
330,Luke Kornet,C,Boston Celtics,2133278,2022-23
331,Desmond Bane,G,Memphis Grizzlies,2130240,2022-23
332,Jahlil Okafor,C,Indiana Pacers,2130023,2022-23
333,Jaden Springer,G,Philadelphia 76ers,2125200,2022-23
334,Day'Ron Sharpe,C,Brooklyn Nets,2109480,2022-23
335,Jevon Carter,G,Milwaukee Bucks,2100000,2022-23
336,Santi Aldama,F,Memphis Grizzlies,2094240,2022-23
337,Frank Ntilikina,PG,Dallas Mavericks,2036318,2022-23
338,Tony Bradley,C,Chicago Bulls,2036318,2022-23
339,Jaylin Williams,F,Oklahoma City Thunder,2000000,2022-23
340,Kenrich Williams,G,Oklahoma City Thunder,2000000,2022-23
341,Abdel Nader,SF,Phoenix Suns,2000000,2022-23
342,Danny Green,F,Cleveland Cavaliers,2000000,2022-23
343,Caleb Houstan,G,Orlando Magic,2000000,2022-23
344,Jeremiah Robinson-Earl,F,Oklahoma City Thunder,2000000,2022-23
345,Garrison Mathews,G,Atlanta Hawks,2000000,2022-23
346,Shake Milton,SG,Philadelphia 76ers,1977718,2022-23
347,Edmond Sumner,PG,Brooklyn Nets,1968175,2022-23
348,Jontay Porter,C,Toronto Raptors,1950000,2022-23
349,Denzel Valentine,G,Boston Celtics,1939350,2022-23
350,Jalen McDaniels,F,Philadelphia 76ers,1930681,2022-23
351,Naz Reid,C,Minnesota Timberwolves,1930681,2022-23
352,Terance Mann,G,LA Clippers,1930681,2022-23
353,Jaylen Nowell,G,Minnesota Timberwolves,1930681,2022-23
354,Daniel Gafford,F,Washington Wizards,1930681,2022-23
355,Dean Wade,F,Cleveland Cavaliers,1930681,2022-23
356,Lindy Waters III,F,Oklahoma City Thunder,1927896,2022-23
357,Chimezie Metu,PF,Sacramento Kings,1910680,2022-23
358,Davon Reed,SG,Los Angeles Lakers,1902133,2022-23
359,Killian Tillie,SF,Memphis Grizzlies,1901625,2022-23
360,Xavier Tillman,F,Memphis Grizzlies,1901625,2022-23
361,Theo Maledon,PG,Charlotte Hornets,1900000,2022-23
362,Wenyen Gabriel,F,Los Angeles Lakers,1878720,2022-23
363,Moritz Wagner,F,Orlando Magic,1878720,2022-23
364,Keita Bates-Diop,SF,San Antonio Spurs,1878720,2022-23
365,Thanasis Antetokounmpo,F,Milwaukee Bucks,1878720,2022-23
366,Oshae Brissett,SF,Indiana Pacers,1846738,2022-23
367,Juancho Hernangomez,PF,Toronto Raptors,1836090,2022-23
368,Anthony Gill,F,Washington Wizards,1836090,2022-23
369,Isaiah Joe,G,Oklahoma City Thunder,1836090,2022-23
370,Bismack Biyombo,C,Phoenix Suns,1836090,2022-23
371,Juan Toscano-Anderson,F,Utah Jazz,1836090,2022-23
372,Matthew Dellavedova,PG,Sacramento Kings,1836090,2022-23
373,Robin Lopez,C,Cleveland Cavaliers,1836090,2022-23
374,Josh Okogie,G,Phoenix Suns,1836090,2022-23
375,Drew Eubanks,F,Portland Trail Blazers,1836090,2022-23
376,Damion Lee,SG,Phoenix Suns,1836090,2022-23
377,Dennis Smith Jr.,PG,Charlotte Hornets,1836090,2022-23
378,Dennis Schroder,G,Los Angeles Lakers,1836090,2022-23
379,Justin Jackson,F,Boston Celtics,1836090,2022-23
380,Bryn Forbes,SG,Minnesota Timberwolves,1836090,2022-23
381,T.J. Warren,SF,Phoenix Suns,1836090,2022-23
382,Austin Rivers,SG,Minnesota Timberwolves,1836090,2022-23
383,Thomas Bryant,C,Denver Nuggets,1836090,2022-23
384,Udonis Haslem,PF,Miami Heat,1836090,2022-23
385,Aaron Holiday,G,Atlanta Hawks,1836090,2022-23
386,Frank Kaminsky,F,Houston Rockets,1836090,2022-23
387,Rodney McGruder,G,Detroit Pistons,1836090,2022-23
388,JaMychal Green,F,Golden State Warriors,1836090,2022-23
389,Andre Iguodala,F,Golden State Warriors,1836090,2022-23
390,Troy Brown Jr.,SF,Los Angeles Lakers,1836090,2022-23
391,Ryan Arcidiacono,G,Portland Trail Blazers,1836090,2022-23
392,Taj Gibson,F,Washington Wizards,1836090,2022-23
393,DeAndre Jordan,C,Denver Nuggets,1836090,2022-23
394,Theo Pinson,G,Dallas Mavericks,1836090,2022-23
395,Markieff Morris,PF,Dallas Mavericks,1836090,2022-23
396,Raul Neto,PG,Cleveland Cavaliers,1836090,2022-23
397,Matt Ryan,F,Minnesota Timberwolves,1836090,2022-23
398,Nathan Knight,F,Minnesota Timberwolves,1836090,2022-23
399,Svi Mykhailiuk,G,Charlotte Hornets,1836090,2022-23
400,Noah Vonleh,PF,Boston Celtics,1836090,2022-23
401,Blake Griffin,PF,Boston Celtics,1836090,2022-23
402,Wesley Matthews,SG,Milwaukee Bucks,1836090,2022-23
403,Wes Iwundu,F,Sacramento Kings,1824003,2022-23
404,Gabe Vincent,G,Miami Heat,1815677,2022-23
405,Max Strus,G,Miami Heat,1815677,2022-23
406,Javonte Green,G,Chicago Bulls,1815677,2022-23
407,Juwan Morgan,F,LA Clippers,1815518,2022-23
408,Herbert Jones,F,New Orleans Pelicans,1785000,2022-23
409,Nick Richards,C,Charlotte Hornets,1782621,2022-23
410,Lamar Stevens,F,Cleveland Cavaliers,1782621,2022-23
411,Vernon Carey Jr.,C,Washington Wizards,1782621,2022-23
412,Tre Jones,G,San Antonio Spurs,1782621,2022-23
413,KZ Okpala,SF,Sacramento Kings,1782621,2022-23
414,KJ Martin,F,Houston Rockets,1782621,2022-23
415,Paul Reed,F,Philadelphia 76ers,1782621,2022-23
416,Miye Oni,SF,Memphis Grizzlies,1782621,2022-23
417,Yogi Ferrell,PG,LA Clippers,1782621,2022-23
418,Alen Smailagic,PF,Golden State Warriors,1782621,2022-23
419,Naji Marshall,F,New Orleans Pelicans,1782621,2022-23
420,Yuta Watanabe,SF,Brooklyn Nets,1762796,2022-23
421,Khyri Thomas,SG,Houston Rockets,1762796,2022-23
422,Omer Yurtseven,C,Miami Heat,1752638,2022-23
423,Saben Lee,G,Philadelphia 76ers,1752638,2022-23
424,Devin Cannady,G,Orlando Magic,1752638,2022-23
425,Luca Vildoza,G,Milwaukee Bucks,1752638,2022-23
426,Rayjon Tucker,G,Milwaukee Bucks,1752638,2022-23
427,Haywood Highsmith,F,Miami Heat,1752638,2022-23
428,Malik Fitts,F,LA Clippers,1752638,2022-23
429,Paul Watson,SG,Oklahoma City Thunder,1701593,2022-23
430,Charlie Brown Jr.,G,Memphis Grizzlies,1701593,2022-23
431,Kelan Martin,SG,New Orleans Pelicans,1701593,2022-23
432,Mfiondu Kabengele,C,Boston Celtics,1701593,2022-23
433,Sam Dekker,F,Toronto Raptors,1669178,2022-23
434,Jarrell Brantley,PF,Utah Jazz,1669178,2022-23
435,E'Twaun Moore,G,Orlando Magic,1669178,2022-23
436,Solomon Hill,SF,New York Knicks,1669178,2022-23
437,Trevor Ariza,SF,Los Angeles Lakers,1669178,2022-23
438,Semi Ojeleye,PF,LA Clippers,1669178,2022-23
439,Kevin Pangos,G,Cleveland Cavaliers,1669178,2022-23
440,Jabari Parker,PF,Boston Celtics,1669178,2022-23
441,Enes Freedom,C,Houston Rockets,1669178,2022-23
442,Jericho Sims,C,New York Knicks,1639842,2022-23
443,Kessler Edwards,F,Sacramento Kings,1637966,2022-23
444,Trevelin Queen,SG,Indiana Pacers,1637966,2022-23
445,Isaiah Todd,PF,Washington Wizards,1575000,2022-23
446,JT Thor,F,Charlotte Hornets,1563518,2022-23
447,Jared Butler,G,Oklahoma City Thunder,1563518,2022-23
448,Isaiah Livers,F,Detroit Pistons,1563518,2022-23
449,Jason Preston,G,LA Clippers,1563518,2022-23
450,Aaron Wiggins,G,Oklahoma City Thunder,1563518,2022-23
451,Miles McBride,G,New York Knicks,1563518,2022-23
452,Duane Washington Jr.,PG,Phoenix Suns,1563518,2022-23
453,Trendon Watford,F,Portland Trail Blazers,1563518,2022-23
454,Daishen Nix,SG,Houston Rockets,1563518,2022-23
455,Austin Reaves,G,Los Angeles Lakers,1563518,2022-23
456,Brandon Boston,SG,LA Clippers,1563518,2022-23
457,Jock Landale,C,Phoenix Suns,1563518,2022-23
458,Greg Brown III,PF,Portland Trail Blazers,1563518,2022-23
459,Marko Simonovic,C,Chicago Bulls,1563518,2022-23
460,Ayo Dosunmu,G,Chicago Bulls,1563518,2022-23
461,Terry Taylor,F,Chicago Bulls,1563518,2022-23
462,Jose Alvarado,G,New Orleans Pelicans,1563518,2022-23
463,Sam Hauser,F,Boston Celtics,1563518,2022-23
464,Vit Krejci,G,Atlanta Hawks,1563518,2022-23
465,Dalano Banton,G,Toronto Raptors,1563318,2022-23
466,Jahmi'us Ramsey,PG,Toronto Raptors,1517981,2022-23
467,Daniel Oturu,C,Toronto Raptors,1517981,2022-23
468,Caleb Homesley,SG,Washington Wizards,1517981,2022-23
469,Mamadi Diakite,F,Cleveland Cavaliers,1517981,2022-23
470,Elijah Bryant,SG,Milwaukee Bucks,1517981,2022-23
471,Deividas Sirvydis,F,Indiana Pacers,1517981,2022-23
472,Christian Koloko,C,Toronto Raptors,1500000,2022-23
473,Tyus Jones,G,Memphis Grizzlies,1500000,2022-23
474,Alize Johnson,F,San Antonio Spurs,1392896,2022-23
475,Kemba Walker,PG,Dallas Mavericks,1392896,2022-23
476,Stanley Johnson,SF,San Antonio Spurs,1245164,2022-23
477,Kennedy Chandler,G,Memphis Grizzlies,1200000,2022-23
478,Alfonzo McKinnie,F,Chicago Bulls,1090007,2022-23
479,Bryce McGowens,G,Charlotte Hornets,1075000,2022-23
480,Chima Moneke,F,Sacramento Kings,1017781,2022-23
481,Jabari Walker,F,Portland Trail Blazers,1017781,2022-23
482,Josh Minott,F,Minnesota Timberwolves,1017781,2022-23
483,Tyrese Martin,G,Atlanta Hawks,1017781,2022-23
484,Ryan Rollins,G,Golden State Warriors,1017781,2022-23
485,Max Christie,G,Los Angeles Lakers,1017781,2022-23
486,Jaden Hardy,G,Dallas Mavericks,1017781,2022-23
487,Kenneth Lofton Jr.,F,Memphis Grizzlies,1000000,2022-23
488,Luka Garza,C,Minnesota Timberwolves,925258,2022-23
489,Jordan Goodwin,G,Washington Wizards,900000,2022-23
490,Sam Merrill,G,Cleveland Cavaliers,850000,2022-23
491,Kris Dunn,G,Utah Jazz,735819,2022-23
492,Michael Carter-Williams,G,Orlando Magic,652829,2022-23
493,Gorgui Dieng,C,San Antonio Spurs,622582,2022-23
494,Goga Bitadze,C,Orlando Magic,612181,2022-23
495,Boban Marjanovic,C,Houston Rockets,601478,2022-23
496,James Johnson,PF,Indiana Pacers,590926,2022-23
497,Terrence Ross,G,Phoenix Suns,580373,2022-23
498,Dewayne Dedmon,C,Philadelphia 76ers,580373,2022-23
499,Reggie Jackson,PG,Denver Nuggets,580373,2022-23
500,Justin Holiday,F,Dallas Mavericks,569821,2022-23
501,Keifer Sykes,G,Indiana Pacers,558345,2022-23
502,Eugene Omoruyi,F,Detroit Pistons,555402,2022-23
503,Joe Wieskamp,SF,Toronto Raptors,554989,2022-23
504,PJ Dozier,G,Sacramento Kings,539450,2022-23
505,DeAndre' Bembry,SG,Milwaukee Bucks,518021,2022-23
506,Cody Zeller,C,Miami Heat,517060,2022-23
507,Admiral Schofield,SF,Orlando Magic,516508,2022-23
508,Russell Westbrook,G,LA Clippers,495955,2022-23
509,R.J. Hampton,G,Detroit Pistons,485403,2022-23
510,Ish Wainright,F,Phoenix Suns,474851,2022-23
511,Will Barton,G,Toronto Raptors,432642,2022-23
512,Isaiah Roby,PF,San Antonio Spurs,400000,2022-23
513,Goran Dragic,PG,Milwaukee Bucks,390433,2022-23
514,Sandro Mamukelashvili,F,San Antonio Spurs,357717,2022-23
515,Patrick Beverley,PG,Chicago Bulls,357717,2022-23
516,Carlik Jones,G,Chicago Bulls,357717,2022-23
517,DaQuan Jeffries,SG,Charlotte Hornets,300000,2022-23
518,Meyers Leonard,C,Milwaukee Bucks,284911,2022-23
519,D.J. Augustin,G,Houston Rockets,189940,2022-23
520,Xavier Cooks,G,Washington Wizards,140384,2022-23
521,Nate Williams,G,Portland Trail Blazers,52644,2022-23
522,Kobi Simmons,G,Charlotte Hornets,32795,2022-23
523,Justin Champagnie,F,Boston Celtics,28241,2022-23
524,David Duke Jr.,G,Brooklyn Nets,28241,2022-23
525,Moses Brown,C,Brooklyn Nets,19186,2022-23
526,Shaquille Harrison,G,Portland Trail Blazers,12260,2022-23
527,Willie Cauley-Stein,C,Houston Rockets,10552,2022-23
528,Tristan Thompson,C,Cleveland Cavaliers,10552,2022-23
529,Xavier Sneed,F,Charlotte Hornets,8558,2022-23
