﻿Rank,Player,Position,Team,Salary,Season
1,Kevin Garnett,PF,Minnesota Timberwolves,22400000,2001-02
2,Shaquille O'Neal,C,Los Angeles Lakers,21428000,2001-02
3,Alonzo Mourning,C,Miami Heat,18756000,2001-02
4,Juwan Howard,PF,Denver Nuggets,18750000,2001-02
5,Scottie Pippen,SF,Portland Trail Blazers,18083000,2001-02
6,Karl Malone,PF,Utah Jazz,17500000,2001-02
7,Rasheed Wallace,PF,Portland Trail Blazers,14400000,2001-02
8,Dikembe Mutombo,C,Philadelphia 76ers,14315000,2001-02
9,Gary Payton,PG,Seattle SuperSonics,12926000,2001-02
10,Shawn Kemp,C,Portland Trail Blazers,12770000,2001-02
11,Chris Webber,C,Sacramento Kings,12750000,2001-02
12,Damon Stoudamire,PG,Portland Trail Blazers,12375000,2001-02
13,Reggie Miller,SG,Indiana Pacers,12045000,2001-02
14,Antonio McDyess,PF,Denver Nuggets,11700000,2001-02
15,Antoine Walker,PF,Boston Celtics,11250000,2001-02
16,Shareef Abdur-Rahim,PF,Atlanta Hawks,11250000,2001-02
17,Allen Iverson,SG,Philadelphia 76ers,11250000,2001-02
18,Latrell Sprewell,SG,New York Knicks,11250000,2001-02
19,Vin Baker,PF,Seattle SuperSonics,11250000,2001-02
20,Zydrunas Ilgauskas,C,Cleveland Cavaliers,11250000,2001-02
21,Anfernee Hardaway,SF,Phoenix Suns,11250000,2001-02
22,Ray Allen,SG,Milwaukee Bucks,11250000,2001-02
23,Kobe Bryant,SF,Los Angeles Lakers,11250000,2001-02
24,Stephon Marbury,PG,Phoenix Suns,11250000,2001-02
25,Antonio Davis,PF,Toronto Raptors,11000000,2001-02
26,Tracy McGrady,SG,Orlando Magic,10865000,2001-02
27,Tim Duncan,C,San Antonio Spurs,10865000,2001-02
28,Jalen Rose,SG,Chicago Bulls,10865000,2001-02
29,Keith Van Horn,PF,New Jersey Nets,10865000,2001-02
30,Grant Hill,SF,Orlando Magic,10865000,2001-02
31,Michael Finley,SG,Dallas Mavericks,10625000,2001-02
32,Vlade Divac,C,Sacramento Kings,10444000,2001-02
33,Tom Gugliotta,PF,Phoenix Suns,10113000,2001-02
34,Eddie Jones,SG,Miami Heat,10080000,2001-02
35,Brian Grant,PF,Miami Heat,10009000,2001-02
36,Allan Houston,SG,New York Knicks,10000000,2001-02
37,Tim Thomas,PF,Milwaukee Bucks,9675000,2001-02
38,David Robinson,C,San Antonio Spurs,9500000,2001-02
39,Terrell Brandon,PG,Minnesota Timberwolves,9250000,2001-02
40,Nick Van Exel,PG,Dallas Mavericks,9093000,2001-02
41,Steve Smith,SG,San Antonio Spurs,9000000,2001-02
42,Glenn Robinson,SF,Milwaukee Bucks,8990000,2001-02
43,Glen Rice,SF,Houston Rockets,8800000,2001-02
44,Derrick Coleman,PF,Philadelphia 76ers,8710000,2001-02
45,Theo Ratliff,C,Atlanta Hawks,8593000,2001-02
46,Jason Kidd,PG,New Jersey Nets,8440000,2001-02
47,Kenny Anderson,PG,Boston Celtics,8350000,2001-02
48,Matt Geiger,C,Philadelphia 76ers,8142000,2001-02
49,Toni Kukoc,SF,Atlanta Hawks,8050000,2001-02
50,John Stockton,G,Utah Jazz,8000000,2001-02
51,Elden Campbell,C,Charlotte Hornets,7975000,2001-02
52,Clifford Robinson,PF,Detroit Pistons,7656000,2001-02
53,Kerry Kittles,SG,New Jersey Nets,7167000,2001-02
54,Dale Davis,PF,Portland Trail Blazers,7010000,2001-02
55,Jamal Mashburn,SF,Charlotte Hornets,6975000,2001-02
56,Greg Ostertag,C,Utah Jazz,6933000,2001-02
57,Tyrone Hill,PF,Cleveland Cavaliers,6600000,2001-02
58,Bo Outlaw,PF,Phoenix Suns,6555000,2001-02
59,Charles Oakley,PF,Chicago Bulls,6545000,2001-02
60,Donyell Marshall,PF,Utah Jazz,6510000,2001-02
61,Alan Henderson,PF,Atlanta Hawks,6500000,2001-02
62,Derek Anderson,SG,Portland Trail Blazers,6495000,2001-02
63,P.J. Brown,PF,Charlotte Hornets,6404000,2001-02
64,Jermaine O'Neal,C,Indiana Pacers,6325000,2001-02
65,Austin Croshere,PF,Indiana Pacers,6310000,2001-02
66,Wesley Person,SF,Cleveland Cavaliers,6300000,2001-02
67,Marcus Camby,C,New York Knicks,6250000,2001-02
68,Erick Dampier,C,Golden State Warriors,6235000,2001-02
69,Ron Mercer,SG,Indiana Pacers,6066000,2001-02
70,Kelvin Cato,C,Houston Rockets,6048000,2001-02
71,Derrick McKey,F,Philadelphia 76ers,6000000,2001-02
72,Steve Nash,PG,Dallas Mavericks,5750000,2001-02
73,Isaac Austin,C,Memphis Grizzlies,5695000,2001-02
74,Jerry Stackhouse,SF,Detroit Pistons,5500000,2001-02
75,Shandon Anderson,SF,New York Knicks,5500000,2001-02
76,Lorenzen Wright,PF,Memphis Grizzlies,5500000,2001-02
77,Nick Anderson,F,Memphis Grizzlies,5401000,2001-02
78,Mookie Blaylock,G,Golden State Warriors,5400000,2001-02
79,Chris Mills,SF,Golden State Warriors,5400000,2001-02
80,Alvin Williams,PG,Toronto Raptors,5350000,2001-02
81,Robert Horry,PF,Los Angeles Lakers,5300000,2001-02
82,Eddie Robinson,SF,Chicago Bulls,5205000,2001-02
83,Chris Childs,G,Toronto Raptors,5200000,2001-02
84,Bryon Russell,SF,Utah Jazz,5142000,2001-02
85,Charlie Ward,PG,New York Knicks,5110000,2001-02
86,Tariq Abdul-Wahad,SF,Dallas Mavericks,5062000,2001-02
87,Hakeem Olajuwon,C,Toronto Raptors,5061000,2001-02
88,Jerome Williams,PF,Toronto Raptors,5000000,2001-02
89,Doug Christie,SG,Sacramento Kings,5000000,2001-02
90,Walt Williams,F,Houston Rockets,5000000,2001-02
91,Peja Stojakovic,SF,Sacramento Kings,5000000,2001-02
92,Bob Sura,PG,Golden State Warriors,4913000,2001-02
93,Jason Caffey,F,Milwaukee Bucks,4812000,2001-02
94,Howard Eisley,PG,New York Knicks,4781000,2001-02
95,Vitaly Potapenko,C,Boston Celtics,4762000,2001-02
96,Brent Barry,SG,Seattle SuperSonics,4680000,2001-02
97,Michael Olowokandi,C,LA Clippers,4662000,2001-02
98,Scott Williams,C,Denver Nuggets,4650000,2001-02
99,Calvin Booth,C,Seattle SuperSonics,4539000,2001-02
100,Anthony Mason,F,Milwaukee Bucks,4538000,2001-02
101,Joe Smith,PF,Minnesota Timberwolves,4538000,2001-02
102,Ruben Patterson,PF,Portland Trail Blazers,4538000,2001-02
103,Clarence Weatherspoon,PF,New York Knicks,4538000,2001-02
104,Avery Johnson,PG,Dallas Mavericks,4538000,2001-02
105,Brevin Knight,PG,Memphis Grizzlies,4500000,2001-02
106,Nazr Mohammed,C,Atlanta Hawks,4500000,2001-02
107,Ben Wallace,PF,Detroit Pistons,4500000,2001-02
108,Eric Williams,PF,Boston Celtics,4448000,2001-02
109,Danny Fortson,C,Golden State Warriors,4441000,2001-02
110,Christian Laettner,PF,Washington Wizards,4421000,2001-02
111,Jahidi White,C,Washington Wizards,4413000,2001-02
112,Kurt Thomas,PF,New York Knicks,4413000,2001-02
113,Rashard Lewis,PF,Seattle SuperSonics,4413000,2001-02
114,Cuttino Mobley,SG,Houston Rockets,4412000,2001-02
115,Brad Miller,C,Indiana Pacers,4400000,2001-02
116,Adonal Foyle,C,Golden State Warriors,4400000,2001-02
117,Scot Pollard,C,Sacramento Kings,4344000,2001-02
118,Voshon Lenard,SG,Denver Nuggets,4252000,2001-02
119,Mike Bibby,PG,Sacramento Kings,4174000,2001-02
120,Shawn Bradley,C,Dallas Mavericks,4155000,2001-02
121,Darrell Armstrong,PG,Orlando Magic,4130000,2001-02
122,Corliss Williamson,PF,Detroit Pistons,4000000,2001-02
123,Aaron McKie,SG,Philadelphia 76ers,4000000,2001-02
124,Sam Cassell,PG,Milwaukee Bucks,4000000,2001-02
125,Greg Anthony,G,Milwaukee Bucks,3940000,2001-02
126,Elton Brand,PF,LA Clippers,3882000,2001-02
127,Mark Jackson,PG,New York Knicks,3860000,2001-02
128,Michael Stewart,PF,Toronto Raptors,3840000,2001-02
129,Kenyon Martin,F,New Jersey Nets,3801000,2001-02
130,Rick Fox,SF,Los Angeles Lakers,3791000,2001-02
131,Raef LaFrentz,C,Dallas Mavericks,3755000,2001-02
132,Lamond Murray,SF,Cleveland Cavaliers,3750000,2001-02
133,Eric Snow,PG,Philadelphia 76ers,3750000,2001-02
134,Kwame Brown,C,Washington Wizards,3697000,2001-02
135,Brent Price,G,Sacramento Kings,3680000,2001-02
136,Ervin Johnson,C,Milwaukee Bucks,3670000,2001-02
137,Jud Buechler,G,Orlando Magic,3666000,2001-02
138,Tony Battie,C,Boston Celtics,3600000,2001-02
139,Travis Knight,C,New York Knicks,3600000,2001-02
140,Moochie Norris,PG,Houston Rockets,3600000,2001-02
141,Zeljko Rebraca,C,Detroit Pistons,3500000,2001-02
142,Steve Francis,PG,Houston Rockets,3473000,2001-02
143,Stromile Swift,PF,Memphis Grizzlies,3401000,2001-02
144,Tracy Murray,SF,Toronto Raptors,3400000,2001-02
145,Antawn Jamison,PF,Golden State Warriors,3388000,2001-02
146,Tim Hardaway,G,Denver Nuggets,3360000,2001-02
147,Chucky Atkins,PG,Detroit Pistons,3300000,2001-02
148,Tyrone Nesby,F,Washington Wizards,3260000,2001-02
149,Travis Best,PG,Chicago Bulls,3250000,2001-02
150,Anthony Carter,PG,Miami Heat,3250000,2001-02
151,Marc Jackson,PF,Minnesota Timberwolves,3250000,2001-02
152,David Wesley,SG,Charlotte Hornets,3240000,2001-02
153,Dean Garrett,C,Golden State Warriors,3240000,2001-02
154,Jon Barry,SG,Detroit Pistons,3175000,2001-02
155,Walter McCarty,PF,Boston Celtics,3125000,2001-02
156,Baron Davis,PG,Charlotte Hornets,3119000,2001-02
157,Vince Carter,G,Toronto Raptors,3073000,2001-02
158,Darius Miles,SF,LA Clippers,3054000,2001-02
159,Evan Eschmeyer,C,Dallas Mavericks,3038000,2001-02
160,Jaren Jackson,G,Orlando Magic,3020000,2001-02
161,Derek Fisher,PG,Los Angeles Lakers,3000000,2001-02
162,Eric Piatkowski,SG,LA Clippers,3000000,2001-02
163,Antonio Daniels,PG,San Antonio Spurs,3000000,2001-02
164,LaPhonso Ellis,F,Miami Heat,3000000,2001-02
165,Cedric Henderson,F,Golden State Warriors,3000000,2001-02
166,Kevin Willis,C,Houston Rockets,3000000,2001-02
167,Lawrence Funderburke,PF,Sacramento Kings,3000000,2001-02
168,Anthony Peeler,SG,Minnesota Timberwolves,2978000,2001-02
169,Pau Gasol,PF,Memphis Grizzlies,2970000,2001-02
170,Andrew DeClercq,C,Orlando Magic,2900000,2001-02
171,Lamar Odom,PF,LA Clippers,2812000,2001-02
172,Robert Traylor,PF,Charlotte Hornets,2793000,2001-02
173,Tyson Chandler,C,Chicago Bulls,2756000,2001-02
174,Marcus Fizer,F,Chicago Bulls,2754000,2001-02
175,Lindsey Hunter,SG,Los Angeles Lakers,2700000,2001-02
176,Chris Whitney,PG,Washington Wizards,2666000,2001-02
177,John Wallace,SF,Phoenix Suns,2630000,2001-02
178,Jason Williams,PG,Memphis Grizzlies,2554000,2001-02
179,Jonathan Bender,SF,Indiana Pacers,2546000,2001-02
180,Mikki Moore,C,Detroit Pistons,2531000,2001-02
181,Chris Gatling,C,Miami Heat,2504000,2001-02
182,Chris Crawford,SF,Atlanta Hawks,2500000,2001-02
183,Mike Miller,SG,Orlando Magic,2494000,2001-02
184,Eric Montross,C,Toronto Raptors,2480000,2001-02
185,Othella Harrington,PF,New York Knicks,2475000,2001-02
186,John Starks,G,Utah Jazz,2475000,2001-02
187,Randy Brown,G,Boston Celtics,2475000,2001-02
188,Bimbo Coles,PG,Cleveland Cavaliers,2475000,2001-02
189,Aaron Williams,C,New Jersey Nets,2475000,2001-02
190,Tony Delk,PG,Boston Celtics,2475000,2001-02
191,Chauncey Billups,PG,Minnesota Timberwolves,2475000,2001-02
192,Bobby Jackson,PG,Sacramento Kings,2475000,2001-02
193,Horace Grant,C,Orlando Magic,2419000,2001-02
194,Steve Kerr,G,Portland Trail Blazers,2406000,2001-02
195,Rodney Rogers,SF,Boston Celtics,2400000,2001-02
196,Sean Rooks,C,LA Clippers,2400000,2001-02
197,Terry Porter,G,San Antonio Spurs,2400000,2001-02
198,Calbert Cheaney,SG,Denver Nuggets,2400000,2001-02
199,Michael Curry,SF,Detroit Pistons,2400000,2001-02
200,George McCloud,F,Denver Nuggets,2400000,2001-02
201,Stacey Augmon,SF,Charlotte Hornets,2400000,2001-02
202,Lucious Harris,SG,New Jersey Nets,2400000,2001-02
203,George Lynch,SF,Charlotte Hornets,2400000,2001-02
204,Grant Long,F,Memphis Grizzlies,2400000,2001-02
205,Hubert Davis,SG,Washington Wizards,2368000,2001-02
206,Larry Hughes,SG,Golden State Warriors,2343000,2001-02
207,Wally Szczerbiak,SG,Minnesota Timberwolves,2313000,2001-02
208,Malik Rose,PF,San Antonio Spurs,2285000,2001-02
209,Vinny Del Negro,G,Phoenix Suns,2275000,2001-02
210,DerMarr Johnson,SF,Atlanta Hawks,2265000,2001-02
211,Eddy Curry,NA,Chicago Bulls,2232000,2001-02
212,Shane Battier,SF,Memphis Grizzlies,2203000,2001-02
213,John Amaechi,PF,Utah Jazz,2175000,2001-02
214,Dirk Nowitzki,F,Dallas Mavericks,2157000,2001-02
215,Patrick Ewing,C,Orlando Magic,2118000,2001-02
216,Richard Hamilton,SG,Washington Wizards,2111000,2001-02
217,Dell Curry,G,Toronto Raptors,2100000,2001-02
218,Chris Mihm,C,Cleveland Cavaliers,2067000,2001-02
219,Paul Pierce,SF,Boston Celtics,2051000,2001-02
220,Bonzi Wells,SG,Portland Trail Blazers,2028000,2001-02
221,Jason Richardson,SG,Golden State Warriors,2021000,2001-02
222,Eddie Griffin,PF,Houston Rockets,2011000,2001-02
223,Michael Doleac,C,Cleveland Cavaliers,2000000,2001-02
224,Bryant Stith,G,Cleveland Cavaliers,2000000,2001-02
225,Keon Clark,PF,Toronto Raptors,1971000,2001-02
226,Michael Dickerson,G,Memphis Grizzlies,1940000,2001-02
227,Andre Miller,PG,Cleveland Cavaliers,1934000,2001-02
228,Greg Foster,C,Milwaukee Bucks,1924000,2001-02
229,Matt Harpring,SF,Philadelphia 76ers,1908000,2001-02
230,Jamal Crawford,G,Chicago Bulls,1894000,2001-02
231,DeSagana Diop,C,Cleveland Cavaliers,1842000,2001-02
232,Shawn Marion,SG,Phoenix Suns,1778000,2001-02
233,Darvin Ham,SF,Milwaukee Bucks,1760000,2001-02
234,Shammond Williams,PG,Seattle SuperSonics,1750000,2001-02
235,Joel Przybilla,C,Milwaukee Bucks,1741000,2001-02
236,Rasho Nesterovic,C,Minnesota Timberwolves,1725000,2001-02
237,Tyronn Lue,PG,Washington Wizards,1714000,2001-02
238,Rodney White,SF,Detroit Pistons,1694000,2001-02
239,Jason Terry,G,Atlanta Hawks,1689000,2001-02
240,Keyon Dooling,PG,LA Clippers,1654000,2001-02
241,Joe Johnson,G,Phoenix Suns,1608000,2001-02
242,Trajan Langdon,SG,Cleveland Cavaliers,1604000,2001-02
243,Johnny Newman,F,Dallas Mavericks,1575000,2001-02
244,Jerome Moiso,C,Charlotte Hornets,1571000,2001-02
245,Pat Garrity,PF,Orlando Magic,1569000,2001-02
246,Kedrick Brown,SG,Boston Celtics,1528000,2001-02
247,Roshown McLeod,F,Boston Celtics,1509000,2001-02
248,Tony Massenburg,PF,Memphis Grizzlies,1500000,2001-02
249,Danny Manning,F,Dallas Mavericks,1500000,2001-02
250,Dana Barros,PG,Detroit Pistons,1500000,2001-02
251,Ricky Davis,SG,Cleveland Cavaliers,1496000,2001-02
252,Etan Thomas,C,Washington Wizards,1493000,2001-02
253,Brian Skinner,PF,Cleveland Cavaliers,1483000,2001-02
254,Corie Blount,PF,Philadelphia 76ers,1452000,2001-02
255,Vladimir Radmanovic,SF,Seattle SuperSonics,1452000,2001-02
256,Corey Maggette,SF,LA Clippers,1448000,2001-02
257,Al Harrington,PF,Indiana Pacers,1436000,2001-02
258,Courtney Alexander,SG,Washington Wizards,1418000,2001-02
259,Samaki Walker,PF,Los Angeles Lakers,1400000,2001-02
260,Richard Jefferson,F,New Jersey Nets,1379000,2001-02
261,William Avery,G,Minnesota Timberwolves,1375000,2001-02
262,Mateen Cleaves,PG,Sacramento Kings,1347000,2001-02
263,Troy Murphy,PF,Golden State Warriors,1310000,2001-02
264,Eldridge Recasner,G,LA Clippers,1300000,2001-02
265,Bryce Drew,PG,Charlotte Hornets,1300000,2001-02
266,Matt Bullard,F,Charlotte Hornets,1300000,2001-02
267,Popeye Jones,PF,Washington Wizards,1300000,2001-02
268,Jason Collier,C,Houston Rockets,1280000,2001-02
269,Metta World Peace,SF,Indiana Pacers,1241000,2001-02
270,Hedo Turkoglu,SF,Sacramento Kings,1216000,2001-02
271,Greg Buckner,SG,Dallas Mavericks,1210000,2001-02
272,Kirk Haston,F,Charlotte Hornets,1182000,2001-02
273,Cal Bowdler,F,Atlanta Hawks,1179000,2001-02
274,Desmond Mason,SF,Seattle SuperSonics,1155000,2001-02
275,Michael Bradley,PF,Toronto Raptors,1124000,2001-02
276,James Posey,SF,Denver Nuggets,1120000,2001-02
277,Quentin Richardson,SF,LA Clippers,1097000,2001-02
278,Quincy Lewis,SG,Utah Jazz,1070000,2001-02
279,Jason Collins,C,New Jersey Nets,1067000,2001-02
280,Jamaal Magloire,C,Charlotte Hornets,1048000,2001-02
281,Steven Hunter,C,Orlando Magic,1037000,2001-02
282,Dion Glover,SG,Atlanta Hawks,1027000,2001-02
283,Zach Randolph,F,Portland Trail Blazers,1019000,2001-02
284,Speedy Claxton,PG,Philadelphia 76ers,1006000,2001-02
285,Michael Jordan,G,Washington Wizards,1000000,2001-02
286,Danny Ferry,F,San Antonio Spurs,1000000,2001-02
287,Fred Hoiberg,SG,Chicago Bulls,1000000,2001-02
288,Don Reid,F,Orlando Magic,1000000,2001-02
289,John Crotty,G,Utah Jazz,1000000,2001-02
290,Mark Bryant,F,San Antonio Spurs,1000000,2001-02
291,Jeff Foster,PF,Indiana Pacers,986000,2001-02
292,Morris Peterson,SG,Toronto Raptors,966000,2001-02
293,Kenny Thomas,PF,Houston Rockets,946000,2001-02
294,Joseph Forte,G,Boston Celtics,939000,2001-02
295,Donnell Harvey,PF,Denver Nuggets,927000,2001-02
296,Jeryl Sasser,G,Orlando Magic,902000,2001-02
297,DeShawn Stevenson,SG,Utah Jazz,890000,2001-02
298,Brandon Armstrong,SG,New Jersey Nets,865000,2001-02
299,Dalibor Bagaric,C,Chicago Bulls,854000,2001-02
300,Tim James,F,Philadelphia 76ers,837000,2001-02
301,Devean George,SF,Los Angeles Lakers,834000,2001-02
302,Andrei Kirilenko,SF,Utah Jazz,831000,2001-02
303,Jake Tsakalidis,C,Phoenix Suns,820000,2001-02
304,Brendan Haywood,C,Washington Wizards,815000,2001-02
305,Vonteego Cummings,PG,Philadelphia 76ers,810000,2001-02
306,Mamadou N'diaye,C,Toronto Raptors,793000,2001-02
307,Jumaine Jones,SF,Cleveland Cavaliers,786000,2001-02
308,Scott Padgett,PF,Utah Jazz,781000,2001-02
309,Samuel Dalembert,C,Philadelphia 76ers,771000,2001-02
310,Erick Barkley,G,Portland Trail Blazers,765000,2001-02
311,Mark Madsen,PF,Los Angeles Lakers,760000,2001-02
312,Jamaal Tinsley,PG,Indiana Pacers,749000,2001-02
313,Primoz Brezec,C,Indiana Pacers,749000,2001-02
314,Tony Parker,G,San Antonio Spurs,744000,2001-02
315,Bruce Bowen,SF,San Antonio Spurs,715000,2001-02
316,Cherokee Parks,PF,San Antonio Spurs,715000,2001-02
317,Emanual Davis,G,Atlanta Hawks,715000,2001-02
318,Milt Palacio,PG,Phoenix Suns,690000,2001-02
319,Gerald Wallace,SF,Sacramento Kings,664000,2001-02
320,Earl Boykins,PG,LA Clippers,650000,2001-02
321,Adrian Griffin,G,Dallas Mavericks,648000,2001-02
322,Ryan Bowen,SF,Denver Nuggets,630000,2001-02
323,Rafer Alston,PG,Milwaukee Bucks,625000,2001-02
324,Harold Jamison,F,LA Clippers,600000,2001-02
325,Mitchell Butler,SG,Portland Trail Blazers,591000,2001-02
326,Kevin Ollie,PG,Indiana Pacers,591000,2001-02
327,Chris Dudley,C,Portland Trail Blazers,591000,2001-02
328,Rick Brunson,PG,Portland Trail Blazers,591000,2001-02
329,Brian Shaw,G,Los Angeles Lakers,591000,2001-02
330,Felton Spencer,C,New York Knicks,591000,2001-02
331,Larry Robinson,G,New York Knicks,591000,2001-02
332,Gary Trent,PF,Minnesota Timberwolves,591000,2001-02
333,Sam Mitchell,F,Minnesota Timberwolves,591000,2001-02
334,Erick Strickland,PG,Boston Celtics,591000,2001-02
335,Carlos Rogers,F,Indiana Pacers,591000,2001-02
336,Rod Strickland,PG,Miami Heat,591000,2001-02
337,Troy Hudson,PG,Orlando Magic,591000,2001-02
338,Victor Alexander,F,Detroit Pistons,591000,2001-02
339,Monty Williams,SF,Orlando Magic,591000,2001-02
340,Shawnelle Scott,C,Denver Nuggets,591000,2001-02
341,Mark Pope,C,Milwaukee Bucks,591000,2001-02
342,Antonio Harvey,F,Seattle SuperSonics,591000,2001-02
343,Jeff McInnis,PG,LA Clippers,590000,2001-02
344,Darrick Martin,PG,Dallas Mavericks,590000,2001-02
345,Jacque Vaughn,PG,Atlanta Hawks,590000,2001-02
346,Kendall Gill,SF,Miami Heat,590000,2001-02
347,Mitch Richmond,G,Los Angeles Lakers,590000,2001-02
348,Dan Majerle,G,Phoenix Suns,590000,2001-02
349,Sean Marks,PF,Miami Heat,566000,2001-02
350,Vladimir Stepania,C,Miami Heat,566000,2001-02
351,Damon Jones,PG,Detroit Pistons,566000,2001-02
352,Bruno Sundov,C,Indiana Pacers,565000,2001-02
353,Felipe Lopez,G,Minnesota Timberwolves,565000,2001-02
354,Todd MacCulloch,C,New Jersey Nets,550000,2001-02
355,Amal McCaskill,C,San Antonio Spurs,541000,2001-02
356,Derrick Dial,SG,Toronto Raptors,541000,2001-02
357,Charles Smith,SG,San Antonio Spurs,541000,2001-02
358,Jelani McCoy,PF,Los Angeles Lakers,541000,2001-02
359,Obinna Ekezie,C,LA Clippers,541000,2001-02
360,Michael Ruffin,PF,Philadelphia 76ers,540000,2001-02
361,Rodney Buford,SF,Memphis Grizzlies,540000,2001-02
362,Mark Blount,C,Boston Celtics,540000,2001-02
363,Mark Strickland,F,Atlanta Hawks,539000,2001-02
364,Terence Morris,F,Houston Rockets,490000,2001-02
365,Jim Jackson,SF,Miami Heat,480000,2001-02
366,Predrag Drobnjak,C,Seattle SuperSonics,479000,2001-02
367,Art Long,F,Seattle SuperSonics,466000,2001-02
368,Lee Nailon,SF,Charlotte Hornets,466000,2001-02
369,Zendon Hamilton,C,Denver Nuggets,466000,2001-02
370,Lavor Postell,G,New York Knicks,466000,2001-02
371,Jerome James,C,Seattle SuperSonics,466000,2001-02
372,Olumide Oyedeji,C,Seattle SuperSonics,466000,2001-02
373,Eduardo Najera,PF,Dallas Mavericks,465000,2001-02
374,Raja Bell,SG,Philadelphia 76ers,465000,2001-02
375,Michael Redd,SG,Milwaukee Bucks,465000,2001-02
376,Jason Hart,PG,San Antonio Spurs,465000,2001-02
377,Daniel Santiago,C,Phoenix Suns,465000,2001-02
378,Dan Langhi,PF,Houston Rockets,465000,2001-02
379,Eddie Gill,PG,Memphis Grizzlies,465000,2001-02
380,ZhiZhi Wang,C,Dallas Mavericks,465000,2001-02
381,Eddie House,SG,Miami Heat,465000,2001-02
382,Jake Voskuhl,C,Phoenix Suns,465000,2001-02
383,Stephen Jackson,SF,San Antonio Spurs,465000,2001-02
384,A.J. Guyton,G,Chicago Bulls,465000,2001-02
385,Brian Cardinal,PF,Detroit Pistons,465000,2001-02
386,Hanno Mottola,C,Atlanta Hawks,465000,2001-02
387,Slava Medvedenko,PF,Los Angeles Lakers,465000,2001-02
388,Reggie Slater,F,Atlanta Hawks,438000,2001-02
389,Steve Goodrich,F,New Jersey Nets,389000,2001-02
390,Gilbert Arenas,PG,Golden State Warriors,333000,2001-02
391,Ratko Varda,C,Detroit Pistons,333000,2001-02
392,Earl Watson,PG,Seattle SuperSonics,333000,2001-02
393,Jarron Collins,C,Utah Jazz,333000,2001-02
394,Kenny Satterfield,G,Denver Nuggets,333000,2001-02
395,Malik Allen,PF,Miami Heat,333000,2001-02
396,Jamison Brewer,PG,Indiana Pacers,333000,2001-02
397,Trenton Hassell,SF,Chicago Bulls,333000,2001-02
398,Tierre Brown,PG,Houston Rockets,333000,2001-02
399,Oscar Torres,G,Houston Rockets,333000,2001-02
400,Dean Oliver,G,Golden State Warriors,333000,2001-02
401,Ruben Boumtje-Boumtje,C,Portland Trail Blazers,333000,2001-02
402,Norman Richardson,G,Chicago Bulls,333000,2001-02
403,Brian Scalabrine,PF,New Jersey Nets,333000,2001-02
404,Carlos Arroyo,PG,Denver Nuggets,333000,2001-02
405,Ernest Brown,C,Miami Heat,333000,2001-02
406,Antonis Fotsis,F,Memphis Grizzlies,332000,2001-02
407,Maurice Evans,SG,Minnesota Timberwolves,332000,2001-02
408,Damone Brown,PF,Philadelphia 76ers,332000,2001-02
409,Will Solomon,PG,Memphis Grizzlies,332000,2001-02
410,Alvin Jones,C,Philadelphia 76ers,332000,2001-02
411,Bobby Simmons,SF,Washington Wizards,332000,2001-02
412,Alton Ford,SF,Phoenix Suns,332000,2001-02
413,Jeff Trepagnier,SG,Cleveland Cavaliers,332000,2001-02
414,Loren Woods,C,Minnesota Timberwolves,332000,2001-02
415,Jabari Smith,C,Philadelphia 76ers,304000,2001-02
416,Mike James,PG,Miami Heat,237000,2001-02
