﻿Rank,Player,Position,Team,Salary,Season
1,Stephen Curry,G,Golden State Warriors,37457154,2017-18
2,Blake Griffin,PF,Detroit Pistons,32088932,2017-18
3,Paul Millsap,PF,Denver Nuggets,31269231,2017-18
4,Kyle Lowry,G,Toronto Raptors,31200000,2017-18
5,Gordon Hayward,SF,Boston Celtics,29727900,2017-18
6,Mike Conley,G,Memphis Grizzlies,28530608,2017-18
7,Russell Westbrook,G,Oklahoma City Thunder,28530608,2017-18
8,James Harden,G,Houston Rockets,28299399,2017-18
9,DeMar DeRozan,G,Toronto Raptors,27739975,2017-18
10,Al Horford,C,Boston Celtics,27734406,2017-18
11,Carmelo Anthony,PF,Oklahoma City Thunder,26243760,2017-18
12,Damian Lillard,G,Portland Trail Blazers,26153057,2017-18
13,Otto Porter Jr.,SF,Washington Wizards,26011913,2017-18
14,Jrue Holiday,G,New Orleans Pelicans,25686667,2017-18
15,Bradley Beal,G,Washington Wizards,25434263,2017-18
16,Andre Drummond,C,Detroit Pistons,25434263,2017-18
17,Hassan Whiteside,C,Miami Heat,25434262,2017-18
18,Joel Embiid,C,Philadelphia 76ers,25250000,2017-18
19,Chris Paul,G,Houston Rockets,24599495,2017-18
20,Giannis Antetokounmpo,F,Milwaukee Bucks,24157303,2017-18
21,Kevin Love,F,Cleveland Cavaliers,24119025,2017-18
22,Nicolas Batum,F,Charlotte Hornets,24000000,2017-18
23,CJ McCollum,G,Portland Trail Blazers,23962573,2017-18
24,Dwight Howard,C,Charlotte Hornets,23819725,2017-18
25,Anthony Davis,F,New Orleans Pelicans,23775506,2017-18
26,Harrison Barnes,F,Dallas Mavericks,23112004,2017-18
27,Chandler Parsons,SF,Memphis Grizzlies,23112004,2017-18
28,Brook Lopez,C,Los Angeles Lakers,22642650,2017-18
29,Marc Gasol,C,Memphis Grizzlies,22642350,2017-18
30,DeAndre Jordan,C,LA Clippers,22642350,2017-18
31,Steven Adams,C,Oklahoma City Thunder,22471910,2017-18
32,Rudy Gobert,C,Utah Jazz,21924719,2017-18
33,Serge Ibaka,F,Toronto Raptors,21666667,2017-18
34,LaMarcus Aldridge,C,San Antonio Spurs,21461010,2017-18
35,Victor Oladipo,SG,Indiana Pacers,21000000,2017-18
36,Danilo Gallinari,PF,LA Clippers,20559599,2017-18
37,Ryan Anderson,PF,Houston Rockets,19578455,2017-18
38,Paul George,F,Oklahoma City Thunder,19508958,2017-18
39,Jimmy Butler III,F,Minnesota Timberwolves,19301070,2017-18
40,Tyler Johnson,G,Miami Heat,19245370,2017-18
41,John Wall,PG,Washington Wizards,19169800,2017-18
42,Jeff Teague,PG,Minnesota Timberwolves,19000000,2017-18
43,George Hill,PG,Cleveland Cavaliers,19000000,2017-18
44,Kawhi Leonard,F,San Antonio Spurs,18868626,2017-18
45,Kyrie Irving,G,Boston Celtics,18868626,2017-18
46,Enes Freedom,C,New York Knicks,18622514,2017-18
47,Joakim Noah,C,New York Knicks,18530000,2017-18
48,Allen Crabbe,G,Brooklyn Nets,18500000,2017-18
49,Goran Dragic,PG,Miami Heat,18109175,2017-18
50,Kent Bazemore,SF,Atlanta Hawks,18089887,2017-18
51,DeMarcus Cousins,C,New Orleans Pelicans,18063850,2017-18
52,Wesley Matthews,SG,Dallas Mavericks,17884176,2017-18
53,Klay Thompson,G,Golden State Warriors,17826150,2017-18
54,Kentavious Caldwell-Pope,G,Los Angeles Lakers,17745894,2017-18
55,Draymond Green,F,Golden State Warriors,17469565,2017-18
56,Tristan Thompson,C,Cleveland Cavaliers,17469565,2017-18
57,Tim Hardaway Jr.,G,New York Knicks,17325000,2017-18
58,Luol Deng,F,Los Angeles Lakers,17190000,2017-18
59,Evan Turner,G,Portland Trail Blazers,17131148,2017-18
60,Reggie Jackson,PG,Detroit Pistons,17043478,2017-18
61,Bismack Biyombo,C,Orlando Magic,17000000,2017-18
62,Evan Fournier,SG,Orlando Magic,17000000,2017-18
63,Jonas Valanciunas,C,Toronto Raptors,16539326,2017-18
64,Pau Gasol,PF,San Antonio Spurs,16000000,2017-18
65,Tobias Harris,F,LA Clippers,16000000,2017-18
66,Timofey Mozgov,C,Brooklyn Nets,16000000,2017-18
67,Ian Mahinmi,C,Washington Wizards,15944154,2017-18
68,Dennis Schroder,G,Atlanta Hawks,15500000,2017-18
69,Tony Parker,G,San Antonio Spurs,15453126,2017-18
70,DeMarre Carroll,F,Brooklyn Nets,15400000,2017-18
71,Eric Bledsoe,SG,Milwaukee Bucks,15000000,2017-18
72,Andre Iguodala,F,Golden State Warriors,14814815,2017-18
73,JR Smith,G,Cleveland Cavaliers,14720000,2017-18
74,James Johnson,PF,Miami Heat,14651700,2017-18
75,Robin Lopez,C,Chicago Bulls,14357750,2017-18
76,Ricky Rubio,PG,Utah Jazz,14275000,2017-18
77,Joe Ingles,F,Utah Jazz,14136364,2017-18
78,Gorgui Dieng,C,Minnesota Timberwolves,14112360,2017-18
79,Marvin Williams,F,Charlotte Hornets,14087500,2017-18
80,Mason Plumlee,C,Denver Nuggets,14041096,2017-18
81,Taj Gibson,F,Minnesota Timberwolves,14000000,2017-18
82,Thaddeus Young,F,Indiana Pacers,13964045,2017-18
83,Brandon Knight,PG,Dallas Mavericks,13618750,2017-18
84,Cody Zeller,C,Charlotte Hornets,13528090,2017-18
85,Michael Kidd-Gilchrist,F,Charlotte Hornets,13000000,2017-18
86,Tyson Chandler,C,Phoenix Suns,13000000,2017-18
87,Eric Gordon,G,Houston Rockets,12943020,2017-18
88,Kenneth Faried,F,Denver Nuggets,12921348,2017-18
89,Marcin Gortat,C,Washington Wizards,12782609,2017-18
90,Nikola Vucevic,C,Orlando Magic,12750000,2017-18
91,Austin Rivers,SG,LA Clippers,12650000,2017-18
92,Kelly Olynyk,F,Miami Heat,12537527,2017-18
93,Jeremy Lin,G,Brooklyn Nets,12516746,2017-18
94,Miles Plumlee,C,Atlanta Hawks,12500000,2017-18
95,Jordan Clarkson,G,Cleveland Cavaliers,12500000,2017-18
96,Nikola Mirotic,F,New Orleans Pelicans,12500000,2017-18
97,Zach Randolph,F,Sacramento Kings,12307692,2017-18
98,Courtney Lee,G,New York Knicks,12253780,2017-18
99,Solomon Hill,SF,New Orleans Pelicans,12236535,2017-18
100,Nikola Pekovic,C,Minnesota Timberwolves,12100000,2017-18
101,Wilson Chandler,F,Denver Nuggets,12016854,2017-18
102,Kemba Walker,PG,Charlotte Hornets,12000000,2017-18
103,Derrick Favors,F,Utah Jazz,12000000,2017-18
104,Dion Waiters,G,Miami Heat,11550000,2017-18
105,John Henson,F,Milwaukee Bucks,11327466,2017-18
106,Omer Asik,C,Chicago Bulls,11286516,2017-18
107,Monta Ellis,SG,Indiana Pacers,11227000,2017-18
108,Alec Burks,SG,Utah Jazz,10845506,2017-18
109,Patty Mills,PG,San Antonio Spurs,10714286,2017-18
110,Tony Snell,SF,Milwaukee Bucks,10607143,2017-18
111,Terrence Ross,G,Orlando Magic,10500000,2017-18
112,Bojan Bogdanovic,SF,Indiana Pacers,10500000,2017-18
113,Mirza Teletovic,PF,Milwaukee Bucks,10500000,2017-18
114,Robert Covington,PF,Philadelphia 76ers,10464092,2017-18
115,Iman Shumpert,G,Cleveland Cavaliers,10337079,2017-18
116,Maurice Harkless,SF,Portland Trail Blazers,10162922,2017-18
117,Jon Leuer,F,Detroit Pistons,10002681,2017-18
118,Danny Green,F,San Antonio Spurs,10000000,2017-18
119,Darren Collison,PG,Indiana Pacers,10000000,2017-18
120,Jared Dudley,SF,Phoenix Suns,10000000,2017-18
121,Al Jefferson,C,Indiana Pacers,10000000,2017-18
122,Meyers Leonard,C,Portland Trail Blazers,9904495,2017-18
123,Matthew Dellavedova,PG,Milwaukee Bucks,9607500,2017-18
124,Bogdan Bogdanovic,G,Sacramento Kings,9412280,2017-18
125,Josh Richardson,SG,Miami Heat,9367200,2017-18
126,Norman Powell,G,Toronto Raptors,9367200,2017-18
127,Andre Roberson,F,Oklahoma City Thunder,9259260,2017-18
128,Dwight Powell,F,Dallas Mavericks,9003125,2017-18
129,Gerald Henderson,SG,Philadelphia 76ers,9000000,2017-18
130,Avery Bradley,PG,LA Clippers,8808989,2017-18
131,Markieff Morris,PF,Washington Wizards,8600000,2017-18
132,Jerryd Bayless,G,Philadelphia 76ers,8575916,2017-18
133,JaMychal Green,F,Memphis Grizzlies,8533333,2017-18
134,Cristiano Felicio,PF,Chicago Bulls,8470980,2017-18
135,E'Twaun Moore,G,New Orleans Pelicans,8445024,2017-18
136,Rudy Gay,SF,San Antonio Spurs,8406000,2017-18
137,Kosta Koufos,C,Sacramento Kings,8393000,2017-18
138,Markelle Fultz,PG,Philadelphia 76ers,8339880,2017-18
139,Garrett Temple,G,Sacramento Kings,8000000,2017-18
140,Kevin Garnett,PF,Minnesota Timberwolves,8000000,2017-18
141,Yi Jianlian,SF,Los Angeles Lakers,8000000,2017-18
142,Vince Carter,G,Sacramento Kings,8000000,2017-18
143,Cory Joseph,PG,Indiana Pacers,7945000,2017-18
144,CJ Miles,G,Toronto Raptors,7936509,2017-18
145,Shaun Livingston,G,Golden State Warriors,7692308,2017-18
146,P.J. Tucker,PF,Houston Rockets,7590035,2017-18
147,Corey Brewer,F,Oklahoma City Thunder,7579366,2017-18
148,Andrew Wiggins,F,Minnesota Timberwolves,7574323,2017-18
149,Kyle Korver,G,Cleveland Cavaliers,7560000,2017-18
150,Boris Diaw,C,Utah Jazz,7500000,2017-18
151,Jeremy Lamb,SG,Charlotte Hornets,7488372,2017-18
152,Darrell Arthur,F,Denver Nuggets,7464912,2017-18
153,Trevor Ariza,SF,Houston Rockets,7420912,2017-18
154,Channing Frye,F,Los Angeles Lakers,7420912,2017-18
155,Festus Ezeli,C,Portland Trail Blazers,7400000,2017-18
156,Al-Farouq Aminu,SF,Portland Trail Blazers,7319035,2017-18
157,Cole Aldrich,C,Minnesota Timberwolves,7300000,2017-18
158,D.J. Augustin,G,Orlando Magic,7250000,2017-18
159,Dewayne Dedmon,C,Atlanta Hawks,7200000,2017-18
160,Lance Thomas,F,New York Knicks,7119650,2017-18
161,D'Angelo Russell,G,Brooklyn Nets,7019698,2017-18
162,Langston Galloway,SG,Detroit Pistons,7000000,2017-18
163,Rodney Stuckey,PG,Indiana Pacers,7000000,2017-18
164,Boban Marjanovic,C,LA Clippers,7000000,2017-18
165,Lou Williams,SG,LA Clippers,7000000,2017-18
166,Jae Crowder,PF,Utah Jazz,6796117,2017-18
167,Carl Landry,PF,Philadelphia 76ers,6500000,2017-18
168,Ben Simmons,PG,Philadelphia 76ers,6434520,2017-18
169,Tim Duncan,C,San Antonio Spurs,6393750,2017-18
170,Ed Davis,C,Portland Trail Blazers,6352531,2017-18
171,Lonzo Ball,G,Los Angeles Lakers,6286560,2017-18
172,Isaiah Thomas,G,Los Angeles Lakers,6261395,2017-18
173,Karl-Anthony Towns,C,Minnesota Timberwolves,6216840,2017-18
174,Spencer Hawes,PF,Milwaukee Bucks,6061175,2017-18
175,Josh McRoberts,PF,Dallas Mavericks,6021175,2017-18
176,Shelvin Mack,G,Orlando Magic,6000000,2017-18
177,Ish Smith,PG,Detroit Pistons,6000000,2017-18
178,Jonathon Simmons,G,Orlando Magic,6000000,2017-18
179,Alan Williams,C,Phoenix Suns,6000000,2017-18
180,Milos Teodosic,G,LA Clippers,6000000,2017-18
181,Wesley Johnson,F,LA Clippers,5882260,2017-18
182,Alex Abrines,G,Oklahoma City Thunder,5725000,2017-18
183,Kristaps Porzingis,C,New York Knicks,5697054,2017-18
184,Jayson Tatum,F,Boston Celtics,5645400,2017-18
185,Jared Sullinger,C,Phoenix Suns,5628000,2017-18
186,Brandon Ingram,F,Los Angeles Lakers,5519400,2017-18
187,Patrick Beverley,PG,LA Clippers,5513514,2017-18
188,Luis Scola,F,Shanghai Sharks,5500000,2017-18
189,Thabo Sefolosha,F,Utah Jazz,5500000,2017-18
190,Jason Smith,F,Washington Wizards,5450000,2017-18
191,Ben McLemore,SG,Memphis Grizzlies,5200000,2017-18
192,Patrick Patterson,PF,Oklahoma City Thunder,5192000,2017-18
193,Nick Young,G,Golden State Warriors,5192000,2017-18
194,Josh Jackson,SG,Phoenix Suns,5090040,2017-18
195,Mike Muscala,C,Atlanta Hawks,5000000,2017-18
196,C.J. Watson,PG,Orlando Magic,5000000,2017-18
197,Dirk Nowitzki,F,Dallas Mavericks,5000000,2017-18
198,Marcus Morris Sr.,F,Boston Celtics,5000000,2017-18
199,Dante Exum,G,Utah Jazz,4992385,2017-18
200,Jonathan Isaac,F,Orlando Magic,4969080,2017-18
201,Alexis Ajinca,C,LA Clippers,4961798,2017-18
202,Jaylen Brown,G,Boston Celtics,4956480,2017-18
203,Mike Dunleavy,SG,Atlanta Hawks,4837500,2017-18
204,Kyle Singler,F,Oklahoma City Thunder,4666500,2017-18
205,De'Aaron Fox,G,Sacramento Kings,4609200,2017-18
206,Ron Baker,G,New York Knicks,4544000,2017-18
207,Lauri Markkanen,F,Chicago Bulls,4536120,2017-18
208,Dragan Bender,F,Phoenix Suns,4468800,2017-18
209,Devin Harris,G,Denver Nuggets,4402546,2017-18
210,Justin Holiday,F,Chicago Bulls,4384616,2017-18
211,Greivis Vasquez,PG,Brooklyn Nets,4347826,2017-18
212,Jamal Crawford,G,Minnesota Timberwolves,4328000,2017-18
213,Emmanuel Mudiay,G,New York Knicks,4294480,2017-18
214,Kris Dunn,G,Chicago Bulls,4221000,2017-18
215,Nerlens Noel,C,Dallas Mavericks,4187599,2017-18
216,Alex Len,C,Phoenix Suns,4187599,2017-18
217,Frank Ntilikina,PG,New York Knicks,4155720,2017-18
218,Julius Randle,F,Los Angeles Lakers,4149242,2017-18
219,Leandro Barbosa,G,Flamengo Flamengo,4000000,2017-18
220,Jordan Hill,C,Minnesota Timberwolves,4000000,2017-18
221,Jonas Jerebko,F,Utah Jazz,4000000,2017-18
222,Nemanja Bjelica,PF,Minnesota Timberwolves,3949999,2017-18
223,Stanley Johnson,SF,Detroit Pistons,3940402,2017-18
224,J.J. Barea,G,Dallas Mavericks,3903900,2017-18
225,Quincy Pondexter,F,Chicago Bulls,3853931,2017-18
226,Willie Cauley-Stein,C,Sacramento Kings,3704160,2017-18
227,Buddy Hield,G,Sacramento Kings,3675480,2017-18
228,Frank Kaminsky,F,Charlotte Hornets,3627842,2017-18
229,Drew Gooden,PF,Washington Wizards,3547000,2017-18
230,Will Barton,G,Denver Nuggets,3533333,2017-18
231,Paul Pierce,SF,LA Clippers,3527920,2017-18
232,Mike Miller,SG,Denver Nuggets,3500000,2017-18
233,Zaza Pachulia,C,Golden State Warriors,3477600,2017-18
234,Nene Hilario,C,Houston Rockets,3477600,2017-18
235,Jodie Meeks,G,Washington Wizards,3454500,2017-18
236,Justise Winslow,PF,Miami Heat,3448926,2017-18
237,Malik Monk,G,Charlotte Hornets,3447480,2017-18
238,Myles Turner,C,Indiana Pacers,3410284,2017-18
239,Troy Daniels,G,Phoenix Suns,3408520,2017-18
240,Jamal Murray,G,Denver Nuggets,3355320,2017-18
241,Rajon Rondo,PG,New Orleans Pelicans,3300000,2017-18
242,Doug McDermott,F,Dallas Mavericks,3294994,2017-18
243,Tyreke Evans,G,Memphis Grizzlies,3290000,2017-18
244,Tarik Black,F,Houston Rockets,3290000,2017-18
245,Anthony Tolliver,PF,Detroit Pistons,3290000,2017-18
246,Luke Kennard,G,Detroit Pistons,3275280,2017-18
247,Cameron Payne,PG,Chicago Bulls,3263294,2017-18
248,Dennis Smith Jr.,PG,Dallas Mavericks,3218280,2017-18
249,Kelly Oubre Jr.,G,Washington Wizards,3208630,2017-18
250,Ekpe Udoh,F,Utah Jazz,3200000,2017-18
251,T.J. Warren,SF,Phoenix Suns,3152931,2017-18
252,Marquese Chriss,SF,Phoenix Suns,3073800,2017-18
253,Zach Collins,F,Portland Trail Blazers,3057240,2017-18
254,Seth Curry,SG,Golden State Warriors,3028410,2017-18
255,Mindaugas Kuzminskas,F,New York Knicks,3025035,2017-18
256,Justin Hamilton,C,Beijing Ducks,3000000,2017-18
257,Tomas Satoransky,SG,Washington Wizards,3000000,2017-18
258,Tibor Pleiss,C,Philadelphia 76ers,3000000,2017-18
259,Bam Adebayo,C,Miami Heat,2955840,2017-18
260,Jakob Poeltl,C,Toronto Raptors,2947320,2017-18
261,Jusuf Nurkic,C,Portland Trail Blazers,2947305,2017-18
262,Thon Maker,F,Milwaukee Bucks,2799720,2017-18
263,Cedi Osman,SF,Cleveland Cavaliers,2775000,2017-18
264,Domantas Sabonis,F,Indiana Pacers,2659800,2017-18
265,Jerian Grant,G,Chicago Bulls,2639314,2017-18
266,Donovan Mitchell,G,Utah Jazz,2621280,2017-18
267,Gary Harris,G,Denver Nuggets,2550055,2017-18
268,Delon Wright,G,Toronto Raptors,2536898,2017-18
269,D.J. Wilson,F,Milwaukee Bucks,2534280,2017-18
270,Taurean Prince,F,Atlanta Hawks,2526840,2017-18
271,Dario Saric,F,Philadelphia 76ers,2526840,2017-18
272,Justin Anderson,F,Philadelphia 76ers,2516048,2017-18
273,Manu Ginobili,G,San Antonio Spurs,2500000,2017-18
274,Reggie Bullock Jr.,SF,Detroit Pistons,2500000,2017-18
275,Bobby Portis,F,Chicago Bulls,2494346,2017-18
276,Rondae Hollis Jefferson,SF,Brooklyn Nets,2470357,2017-18
277,Kendrick Perkins,C,Cleveland Cavaliers,2445085,2017-18
278,Trey Lyles,PF,Denver Nuggets,2441400,2017-18
279,T.J. Leaf,PF,Indiana Pacers,2407560,2017-18
280,Justin Jackson,F,Sacramento Kings,2365560,2017-18
281,Shabazz Napier,G,Portland Trail Blazers,2361360,2017-18
282,Clint Capela,C,Houston Rockets,2334528,2017-18
283,Devin Booker,G,Phoenix Suns,2319360,2017-18
284,John Collins,F,Atlanta Hawks,2299080,2017-18
285,Denzel Valentine,G,Chicago Bulls,2280600,2017-18
286,Larry Nance Jr.,F,Cleveland Cavaliers,2272391,2017-18
287,Justin Patton,C,Minnesota Timberwolves,2247480,2017-18
288,Brandon Jennings,G,Milwaukee Bucks,2222803,2017-18
289,Mo Williams,PG,Denver Nuggets,2194500,2017-18
290,Kyle Anderson,F,San Antonio Spurs,2151704,2017-18
291,Darius Miller,SF,New Orleans Pelicans,2100000,2017-18
292,Juancho Hernangomez,PF,Denver Nuggets,2076840,2017-18
293,Sean Kilpatrick,G,Chicago Bulls,2054856,2017-18
294,Kendall Marshall,PG,Milwaukee Bucks,2048257,2017-18
295,OG Anunoby,F,Toronto Raptors,2034120,2017-18
296,Jarrett Allen,C,Brooklyn Nets,2034120,2017-18
297,Terry Rozier,G,Boston Celtics,1988520,2017-18
298,Kevin Seraphin,C,Indiana Pacers,1974159,2017-18
299,Ante Zizic,C,Cleveland Cavaliers,1952760,2017-18
300,Tyler Zeller,C,Milwaukee Bucks,1933941,2017-18
301,Rashad Vaughn,G,Orlando Magic,1889040,2017-18
302,Harry Giles III,PF,Charlotte Hornets,1859400,2017-18
303,Henry Ellenson,PF,Detroit Pistons,1857480,2017-18
304,Eric Moreland,C,Detroit Pistons,1826300,2017-18
305,Sam Dekker,F,LA Clippers,1794600,2017-18
306,Terrance Ferguson,SF,Oklahoma City Thunder,1785000,2017-18
307,Furkan Korkmaz,SG,Philadelphia 76ers,1740000,2017-18
308,Caris LeVert,G,Brooklyn Nets,1702800,2017-18
309,Malik Beasley,SG,Denver Nuggets,1700640,2017-18
310,Spencer Dinwiddie,PG,Brooklyn Nets,1656092,2017-18
311,Julyan Stone,G,Charlotte Hornets,1656092,2017-18
312,DeAndre' Bembry,SG,Atlanta Hawks,1634640,2017-18
313,Richaun Holmes,F,Philadelphia 76ers,1600520,2017-18
314,T.J. McConnell,G,Philadelphia 76ers,1600520,2017-18
315,Dwight Buycks,G,Detroit Pistons,1600520,2017-18
316,Tyler Lydon,F,Denver Nuggets,1579440,2017-18
317,Archie Goodwin,SG,Portland Trail Blazers,1577230,2017-18
318,Ryan Kelly,PF,Atlanta Hawks,1577230,2017-18
319,Jeff Withey,C,Dallas Mavericks,1577230,2017-18
320,Malachi Richardson,G,Toronto Raptors,1569360,2017-18
321,Caron Butler,SF,Sacramento Kings,1551659,2017-18
322,Isaiah Taylor,G,Atlanta Hawks,1544951,2017-18
323,Trey Burke,PG,New York Knicks,1544951,2017-18
324,Troy Williams,F,New York Knicks,1544951,2017-18
325,Quinn Cook,PG,Golden State Warriors,1544951,2017-18
326,Malcolm Brogdon,G,Milwaukee Bucks,1544951,2017-18
327,Pascal Siakam,F,Toronto Raptors,1544951,2017-18
328,Rodney McGruder,G,Miami Heat,1544951,2017-18
329,Willy Hernangomez,C,Charlotte Hornets,1544951,2017-18
330,Mitch McGary,PF,Oklahoma City Thunder,1526040,2017-18
331,Joffrey Lauvergne,F,San Antonio Spurs,1524305,2017-18
332,Jerami Grant,F,Oklahoma City Thunder,1524305,2017-18
333,Johnny O'Bryant III,F,Charlotte Hornets,1524305,2017-18
334,Tyler Ennis,G,Los Angeles Lakers,1524305,2017-18
335,Elijah Millsap,F,Denver Nuggets,1524305,2017-18
336,Marcelinho Huertas,PG,Houston Rockets,1500000,2017-18
337,Omri Casspi,F,Golden State Warriors,1471382,2017-18
338,Tyus Jones,G,Minnesota Timberwolves,1471382,2017-18
339,KJ McDaniels,F,Oklahoma City Thunder,1471382,2017-18
340,Raymond Felton,G,Oklahoma City Thunder,1471382,2017-18
341,Nick Collison,F,Oklahoma City Thunder,1471382,2017-18
342,Josh Huestis,F,Oklahoma City Thunder,1471382,2017-18
343,JaVale McGee,C,Golden State Warriors,1471382,2017-18
344,Anthony Morrow,SG,Portland Trail Blazers,1471382,2017-18
345,Montrezl Harrell,C,LA Clippers,1471382,2017-18
346,Kris Humphries,PF,Philadelphia 76ers,1471382,2017-18
347,Damjan Rudez,SF,Orlando Magic,1471382,2017-18
348,Aaron Brooks,G,Minnesota Timberwolves,1471382,2017-18
349,Axel Toupane,SG,Milwaukee Bucks,1471382,2017-18
350,Pat Connaughton,G,Portland Trail Blazers,1471382,2017-18
351,Mario Chalmers,G,Memphis Grizzlies,1471382,2017-18
352,Rakeem Christmas,PF,Indiana Pacers,1471382,2017-18
353,Damien Wilkins,SG,Indiana Pacers,1471382,2017-18
354,Luc Mbah a Moute,F,Houston Rockets,1471382,2017-18
355,Kevon Looney,F,Golden State Warriors,1471382,2017-18
356,Andrew Bogut,C,Los Angeles Lakers,1471382,2017-18
357,David West,F,Golden State Warriors,1471382,2017-18
358,Chris McCullough,F,Washington Wizards,1471382,2017-18
359,Beno Udrih,PG,Detroit Pistons,1471382,2017-18
360,Nikola Jokic,C,Denver Nuggets,1471382,2017-18
361,Donald Sloan,G,Denver Nuggets,1471382,2017-18
362,Josh Childress,F,Maccabi Haifa Maccabi Haifa,1471382,2017-18
363,Salah Mejri,C,Dallas Mavericks,1471382,2017-18
364,Maalik Wayns,PG,Dallas Mavericks,1471382,2017-18
365,Jarell Martin,F,Memphis Grizzlies,1471382,2017-18
366,Raul Neto,PG,Utah Jazz,1471382,2017-18
367,Willie Reed,C,Detroit Pistons,1471382,2017-18
368,Tony Allen,SG,New Orleans Pelicans,1471382,2017-18
369,Ian Clark,G,New Orleans Pelicans,1471382,2017-18
370,Perry Jones,SF,New Orleans Pelicans,1471382,2017-18
371,Jeremy Evans,F,Atlanta Hawks,1471382,2017-18
372,Caleb Swanigan,F,Portland Trail Blazers,1465920,2017-18
373,Jordan Adams,SG,Memphis Grizzlies,1465080,2017-18
374,Richard Jefferson,F,Denver Nuggets,1454756,2017-18
375,Kyle Kuzma,F,Los Angeles Lakers,1423560,2017-18
376,Tony Bradley,C,Utah Jazz,1414920,2017-18
377,Derrick White,G,San Antonio Spurs,1404600,2017-18
378,Josh Hart,G,Los Angeles Lakers,1394520,2017-18
379,Timothe Luwawu-Cabarrot,SG,Philadelphia 76ers,1386600,2017-18
380,Josh Smith,PF,New Orleans Pelicans,1379940,2017-18
381,Jaylen Morris,F,Atlanta Hawks,1378242,2017-18
382,Khem Birch,C,Orlando Magic,1378242,2017-18
383,Wes Iwundu,F,Orlando Magic,1378242,2017-18
384,Damyean Dotson,SG,New York Knicks,1378242,2017-18
385,Rodney Purvis,G,Orlando Magic,1378242,2017-18
386,Sterling Brown,SF,Milwaukee Bucks,1378242,2017-18
387,Tyler Dorsey,G,Atlanta Hawks,1378242,2017-18
388,Jordan Bell,F,Golden State Warriors,1378242,2017-18
389,Alfonzo McKinnie,F,Toronto Raptors,1378242,2017-18
390,Ike Anigbogu,C,Indiana Pacers,1378242,2017-18
391,Alex Poythress,F,Indiana Pacers,1378242,2017-18
392,Guillermo Hernangomez,C,New York Knicks,1350000,2017-18
393,Sasha Kaun,C,Philadelphia 76ers,1333240,2017-18
394,Brice Johnson,PF,Memphis Grizzlies,1331160,2017-18
395,Davis Bertans,SF,San Antonio Spurs,1312611,2017-18
396,Patrick McCaw,SF,Golden State Warriors,1312611,2017-18
397,Kyle Wiltjer,F,Toronto Raptors,1312611,2017-18
398,Daniel Ochefu,PF,Washington Wizards,1312611,2017-18
399,Carrick Felix,SG,Washington Wizards,1312611,2017-18
400,Semaj Christon,PG,Oklahoma City Thunder,1312611,2017-18
401,Stephen Zimmerman,C,San Antonio Spurs,1312611,2017-18
402,Tyler Ulis,G,Phoenix Suns,1312611,2017-18
403,Chinanu Onuaku,C,Houston Rockets,1312611,2017-18
404,Patricio Garino,SG,Orlando Magic,1312611,2017-18
405,Skal Labissiere,C,Sacramento Kings,1312611,2017-18
406,Dorian Finney-Smith,F,Dallas Mavericks,1312611,2017-18
407,Bryn Forbes,SG,San Antonio Spurs,1312611,2017-18
408,Cheick Diallo,F,New Orleans Pelicans,1312611,2017-18
409,AJ Hammons,C,Miami Heat,1312611,2017-18
410,Ivica Zubac,C,Los Angeles Lakers,1312611,2017-18
411,Yogi Ferrell,PG,Dallas Mavericks,1312611,2017-18
412,DeQuan Jones,SF,Indiana Pacers,1312611,2017-18
413,Deyonta Davis,F,Memphis Grizzlies,1312611,2017-18
414,Andrew Harrison,G,Memphis Grizzlies,1312611,2017-18
415,Michael Gbinije,SG,Golden State Warriors,1312611,2017-18
416,Isaiah Whitehead,G,Brooklyn Nets,1312611,2017-18
417,Kalin Lucas,G,Detroit Pistons,1312611,2017-18
418,Chasson Randle,G,Minnesota Timberwolves,1312611,2017-18
419,Damian Jones,C,Golden State Warriors,1312611,2017-18
420,Sheldon Mac,G,Cleveland Cavaliers,1312611,2017-18
421,Diamond Stone,C,Chicago Bulls,1312611,2017-18
422,Paul Zipser,F,Chicago Bulls,1312611,2017-18
423,Wayne Selden,G,Memphis Grizzlies,1312611,2017-18
424,Jarrod Uthoff,F,New Orleans Pelicans,1312611,2017-18
425,Jake Layman,F,Portland Trail Blazers,1312611,2017-18
426,Nicolas Brussino,SF,Atlanta Hawks,1312611,2017-18
427,Dejounte Murray,G,San Antonio Spurs,1312611,2017-18
428,Khris Middleton,F,Milwaukee Bucks,1300000,2017-18
429,Semi Ojeleye,PF,Boston Celtics,1291892,2017-18
430,Livio Jean-Charles,SF,San Antonio Spurs,1188840,2017-18
431,Frank Mason III,G,Sacramento Kings,1184385,2017-18
432,Abdel Nader,SF,Boston Celtics,1167333,2017-18
433,Tony Wroten,SG,Memphis Grizzlies,1050961,2017-18
434,John Jenkins,G,New York Knicks,1050961,2017-18
435,Chris Johnson,SG,Houston Rockets,1050961,2017-18
436,Anthony Bennett,F,Houston Rockets,1015696,2017-18
437,Andrew Goudelock,PG,Houston Rockets,1015696,2017-18
438,Isaiah Canaan,G,Phoenix Suns,997547,2017-18
439,Jarnell Stokes,C,Memphis Grizzlies,980431,2017-18
440,Henry Sims,C,Utah Jazz,980431,2017-18
441,Chris Wright,SF,Oklahoma City Thunder,980431,2017-18
442,Jordan Farmar,PG,Sacramento Kings,980431,2017-18
443,Greg Stiemsma,C,Portland Trail Blazers,980431,2017-18
444,Cory Jefferson,F,Philadelphia 76ers,980431,2017-18
445,Elton Brand,PF,Philadelphia 76ers,980431,2017-18
446,Arinze Onuaku,PF,Orlando Magic,980431,2017-18
447,Lou Amundson,PF,New York Knicks,980431,2017-18
448,Marcus Thornton,SG,Brooklyn Nets,980431,2017-18
449,Toure' Murry,SF,Minnesota Timberwolves,980431,2017-18
450,John Lucas III,PG,Minnesota Timberwolves,980431,2017-18
451,Rasual Butler,SF,Minnesota Timberwolves,980431,2017-18
452,Orlando Johnson,SG,Milwaukee Bucks,980431,2017-18
453,Xavier Henry,SG,Milwaukee Bucks,980431,2017-18
454,Steve Novak,SF,Milwaukee Bucks,980431,2017-18
455,Dorell Wright,SF,LA Clippers,980431,2017-18
456,Shayne Whittington,PF,Indiana Pacers,980431,2017-18
457,Pablo Prigioni,PG,Houston Rockets,980431,2017-18
458,Phil Pressey,PG,Golden State Warriors,980431,2017-18
459,Devyn Marble,G,Golden State Warriors,980431,2017-18
460,Elliot Williams,SG,Golden State Warriors,980431,2017-18
461,Cameron Bairstow,PF,Detroit Pistons,980431,2017-18
462,Jorge Gutierrez,G,Denver Nuggets,980431,2017-18
463,Robbie Hummel,SF,Denver Nuggets,980431,2017-18
464,Anderson Varejao,C,Cleveland Cavaliers,980431,2017-18
465,Chris Andersen,PF,Charlotte Hornets,980431,2017-18
466,Robert Sacre,C,New Orleans Pelicans,980431,2017-18
467,Will Bynum,PG,Atlanta Hawks,980431,2017-18
468,Rade Zagorac,SF,Memphis Grizzlies,950000,2017-18
469,Ivan Rabb,PF,Memphis Grizzlies,950000,2017-18
470,Reggie Williams,SF,New Orleans Pelicans,895197,2017-18
471,DJ Stephens,G,Memphis Grizzlies,874636,2017-18
472,D.J. Kennedy,SG,Memphis Grizzlies,874636,2017-18
473,Casper Ware,G,Melbourne Melbourne United,874636,2017-18
474,Nick Johnson,G,San Antonio Spurs,874636,2017-18
475,Duje Dukan,PF,Sacramento Kings,874636,2017-18
476,Grant Jerrett,PF,Portland Trail Blazers,874636,2017-18
477,Branden Dawson,SF,Orlando Magic,874636,2017-18
478,Kevin Murphy,SG,Orlando Magic,874636,2017-18
479,J.J. O'Brien,SF,Milwaukee Bucks,874636,2017-18
480,Keith Benson,PF,Miami Heat,874636,2017-18
481,Christian Wood,F,Los Angeles Lakers,874636,2017-18
482,Jordan McRae,G,Detroit Pistons,874636,2017-18
483,Cliff Alexander,PF,New Orleans Pelicans,874636,2017-18
484,Gerald Green,G,Houston Rockets,872854,2017-18
485,Luke Petrasek,SF,Charlotte Hornets,815615,2017-18
486,T.J. Williams,PG,Charlotte Hornets,815615,2017-18
487,Terry Henderson,SG,Charlotte Hornets,815615,2017-18
488,Dakari Johnson,C,Oklahoma City Thunder,815615,2017-18
489,Xavier Rathan-Mayes,SG,Memphis Grizzlies,815615,2017-18
490,Kennedy Meeks,F,Maccabi Haifa Maccabi Haifa,815615,2017-18
491,Frank Jackson,G,Utah Jazz,815615,2017-18
492,Erik McCree,F,Utah Jazz,815615,2017-18
493,Rashawn Thomas,PF,Oklahoma City Thunder,815615,2017-18
494,Bryce Alford,G,Oklahoma City Thunder,815615,2017-18
495,Brandon Paul,G,San Antonio Spurs,815615,2017-18
496,Matt Jones,SG,Sacramento Kings,815615,2017-18
497,Troy Caupain,G,Portland Trail Blazers,815615,2017-18
498,Jawun Evans,G,LA Clippers,815615,2017-18
499,Peter Jok,SF,Phoenix Suns,815615,2017-18
500,Royce O'Neale,F,Utah Jazz,815615,2017-18
501,James Blackmon Jr.,SG,Philadelphia 76ers,815615,2017-18
502,Isaiah Briscoe,G,Orlando Magic,815615,2017-18
503,JeQuan Lewis,PG,Milwaukee Bucks,815615,2017-18
504,Thomas Bryant,C,Los Angeles Lakers,815615,2017-18
505,V.J. Beachem,SF,Los Angeles Lakers,815615,2017-18
506,Davon Reed,SG,Phoenix Suns,815615,2017-18
507,LaDontae Henton,SF,LA Clippers,815615,2017-18
508,Daniel Theis,C,Boston Celtics,815615,2017-18
509,Naz Mitrou-Long,G,Utah Jazz,815615,2017-18
510,Zhou Qi,C,Houston Rockets,815615,2017-18
511,Dillon Brooks,F,Memphis Grizzlies,815615,2017-18
512,Alex Hamilton,SG,Golden State Warriors,815615,2017-18
513,Brandon Ashley,F,New Zealand Breakers,815615,2017-18
514,Maxi Kleber,F,Dallas Mavericks,815615,2017-18
515,Jaylen Johnson,PF,Chicago Bulls,815615,2017-18
516,L.J. Peak,SG,Boston Celtics,815615,2017-18
517,Cameron Oliver,F,Atlanta Hawks,815615,2017-18
518,Jordan Mathews,SG,Atlanta Hawks,815615,2017-18
519,Tyler Cavanaugh,F,Atlanta Hawks,679919,2017-18
520,Emeka Okafor,C,New Orleans Pelicans,592030,2017-18
521,DeAndre Liggins,G,New Orleans Pelicans,588120,2017-18
522,Rasheed Sulaimon,G,Charlotte Hornets,543471,2017-18
523,Andrew Andrews,G,Charlotte Hornets,543471,2017-18
524,Yanick Moreira,C,Toronto Raptors,543471,2017-18
525,Brady Heslip,SG,Toronto Raptors,543471,2017-18
526,E.J. Singler,SF,Toronto Raptors,543471,2017-18
527,Drew Crawford,SG,Toronto Raptors,543471,2017-18
528,Isaiah Cousins,G,Utah Jazz,543471,2017-18
529,Kaleb Tarczewski,C,Oklahoma City Thunder,543471,2017-18
530,Richard Solomon,F,Oklahoma City Thunder,543471,2017-18
531,Nicolas Laprovittola,G,San Antonio Spurs,543471,2017-18
532,Ryan Richards,PF,San Antonio Spurs,543471,2017-18
533,Gracin Bakumanya,C,Phoenix Suns,543471,2017-18
534,Derek Cooke Jr.,PF,Phoenix Suns,543471,2017-18
535,Maurice Ndour,SF,New York Knicks,543471,2017-18
536,J.P. Tokoto,SG,New York Knicks,543471,2017-18
537,Egidijus Mockevicius,PF,Brooklyn Nets,543471,2017-18
538,Beau Beech,SG,Brooklyn Nets,543471,2017-18
539,Stefan Jankovic,PF,Miami Heat,543471,2017-18
540,Julian Jacobs,PG,Los Angeles Lakers,543471,2017-18
541,Zach Auguste,F,Los Angeles Lakers,543471,2017-18
542,Nick Zeisloft,G,Golden State Warriors,543471,2017-18
543,Elgin Cook,SF,Golden State Warriors,543471,2017-18
544,Scott Wood,SG,Golden State Warriors,543471,2017-18
545,Cameron Jones,SG,Golden State Warriors,543471,2017-18
546,Nikola Jovanovic,PF,Detroit Pistons,543471,2017-18
547,Trey Freeman,PG,Detroit Pistons,543471,2017-18
548,Ben Bentil,PF,Dallas Mavericks,543471,2017-18
549,Jameel Warney,PF,Dallas Mavericks,543471,2017-18
550,Keith Hornsby,G,Dallas Mavericks,543471,2017-18
551,D'Vauntes Smith-Rivera,PG,Chicago Bulls,543471,2017-18
552,Thomas Walkup,SG,Chicago Bulls,543471,2017-18
553,J.J. Avila,PF,Chicago Bulls,543471,2017-18
554,Quincy Ford,SG,New Orleans Pelicans,543471,2017-18
555,Jonathan Holmes,PF,Boston Celtics,543471,2017-18
556,Cat Barber,G,Atlanta Hawks,543471,2017-18
557,Brandan Wright,F,Houston Rockets,490461,2017-18
558,Joe Johnson,G,Houston Rockets,473835,2017-18
559,Toney Douglas,PG,Memphis Grizzlies,379159,2017-18
560,C.J. Williams,G,LA Clippers,375000,2017-18
561,Derrick Rose,PG,Minnesota Timberwolves,290951,2017-18
562,Lamar Patterson,SG,Atlanta Hawks,246956,2017-18
563,Wade Baldwin IV,G,Portland Trail Blazers,229892,2017-18
564,Larry Sanders,PF,Cleveland Cavaliers,207722,2017-18
565,Georgios Papagiannis,C,Portland Trail Blazers,185397,2017-18
566,Shaquille Harrison,G,Phoenix Suns,175000,2017-18
567,Travis Wear,F,Los Angeles Lakers,148318,2017-18
568,Ray McCallum,PG,Charlotte Hornets,121112,2017-18
569,Manny Harris,PG,Dallas Mavericks,115344,2017-18
570,Tim Quarterman,G,Houston Rockets,96406,2017-18
571,Aaron Harrison,G,Dallas Mavericks,91442,2017-18
572,Marquis Teague,G,Memphis Grizzlies,74186,2017-18
573,Mike Tobey,C,Charlotte Hornets,67135,2017-18
574,MarShon Brooks,G,Memphis Grizzlies,60283,2017-18
575,Jordan Crawford,G,New Orleans Pelicans,58190,2017-18
576,Justin Harper,PF,Philadelphia 76ers,57672,2017-18
577,Alonzo Gee,SF,Denver Nuggets,57672,2017-18
578,Nigel Hayes-Davis,F,Sacramento Kings,55296,2017-18
579,David Stockton,G,Utah Jazz,44495,2017-18
580,Jonathan Gibson,G,Boston Celtics,44495,2017-18
581,Pierre Jackson,PG,Dallas Mavericks,31969,2017-18
582,Andre Ingram,G,Los Angeles Lakers,13824,2017-18
583,Aaron Jackson,F,Houston Rockets,4608,2017-18
584,Amile Jefferson,F,Boston Celtics,4608,2017-18
