﻿Rank,Player,Position,Team,Salary,Season
1,Kevin Garnett,PF,Boston Celtics,24751934,2008-09
2,Jason Kidd,PG,Dallas Mavericks,21372000,2008-09
3,Jermaine O'Neal,C,Miami Heat,21372000,2008-09
4,Kobe Bryant,SF,Los Angeles Lakers,21262500,2008-09
5,Shaquille O'Neal,C,Phoenix Suns,21000000,2008-09
6,Allen Iverson,SG,Detroit Pistons,20840625,2008-09
7,Stephon Marbury,PG,Boston Celtics,20840625,2008-09
8,Tim Duncan,C,San Antonio Spurs,20598704,2008-09
9,Tracy McGrady,SG,Houston Rockets,20370437,2008-09
10,Ray Allen,SG,Boston Celtics,18388430,2008-09
11,Dirk Nowitzki,F,Dallas Mavericks,18077904,2008-09
12,Paul Pierce,SF,Boston Celtics,18077903,2008-09
13,Shawn Marion,SG,Toronto Raptors,17810000,2008-09
14,Rashard Lewis,PF,Orlando Magic,16447871,2008-09
15,Michael Redd,SG,Milwaukee Bucks,15780000,2008-09
16,Pau Gasol,PF,Los Angeles Lakers,15106000,2008-09
17,Andrei Kirilenko,SF,Utah Jazz,15106000,2008-09
18,Amar'e Stoudemire,C,Phoenix Suns,15070550,2008-09
19,Yao Ming,C,Houston Rockets,15070550,2008-09
20,Mike Bibby,PG,Atlanta Hawks,14983603,2008-09
21,Vince Carter,G,New Jersey Nets,14724125,2008-09
22,Zach Randolph,F,LA Clippers,14666667,2008-09
23,Gilbert Arenas,PG,Washington Wizards,14653466,2008-09
24,Ben Wallace,PF,Cleveland Cavaliers,14500000,2008-09
25,Kenyon Martin,F,Denver Nuggets,14431816,2008-09
26,Dwyane Wade,G,Miami Heat,14410581,2008-09
27,Chris Bosh,PF,Toronto Raptors,14410581,2008-09
28,Carmelo Anthony,PF,Denver Nuggets,14410581,2008-09
29,LeBron James,F,Cleveland Cavaliers,14410581,2008-09
30,Joe Johnson,G,Atlanta Hawks,14232567,2008-09
31,Lamar Odom,PF,Los Angeles Lakers,14148596,2008-09
32,Rasheed Wallace,PF,Detroit Pistons,13930000,2008-09
33,Wally Szczerbiak,SG,Cleveland Cavaliers,13775000,2008-09
34,Dwight Howard,C,Orlando Magic,13758000,2008-09
35,Elton Brand,PF,Philadelphia 76ers,13757844,2008-09
36,Richard Jefferson,F,Milwaukee Bucks,13200000,2008-09
37,Larry Hughes,SG,New York Knicks,12827676,2008-09
38,Raef LaFrentz,C,Portland Trail Blazers,12722500,2008-09
39,Peja Stojakovic,SF,New Orleans Hornets,12528000,2008-09
40,Steve Nash,PG,Phoenix Suns,12250000,2008-09
41,Jason Richardson,SG,Phoenix Suns,12222221,2008-09
42,Carlos Boozer,PF,Utah Jazz,11593817,2008-09
43,Erick Dampier,C,Dallas Mavericks,11553000,2008-09
44,Tony Parker,G,San Antonio Spurs,11550000,2008-09
45,Brad Miller,C,Chicago Bulls,11375000,2008-09
46,Tyson Chandler,C,New Orleans Hornets,11350000,2008-09
47,Andre Iguodala,F,Philadelphia 76ers,11300000,2008-09
48,Baron Davis,PG,LA Clippers,11250000,2008-09
49,Samuel Dalembert,C,Philadelphia 76ers,11238564,2008-09
50,Chauncey Billups,PG,Denver Nuggets,11050000,2008-09
51,Monta Ellis,SG,Golden State Warriors,11000000,2008-09
52,Al Jefferson,C,Minnesota Timberwolves,11000000,2008-09
53,Zydrunas Ilgauskas,C,Cleveland Cavaliers,10841615,2008-09
54,Richard Hamilton,SG,Detroit Pistons,10812500,2008-09
55,Bobby Simmons,SF,New Jersey Nets,10602667,2008-09
56,Andre Miller,PG,Philadelphia 76ers,10333334,2008-09
57,Troy Murphy,PF,Indiana Pacers,10126984,2008-09
58,Marcus Camby,C,LA Clippers,10000000,2008-09
59,Josh Smith,PF,Atlanta Hawks,10000000,2008-09
60,Kirk Hinrich,SG,Chicago Bulls,10000000,2008-09
61,Josh Howard,SF,Dallas Mavericks,9945000,2008-09
62,Antawn Jamison,PF,Washington Wizards,9923285,2008-09
63,Manu Ginobili,G,San Antonio Spurs,9905248,2008-09
64,David West,F,New Orleans Hornets,9862500,2008-09
65,Eddy Curry,NA,New York Knicks,9723983,2008-09
66,Nene Hilario,C,Denver Nuggets,9680000,2008-09
67,Emeka Okafor,C,Charlotte Bobcats,9537500,2008-09
68,Chris Kaman,C,LA Clippers,9500000,2008-09
69,Gerald Wallace,SF,Charlotte Bobcats,9500000,2008-09
70,Tayshaun Prince,SF,Detroit Pistons,9500000,2008-09
71,Luol Deng,F,Chicago Bulls,9385000,2008-09
72,Caron Butler,SF,Washington Wizards,9249980,2008-09
73,Al Harrington,PF,New York Knicks,9226250,2008-09
74,Jason Terry,G,Dallas Mavericks,9196000,2008-09
75,Antoine Walker,PF,Minnesota Timberwolves,9052460,2008-09
76,Mike Miller,SG,Minnesota Timberwolves,9028575,2008-09
77,Andris Biedrins,C,Golden State Warriors,9000000,2008-09
78,Boris Diaw,C,Charlotte Bobcats,9000000,2008-09
79,Mike Dunleavy,SG,Indiana Pacers,9000000,2008-09
80,Cuttino Mobley,SG,LA Clippers,8925000,2008-09
81,Kevin Martin,SG,Sacramento Kings,8760335,2008-09
82,Quentin Richardson,SF,New York Knicks,8685500,2008-09
83,Jamal Crawford,G,Golden State Warriors,8640000,2008-09
84,Kenny Thomas,PF,Sacramento Kings,8562500,2008-09
85,Mark Blount,C,Miami Heat,8513916,2008-09
86,Mehmet Okur,C,Utah Jazz,8500000,2008-09
87,Rasho Nesterovic,C,Indiana Pacers,8400000,2008-09
88,Mo Williams,PG,Cleveland Cavaliers,8353000,2008-09
89,Corey Maggette,SF,Golden State Warriors,8275862,2008-09
90,Andres Nocioni,SF,Sacramento Kings,8000000,2008-09
91,T.J. Ford,PG,Indiana Pacers,8000000,2008-09
92,Devin Harris,G,New Jersey Nets,7800000,2008-09
93,Jameer Nelson,G,Orlando Magic,7700000,2008-09
94,Malik Rose,PF,Oklahoma City Thunder,7647500,2008-09
95,Jose Calderon,G,Toronto Raptors,7438018,2008-09
96,Metta World Peace,SF,Houston Rockets,7400000,2008-09
97,Eric Snow,PG,Cleveland Cavaliers,7312500,2008-09
98,Stephen Jackson,SF,Golden State Warriors,7140000,2008-09
99,Darko Milicic,C,Memphis Grizzlies,7020000,2008-09
100,Jerry Stackhouse,SF,Dallas Mavericks,7000000,2008-09
101,Marquis Daniels,SG,Indiana Pacers,6864200,2008-09
102,Hedo Turkoglu,SF,Orlando Magic,6864200,2008-09
103,Etan Thomas,C,Washington Wizards,6864200,2008-09
104,Jamaal Tinsley,PG,Utah Jazz,6750000,2008-09
105,Chris Wilcox,PF,New York Knicks,6750000,2008-09
106,Marko Jaric,PG,Memphis Grizzlies,6575000,2008-09
107,Udonis Haslem,PF,Miami Heat,6575000,2008-09
108,Luke Ridnour,PG,Milwaukee Bucks,6500000,2008-09
109,Bobby Jackson,PG,Sacramento Kings,6487888,2008-09
110,Shane Battier,SF,Houston Rockets,6448900,2008-09
111,Ben Gordon,SG,Chicago Bulls,6404750,2008-09
112,Nick Collison,F,Oklahoma City Thunder,6350000,2008-09
113,Joel Przybilla,C,Portland Trail Blazers,6310150,2008-09
114,Brian Cardinal,PF,Minnesota Timberwolves,6300000,2008-09
115,Andrew Bogut,C,Milwaukee Bucks,6294195,2008-09
116,Dan Gadzuric,C,Milwaukee Bucks,6250195,2008-09
117,Mike James,PG,Washington Wizards,6244093,2008-09
118,Shareef Abdur-Rahim,PF,Sacramento Kings,6200000,2008-09
119,Earl Watson,PG,Oklahoma City Thunder,6200000,2008-09
120,Antonio Daniels,PG,New Orleans Hornets,6200000,2008-09
121,Jason Collins,C,Minnesota Timberwolves,6200000,2008-09
122,Jerome James,C,New York Knicks,6200000,2008-09
123,Leandro Barbosa,G,Phoenix Suns,6100000,2008-09
124,John Salmons,SF,Chicago Bulls,6077151,2008-09
125,Nazr Mohammed,C,Charlotte Bobcats,6049400,2008-09
126,Jared Jeffries,PF,New York Knicks,6049400,2008-09
127,Tim Thomas,PF,Chicago Bulls,6049400,2008-09
128,Vladimir Radmanovic,SF,Charlotte Bobcats,6049400,2008-09
129,Matt Harpring,SF,Utah Jazz,6000000,2008-09
130,Jason Kapono,SG,Toronto Raptors,5784480,2008-09
131,Anderson Varejao,C,Cleveland Cavaliers,5784480,2008-09
132,Speedy Claxton,PG,Atlanta Hawks,5757818,2008-09
133,Tony Battie,C,Orlando Magic,5746000,2008-09
134,Marvin Williams,F,Atlanta Hawks,5636142,2008-09
135,Mikki Moore,C,Boston Celtics,5632200,2008-09
136,Morris Peterson,SG,New Orleans Hornets,5592240,2008-09
137,Chris Duhon,PG,New York Knicks,5585000,2008-09
138,James Posey,SF,New Orleans Hornets,5585000,2008-09
139,Beno Udrih,PG,Sacramento Kings,5585000,2008-09
140,DeSagana Diop,C,Charlotte Bobcats,5585000,2008-09
141,Brendan Haywood,C,Washington Wizards,5500000,2008-09
142,Jeff Foster,PF,Indiana Pacers,5500000,2008-09
143,Mickael Pietrus,SF,Orlando Magic,5300000,2008-09
144,Desmond Mason,SF,Oklahoma City Thunder,5300000,2008-09
145,Andrea Bargnani,C,Toronto Raptors,5176440,2008-09
146,Deron Williams,PG,Utah Jazz,5069449,2008-09
147,Matt Carroll,SG,Dallas Mavericks,5050000,2008-09
148,Greg Oden,C,Portland Trail Blazers,5011680,2008-09
149,Raja Bell,SG,Charlotte Bobcats,5000000,2008-09
150,JR Smith,G,Denver Nuggets,4985001,2008-09
151,Kyle Korver,G,Utah Jazz,4956818,2008-09
152,Rafer Alston,PG,Orlando Magic,4900000,2008-09
153,Derrick Rose,PG,Chicago Bulls,4822800,2008-09
154,Nenad Krstic,C,Oklahoma City Thunder,4778548,2008-09
155,Derek Fisher,PG,Los Angeles Lakers,4700000,2008-09
156,Reggie Evans,C,Philadelphia 76ers,4640000,2008-09
157,LaMarcus Aldridge,C,Portland Trail Blazers,4631400,2008-09
158,Kendrick Perkins,C,Boston Celtics,4578880,2008-09
159,Chris Paul,G,New Orleans Hornets,4574189,2008-09
160,Anthony Parker,SG,Toronto Raptors,4550000,2008-09
161,Sasha Vujacic,SG,Los Angeles Lakers,4524887,2008-09
162,Sasha Pavlovic,SG,Cleveland Cavaliers,4500000,2008-09
163,Ronny Turiaf,C,Golden State Warriors,4500000,2008-09
164,Lou Williams,SG,Philadelphia 76ers,4500000,2008-09
165,Kevin Durant,F,Oklahoma City Thunder,4484040,2008-09
166,Damon Jones,PG,Milwaukee Bucks,4460186,2008-09
167,Luke Walton,SF,Los Angeles Lakers,4420000,2008-09
168,Trenton Hassell,SF,New Jersey Nets,4350000,2008-09
169,Michael Beasley,F,Miami Heat,4314960,2008-09
170,Marcus Banks,PG,Toronto Raptors,4260000,2008-09
171,Steve Blake,PG,Portland Trail Blazers,4250000,2008-09
172,Darius Songaila,PF,Washington Wizards,4235000,2008-09
173,Kurt Thomas,PF,San Antonio Spurs,4200000,2008-09
174,Adam Morrison,SF,Los Angeles Lakers,4159200,2008-09
175,Raymond Felton,G,Charlotte Bobcats,4148715,2008-09
176,Al Horford,C,Atlanta Hawks,4023720,2008-09
177,Greg Buckner,SG,Memphis Grizzlies,4010005,2008-09
178,James Jones,SG,Miami Heat,4010000,2008-09
179,Bruce Bowen,SF,San Antonio Spurs,4000000,2008-09
180,Kwame Brown,C,Detroit Pistons,4000000,2008-09
181,Travis Outlaw,SF,Portland Trail Blazers,4000000,2008-09
182,Zaza Pachulia,C,Atlanta Hawks,4000000,2008-09
183,O.J. Mayo,SG,Memphis Grizzlies,3875040,2008-09
184,Steven Hunter,C,Memphis Grizzlies,3862600,2008-09
185,Delonte West,SG,Cleveland Cavaliers,3850000,2008-09
186,Keith Van Horn,PF,Dallas Mavericks,3792112,2008-09
187,Martell Webster,SF,Portland Trail Blazers,3771133,2008-09
188,Tyrus Thomas,PF,Chicago Bulls,3749880,2008-09
189,Daniel Gibson,SG,Cleveland Cavaliers,3700000,2008-09
190,CJ Miles,G,Utah Jazz,3700000,2008-09
191,Amir Johnson,F,Detroit Pistons,3666667,2008-09
192,Ryan Gomes,SF,Minnesota Timberwolves,3650000,2008-09
193,Mike Conley,G,Memphis Grizzlies,3630480,2008-09
194,Rasual Butler,SF,New Orleans Hornets,3630000,2008-09
195,DeShawn Stevenson,SG,Washington Wizards,3616072,2008-09
196,Fabricio Oberto,C,San Antonio Spurs,3600000,2008-09
197,Robert Swift,C,Oklahoma City Thunder,3579131,2008-09
198,Roger Mason Jr.,SG,San Antonio Spurs,3500000,2008-09
199,Brian Cook,PF,Houston Rockets,3500000,2008-09
200,Russell Westbrook,G,Oklahoma City Thunder,3493680,2008-09
201,Charlie Villanueva,PF,Milwaukee Bucks,3448050,2008-09
202,Shelden Williams,C,Minnesota Timberwolves,3395760,2008-09
203,Willie Green,SG,Philadelphia 76ers,3388000,2008-09
204,Charlie Bell,SG,Milwaukee Bucks,3354480,2008-09
205,Keyon Dooling,PG,New Jersey Nets,3300000,2008-09
206,Jeff Green,F,Oklahoma City Thunder,3287640,2008-09
207,Eduardo Najera,PF,New Jersey Nets,3250000,2008-09
208,Chucky Atkins,PG,Oklahoma City Thunder,3240000,2008-09
209,Brian Scalabrine,PF,Boston Celtics,3206897,2008-09
210,Kris Humphries,PF,Toronto Raptors,3200000,2008-09
211,Channing Frye,F,Portland Trail Blazers,3163769,2008-09
212,Kevin Love,F,Minnesota Timberwolves,3163680,2008-09
213,Luis Scola,F,Houston Rockets,3100667,2008-09
214,Trevor Ariza,SF,Los Angeles Lakers,3100000,2008-09
215,Damien Wilkins,SG,Oklahoma City Thunder,3100000,2008-09
216,Marc Gasol,C,Memphis Grizzlies,3093333,2008-09
217,Brandon Roy,SG,Portland Trail Blazers,3084240,2008-09
218,Carl Landry,PF,Houston Rockets,3000000,2008-09
219,Yi Jianlian,SF,New Jersey Nets,2986080,2008-09
220,Matt Bonner,C,San Antonio Spurs,2978000,2008-09
221,Ike Diogu,PF,Sacramento Kings,2912823,2008-09
222,Kelenna Azubuike,SF,Golden State Warriors,2900000,2008-09
223,Danilo Gallinari,PF,New York Knicks,2873520,2008-09
224,Randy Foye,SG,Minnesota Timberwolves,2815560,2008-09
225,Andrew Bynum,C,Los Angeles Lakers,2769300,2008-09
226,Andray Blatche,C,Washington Wizards,2739669,2008-09
227,Corey Brewer,F,Minnesota Timberwolves,2725920,2008-09
228,Sean May,C,Charlotte Bobcats,2661027,2008-09
229,Eddie House,SG,Boston Celtics,2650000,2008-09
230,Steve Francis,PG,Houston Rockets,2634480,2008-09
231,Mark Madsen,PF,Minnesota Timberwolves,2630000,2008-09
232,Eric Gordon,G,LA Clippers,2623200,2008-09
233,Rashad McCants,SG,Sacramento Kings,2620126,2008-09
234,Dorell Wright,SF,Miami Heat,2612835,2008-09
235,Rudy Gay,SF,Memphis Grizzlies,2579400,2008-09
236,Keith Bogans,SG,Milwaukee Bucks,2565000,2008-09
237,Chris Mihm,C,Los Angeles Lakers,2500000,2008-09
238,Maurice Evans,SG,Atlanta Hawks,2500000,2008-09
239,Craig Smith,PF,Minnesota Timberwolves,2500000,2008-09
240,Tony Allen,SG,Boston Celtics,2500000,2008-09
241,Michael Finley,SG,San Antonio Spurs,2500000,2008-09
242,Brandan Wright,F,Golden State Warriors,2497320,2008-09
243,Jason Hart,PG,Denver Nuggets,2484000,2008-09
244,Joey Graham,SF,Toronto Raptors,2449184,2008-09
245,Joe Alexander,SF,Milwaukee Bucks,2403120,2008-09
246,Danny Granger,SF,Indiana Pacers,2329805,2008-09
247,Sebastian Telfair,PG,Minnesota Timberwolves,2300000,2008-09
248,Ricky Davis,SG,LA Clippers,2300000,2008-09
249,Joakim Noah,C,Chicago Bulls,2295480,2008-09
250,Maceo Baston,SF,Indiana Pacers,2272860,2008-09
251,Mouhamed Sene,C,New York Knicks,2252400,2008-09
252,Tyronn Lue,PG,Orlando Magic,2250000,2008-09
253,D.J. Augustin,G,Charlotte Bobcats,2208960,2008-09
254,Spencer Hawes,PF,Sacramento Kings,2180760,2008-09
255,JJ Redick,SG,Orlando Magic,2139720,2008-09
256,Hakim Warrick,PF,Memphis Grizzlies,2119102,2008-09
257,Brook Lopez,C,New Jersey Nets,2098560,2008-09
258,Jarron Collins,C,Utah Jazz,2074302,2008-09
259,Acie Law,PG,Atlanta Hawks,2071680,2008-09
260,Hilton Armstrong,PF,New Orleans Hornets,2032800,2008-09
261,Nate Robinson,PG,New York Knicks,2020179,2008-09
262,Jarrett Jack,G,Indiana Pacers,2002623,2008-09
263,Brevin Knight,PG,Utah Jazz,2000000,2008-09
264,Walter Herrmann Heinrich,PF,Detroit Pistons,2000000,2008-09
265,Jerryd Bayless,G,Portland Trail Blazers,1993560,2008-09
266,Francisco Garcia,SG,Sacramento Kings,1983454,2008-09
267,Grant Hill,SF,Phoenix Suns,1976400,2008-09
268,Eddie Jones,SG,New Orleans Pelicans,1976400,2008-09
269,Thaddeus Young,F,Philadelphia 76ers,1968120,2008-09
270,Luther Head,PG,Miami Heat,1962378,2008-09
271,Johan Petro,C,Denver Nuggets,1939893,2008-09
272,Thabo Sefolosha,F,Oklahoma City Thunder,1931160,2008-09
273,Anthony Johnson,PG,Orlando Magic,1910000,2008-09
274,Jarvis Hayes,SF,New Jersey Nets,1910000,2008-09
275,Brent Barry,SG,Houston Rockets,1910000,2008-09
276,Jason Thompson,PF,Sacramento Kings,1893840,2008-09
277,Jason Maxiell,PF,Detroit Pistons,1877572,2008-09
278,Julian Wright,SF,New Orleans Hornets,1869600,2008-09
279,Ronnie Brewer,SF,Utah Jazz,1834680,2008-09
280,Linas Kleiza,SF,Denver Nuggets,1824493,2008-09
281,Antoine Wright,SF,Dallas Mavericks,1800000,2008-09
282,David Lee,PF,New York Knicks,1788033,2008-09
283,Al Thornton,SF,LA Clippers,1776240,2008-09
284,Chuck Hayes,PF,Houston Rockets,1768000,2008-09
285,Cedric Simmons,SF,Sacramento Kings,1742760,2008-09
286,Anthony Randolph,SF,Golden State Warriors,1709280,2008-09
287,Francisco Elson,C,Milwaukee Bucks,1700000,2008-09
288,Goran Dragic,PG,Phoenix Suns,1700000,2008-09
289,Rodney Stuckey,PG,Detroit Pistons,1687320,2008-09
290,Rodney Carney,SG,Minnesota Timberwolves,1655760,2008-09
291,Kosta Perovic,C,Golden State Warriors,1634000,2008-09
292,Robin Lopez,C,Phoenix Suns,1623720,2008-09
293,Travis Diener,PG,Indiana Pacers,1620000,2008-09
294,Nick Young,G,Washington Wizards,1602960,2008-09
295,Devean George,SF,Dallas Mavericks,1600000,2008-09
296,Shawne Williams,SF,Dallas Mavericks,1572960,2008-09
297,Hamed Ehaddadi,C,Memphis Grizzlies,1572221,2008-09
298,Marreese Speights,F,Philadelphia 76ers,1542600,2008-09
299,Sean Williams,PF,New Jersey Nets,1522920,2008-09
300,Ronald Murray,SG,Atlanta Hawks,1500000,2008-09
301,J.J. Barea,G,Dallas Mavericks,1500000,2008-09
302,Roy Hibbert,C,Indiana Pacers,1465440,2008-09
303,Marco Belinelli,G,Golden State Warriors,1446720,2008-09
304,Oleksiy Pecherov,C,Washington Wizards,1446720,2008-09
305,Quincy Douby,SG,Toronto Raptors,1427040,2008-09
306,Drew Gooden,PF,San Antonio Spurs,1410441,2008-09
307,JaVale McGee,C,Washington Wizards,1392240,2008-09
308,Javaris Crittenton,PG,Washington Wizards,1381560,2008-09
309,Renaldo Balkman,SF,Denver Nuggets,1369920,2008-09
310,JJ Hickson,C,Cleveland Cavaliers,1329480,2008-09
311,Jason Smith,F,New Orleans Pelicans,1326360,2008-09
312,Calvin Booth,C,Sacramento Kings,1319651,2008-09
313,Rajon Rondo,PG,Boston Celtics,1315080,2008-09
314,Malik Allen,PF,Milwaukee Bucks,1300000,2008-09
315,Alexis Ajinca,C,Charlotte Bobcats,1276320,2008-09
316,Daequan Cook,SG,Miami Heat,1273200,2008-09
317,Marcus Williams,PG,Golden State Warriors,1262520,2008-09
318,Brian Skinner,PF,LA Clippers,1262275,2008-09
319,Jacque Vaughn,PG,San Antonio Spurs,1262275,2008-09
320,Roko-Leni Ukic,PG,Toronto Raptors,1250000,2008-09
321,Ryan Anderson,PF,New Jersey Nets,1225200,2008-09
322,Jared Dudley,SF,Phoenix Suns,1222320,2008-09
323,Josh Boone,C,New Jersey Nets,1212120,2008-09
324,Joe Smith,PF,Cleveland Cavaliers,1200000,2008-09
325,Ronnie Price,PG,Utah Jazz,1188000,2008-09
326,Kosta Koufos,C,Utah Jazz,1176240,2008-09
327,Courtney Lee,G,Orlando Magic,1176240,2008-09
328,Wilson Chandler,F,New York Knicks,1173480,2008-09
329,Kyle Lowry,G,Houston Rockets,1163520,2008-09
330,Morris Almond,SG,Utah Jazz,1081440,2008-09
331,Ime Udoka,F,San Antonio Spurs,1080000,2008-09
332,Jordan Farmar,PG,Los Angeles Lakers,1080000,2008-09
333,Aaron Brooks,G,Houston Rockets,1045560,2008-09
334,Maurice Ager,SF,New Jersey Nets,1042440,2008-09
335,Nicolas Batum,F,Portland Trail Blazers,1040640,2008-09
336,Mardy Collins,PG,LA Clippers,1034760,2008-09
337,Arron Afflalo,G,Detroit Pistons,1015440,2008-09
338,George Hill,PG,San Antonio Spurs,1006200,2008-09
339,Alando Tucker,SF,Phoenix Suns,1001880,2008-09
340,Loren Woods,C,Houston Rockets,998581,2008-09
341,Melvin Ely,C,New Orleans Hornets,998398,2008-09
342,Devin Brown,SG,New Orleans Hornets,998398,2008-09
343,Darrell Arthur,F,Memphis Grizzlies,977160,2008-09
344,Ryan Hollins,C,Dallas Mavericks,972581,2008-09
345,Chris Quinn,PG,Miami Heat,972581,2008-09
346,D.J. White,PF,Oklahoma City Thunder,964080,2008-09
347,J.R. Giddens,SG,Boston Celtics,957120,2008-09
348,Chris Richard,PF,Chicago Bulls,886517,2008-09
349,Didier Ilunga-Mbenga,C,Los Angeles Lakers,880658,2008-09
350,Yakhouba Diawara,SG,Miami Heat,875000,2008-09
351,Royal Ivey,PG,Philadelphia 76ers,854957,2008-09
352,Josh Powell,PF,Los Angeles Lakers,854957,2008-09
353,Shaun Livingston,G,Oklahoma City Thunder,854957,2008-09
354,Ian Mahinmi,C,Washington Wizards,841000,2008-09
355,Stephen Graham,SF,Indiana Pacers,826269,2008-09
356,Salim Stoudamire,SG,Atlanta Hawks,826269,2008-09
357,Brandon Bass,PF,Dallas Mavericks,826269,2008-09
358,Joey Dorsey,PF,Houston Rockets,816500,2008-09
359,Kyrylo Fesenko,C,Utah Jazz,810000,2008-09
360,Donte Greene,SF,Sacramento Kings,809300,2008-09
361,Kyle Weaver,SG,Oklahoma City Thunder,806452,2008-09
362,Patrick O'Bryant,C,Toronto Raptors,797581,2008-09
363,Sean Marks,PF,New Orleans Hornets,797581,2008-09
364,Leon Powe,PF,Boston Celtics,797581,2008-09
365,Luke Jackson,SF,Miami Heat,797581,2008-09
366,Jason Williams,PG,Orlando Magic,797581,2008-09
367,Jamaal Magloire,C,Miami Heat,797581,2008-09
368,Paul Davis,C,LA Clippers,797581,2008-09
369,James Singleton,F,Dallas Mavericks,797581,2008-09
370,Mike Wilks,PG,Oklahoma City Thunder,797581,2008-09
371,Michael Ruffin,PF,Portland Trail Blazers,797581,2008-09
372,Kevin Ollie,PG,Minnesota Timberwolves,797581,2008-09
373,Ryan Bowen,SF,New Orleans Hornets,797581,2008-09
374,Desmon Farmer,SG,San Antonio Spurs,797581,2008-09
375,DerMarr Johnson,SF,San Antonio Spurs,797581,2008-09
376,Austin Croshere,PF,San Antonio Spurs,797581,2008-09
377,Dan Dickau,PG,LA Clippers,797581,2008-09
378,Paul Millsap,PF,Utah Jazz,797581,2008-09
379,Donyell Marshall,PF,Philadelphia 76ers,797581,2008-09
380,Von Wafer,SG,Houston Rockets,797581,2008-09
381,Linton Johnson,PF,Chicago Bulls,797581,2008-09
382,Adonal Foyle,C,Memphis Grizzlies,797581,2008-09
383,Lou Amundson,PF,Phoenix Suns,797581,2008-09
384,Quinton Ross,SF,Memphis Grizzlies,797581,2008-09
385,Devin Green,SG,Los Angeles Lakers,797581,2008-09
386,John Lucas III,PG,Minnesota Timberwolves,797581,2008-09
387,Steve Novak,SF,LA Clippers,797581,2008-09
388,Shannon Brown,PG,Los Angeles Lakers,797581,2008-09
389,Andre Brown,PF,Charlotte Bobcats,797581,2008-09
390,Theo Ratliff,C,Philadelphia 76ers,797581,2008-09
391,Anthony Roberson,SG,Chicago Bulls,797581,2008-09
392,Kareem Rush,SG,Philadelphia 76ers,797581,2008-09
393,Keith McLeod,PG,Golden State Warriors,797581,2008-09
394,David Harrison,C,Indiana Pacers,797581,2008-09
395,Gerald Green,G,Dallas Mavericks,797581,2008-09
396,Tarence Kinsey,SG,Cleveland Cavaliers,797581,2008-09
397,Matt Barnes,SF,Phoenix Suns,797581,2008-09
398,Bobby Jones,SF,Denver Nuggets,797581,2008-09
399,Shavlik Randolph,PF,Portland Trail Blazers,797581,2008-09
400,Anthony Carter,PG,Denver Nuggets,797581,2008-09
401,Dahntay Jones,SG,Denver Nuggets,797581,2008-09
402,Chris Andersen,PF,Denver Nuggets,797581,2008-09
403,Lorenzen Wright,PF,Cleveland Cavaliers,797581,2008-09
404,Solomon Jones,PF,Atlanta Hawks,797581,2008-09
405,Sam Cassell,PG,Boston Celtics,797581,2008-09
406,Randolph Morris,C,Atlanta Hawks,797581,2008-09
407,Juan Dixon,SG,Washington Wizards,797581,2008-09
408,Luc Mbah a Moute,F,Milwaukee Bucks,757000,2008-09
409,Ramon Sessions,G,Milwaukee Bucks,722517,2008-09
410,Lindsey Hunter,SG,Chicago Bulls,722515,2008-09
411,Jamario Moon,SF,Miami Heat,711517,2008-09
412,Thomas Gardner,SG,Atlanta Hawks,711517,2008-09
413,Hassan Adams,SF,Toronto Raptors,711517,2008-09
414,Dominic McGuire,PF,Washington Wizards,711517,2008-09
415,Demetris Nichols,SF,New York Knicks,711517,2008-09
416,Mike Harris,SF,Utah Jazz,711517,2008-09
417,Darryl Watkins,C,New Orleans Pelicans,711517,2008-09
418,Will Solomon,PG,Sacramento Kings,711517,2008-09
419,Coby Karl,PG,Denver Nuggets,711517,2008-09
420,C.J. Watson,PG,Golden State Warriors,711517,2008-09
421,Cheikh Samb,C,New York Knicks,711517,2008-09
422,Mario West,SG,Atlanta Hawks,711517,2008-09
423,Glen Davis,PF,Boston Celtics,711517,2008-09
424,JamesOn Curry,PG,LA Clippers,711517,2008-09
425,Alex Acker,G,LA Clippers,711517,2008-09
426,Marcin Gortat,C,Orlando Magic,711517,2008-09
427,Lance Allred,C,Cleveland Cavaliers,711517,2008-09
428,Aaron Gray,C,Chicago Bulls,711517,2008-09
429,Taurean Green,PG,Denver Nuggets,711517,2008-09
430,Josh McRoberts,PF,Indiana Pacers,711517,2008-09
431,Dee Brown,PG,Phoenix Suns,711517,2008-09
432,Anthony Tolliver,PF,San Antonio Spurs,711517,2008-09
433,D.J. Strawberry,SG,Phoenix Suns,711517,2008-09
434,Gabe Pruitt,PG,Boston Celtics,711517,2008-09
435,Stephane Lasme,PF,Golden State Warriors,711517,2008-09
436,Will Bynum,PG,Detroit Pistons,711517,2008-09
437,Mario Chalmers,G,Miami Heat,700000,2008-09
438,Dwayne Jones II,PF,Charlotte Bobcats,670906,2008-09
439,Blake Ahearn,G,San Antonio Spurs,631995,2008-09
440,Antonio McDyess,PF,Detroit Pistons,600532,2008-09
441,Jeremy Richardson,SG,Orlando Magic,591148,2008-09
442,Juwan Howard,PF,Charlotte Bobcats,586457,2008-09
443,Jake Voskuhl,C,Toronto Raptors,577073,2008-09
444,DeAndre Jordan,C,LA Clippers,550000,2008-09
445,Henry Walker,SF,Boston Celtics,542114,2008-09
446,Dikembe Mutombo,C,Houston Rockets,502007,2008-09
447,Mike Taylor,PG,LA Clippers,500000,2008-09
448,Fred Jones,SG,LA Clippers,459782,2008-09
449,Darius Miles,SF,Memphis Grizzlies,450399,2008-09
450,Darnell Jackson,PF,Cleveland Cavaliers,450000,2008-09
451,Taj McCullough,NA,null Unknown,442114,2008-09
452,Brandon Heath,SG,Sacramento Kings,442114,2008-09
453,Joe Crawford,SG,New York Knicks,442114,2008-09
454,Steven Hill,C,Oklahoma City Thunder,442114,2008-09
455,Anthony Morrow,SG,Golden State Warriors,442114,2008-09
456,Sonny Weems,SG,Denver Nuggets,442114,2008-09
457,Sean Singletary,PG,Charlotte Bobcats,442114,2008-09
458,Sun Yue,SG,Los Angeles Lakers,442114,2008-09
459,Nathan Jawai,C,Toronto Raptors,442114,2008-09
460,Walter Sharpe,PF,Detroit Pistons,442114,2008-09
461,Jason Richards,NA,null Unknown,442114,2008-09
462,David Padgett,NA,null Unknown,442114,2008-09
463,C.J. Giles,NA,null Unknown,442114,2008-09
464,Dwayne Mitchell,NA,null Unknown,442114,2008-09
465,Bobby Brown,PG,Minnesota Timberwolves,442114,2008-09
466,Dion Dowell,NA,null Unknown,442114,2008-09
467,Richard Hendrix,NA,null Unknown,442114,2008-09
468,DeMarcus Nelson,SG,Golden State Warriors,442114,2008-09
469,Patrick Ewing Jr.,SF,New Orleans Pelicans,442114,2008-09
470,Chris Douglas-Roberts,SG,New Jersey Nets,442114,2008-09
471,Rob Kurz,SF,Golden State Warriors,442114,2008-09
472,Othello Hunter,SF,Atlanta Hawks,442114,2008-09
473,Jamaal Tatum,NA,null Unknown,442114,2008-09
474,Jermareo Davidson,PF,Golden State Warriors,422725,2008-09
475,Malik Hairston,SG,San Antonio Spurs,299077,2008-09
476,Stromile Swift,PF,Phoenix Suns,201741,2008-09
477,James White,SG,Houston Rockets,184157,2008-09
478,Dontell Jefferson,SG,Charlotte Bobcats,93624,2008-09
479,Cartier Martin,PF,Charlotte Bobcats,52014,2008-09
480,Trey Johnson,SG,Cleveland Cavaliers,46917,2008-09
481,Eddie Gill,PG,Milwaukee Bucks,46917,2008-09
