﻿Rank,Player,Position,Team,Salary,Season
1,Kobe Bryant,SF,Los Angeles Lakers,23500000,2014-15
2,Joe Johnson,G,Brooklyn Nets,23180790,2014-15
3,Carmelo Anthony,PF,New York Knicks,22458401,2014-15
4,Dwight Howard,C,Houston Rockets,21436271,2014-15
5,Chris Bosh,PF,Miami Heat,20644400,2014-15
6,LeBron James,F,Cleveland Cavaliers,20644400,2014-15
7,Chris Paul,G,LA Clippers,20068563,2014-15
8,Deron Williams,PG,Brooklyn Nets,19754465,2014-15
9,Rudy Gay,SF,Sacramento Kings,19317326,2014-15
10,Kevin Durant,F,Oklahoma City Thunder,18995624,2014-15
11,Derrick Rose,PG,Chicago Bulls,18862876,2014-15
12,Blake Griffin,PF,LA Clippers,17674613,2014-15
13,Zach Randolph,F,Memphis Grizzlies,16500000,2014-15
14,LaMarcus Aldridge,C,Portland Trail Blazers,16006000,2014-15
15,Paul George,F,Indiana Pacers,15937290,2014-15
16,Marc Gasol,C,Memphis Grizzlies,15829688,2014-15
17,Kevin Love,F,Cleveland Cavaliers,15719063,2014-15
18,Brook Lopez,C,Brooklyn Nets,15719062,2014-15
19,Russell Westbrook,G,Oklahoma City Thunder,15719062,2014-15
20,David Lee,PF,Golden State Warriors,15012000,2014-15
21,Dwyane Wade,G,Miami Heat,15000000,2014-15
22,Eric Gordon,G,New Orleans Pelicans,14898938,2014-15
23,Roy Hibbert,C,Indiana Pacers,14898938,2014-15
24,Tyson Chandler,C,Dallas Mavericks,14846888,2014-15
25,Gordon Hayward,SF,Utah Jazz,14746000,2014-15
26,John Wall,PG,Washington Wizards,14746000,2014-15
27,DeMarcus Cousins,C,Sacramento Kings,14746000,2014-15
28,James Harden,G,Houston Rockets,14728844,2014-15
29,Chandler Parsons,SF,Dallas Mavericks,14700000,2014-15
30,Al Jefferson,C,Charlotte Hornets,13500000,2014-15
31,Eric Bledsoe,SG,Phoenix Suns,13000000,2014-15
32,Nene Hilario,C,Washington Wizards,13000000,2014-15
33,Andrew Bogut,C,Golden State Warriors,12972973,2014-15
34,Derrick Favors,F,Utah Jazz,12950000,2014-15
35,Rajon Rondo,PG,Dallas Mavericks,12909090,2014-15
36,Joakim Noah,C,Chicago Bulls,12700000,2014-15
37,Tony Parker,G,San Antonio Spurs,12500000,2014-15
38,Serge Ibaka,F,Oklahoma City Thunder,12350000,2014-15
39,Andre Iguodala,F,Golden State Warriors,12289544,2014-15
40,Nikola Pekovic,C,Minnesota Timberwolves,12100000,2014-15
41,Kyle Lowry,G,Toronto Raptors,12000000,2014-15
42,Kevin Garnett,PF,Minnesota Timberwolves,12000000,2014-15
43,David West,F,Indiana Pacers,12000000,2014-15
44,Al Horford,C,Atlanta Hawks,12000000,2014-15
45,Nicolas Batum,F,Portland Trail Blazers,11765500,2014-15
46,Ty Lawson,G,Denver Nuggets,11595506,2014-15
47,Andrea Bargnani,C,New York Knicks,11500000,2014-15
48,DeAndre Jordan,C,LA Clippers,11440123,2014-15
49,Tyreke Evans,G,New Orleans Pelicans,11265416,2014-15
50,JaVale McGee,C,Philadelphia 76ers,11250000,2014-15
51,Larry Sanders,PF,Milwaukee Bucks,11000000,2014-15
52,Danilo Gallinari,PF,Denver Nuggets,10854850,2014-15
53,Stephen Curry,G,Golden State Warriors,10629213,2014-15
54,Marcin Gortat,C,Washington Wizards,10434782,2014-15
55,Tim Duncan,C,San Antonio Spurs,10361446,2014-15
56,Gerald Wallace,SF,Boston Celtics,10105855,2014-15
57,DeMar DeRozan,G,Toronto Raptors,10100000,2014-15
58,Jrue Holiday,G,New Orleans Pelicans,9904495,2014-15
59,Luol Deng,F,Miami Heat,9714461,2014-15
60,Anderson Varejao,C,Cleveland Cavaliers,9704545,2014-15
61,Steve Nash,PG,Los Angeles Lakers,9701000,2014-15
62,Paul Millsap,PF,Atlanta Hawks,9500000,2014-15
63,Thaddeus Young,F,Brooklyn Nets,9410869,2014-15
64,Tiago Splitter,C,San Antonio Spurs,9250000,2014-15
65,Jeff Green,F,Memphis Grizzlies,9200000,2014-15
66,Jordan Hill,C,Los Angeles Lakers,9000000,2014-15
67,Lance Stephenson,G,Charlotte Hornets,9000000,2014-15
68,Mike Conley,G,Memphis Grizzlies,8694216,2014-15
69,Trevor Ariza,SF,Houston Rockets,8579089,2014-15
70,Channing Frye,F,Orlando Magic,8579088,2014-15
71,Marcus Thornton,SG,Phoenix Suns,8575000,2014-15
72,Ryan Anderson,PF,New Orleans Pelicans,8491500,2014-15
73,Jeremy Lin,G,Los Angeles Lakers,8374646,2014-15
74,Omer Asik,C,New Orleans Pelicans,8374646,2014-15
75,Monta Ellis,SG,Dallas Mavericks,8360000,2014-15
76,Jeff Teague,PG,Atlanta Hawks,8000000,2014-15
77,Brandon Jennings,G,Detroit Pistons,8000000,2014-15
78,O.J. Mayo,SG,Milwaukee Bucks,8000000,2014-15
79,George Hill,PG,Indiana Pacers,8000000,2014-15
80,Taj Gibson,F,Chicago Bulls,8000000,2014-15
81,Dirk Nowitzki,F,Dallas Mavericks,7974482,2014-15
82,Ersan Ilyasova,PF,Milwaukee Bucks,7900000,2014-15
83,Tayshaun Prince,SF,Detroit Pistons,7707865,2014-15
84,Boris Diaw,C,San Antonio Spurs,7500000,2014-15
85,Arron Afflalo,G,Portland Trail Blazers,7500000,2014-15
86,Goran Dragic,PG,Miami Heat,7500000,2014-15
87,Wesley Matthews,SG,Portland Trail Blazers,7245640,2014-15
88,Isaiah Thomas,G,Boston Celtics,7238606,2014-15
89,Avery Bradley,PG,Boston Celtics,7191011,2014-15
90,Pau Gasol,PF,Chicago Bulls,7128000,2014-15
91,Jose Calderon,G,New York Knicks,7097191,2014-15
92,Kyrie Irving,G,Cleveland Cavaliers,7070730,2014-15
93,Manu Ginobili,G,San Antonio Spurs,7000000,2014-15
94,Amir Johnson,F,Toronto Raptors,7000000,2014-15
95,Marvin Williams,F,Charlotte Hornets,7000000,2014-15
96,Brandon Bass,PF,Boston Celtics,6900000,2014-15
97,Kevin Martin,SG,Minnesota Timberwolves,6792500,2014-15
98,JJ Redick,SG,LA Clippers,6792500,2014-15
99,Wilson Chandler,F,Denver Nuggets,6757913,2014-15
100,Jason Richardson,SG,Philadelphia 76ers,6601125,2014-15
101,JR Smith,G,Cleveland Cavaliers,6515510,2014-15
102,Carl Landry,PF,Sacramento Kings,6500000,2014-15
103,Greivis Vasquez,PG,Toronto Raptors,6400000,2014-15
104,Derrick Williams,PF,Sacramento Kings,6331404,2014-15
105,Jarrett Jack,G,Brooklyn Nets,6300000,2014-15
106,Kyle Korver,G,Atlanta Hawks,6253521,2014-15
107,Landry Fields,SG,Toronto Raptors,6250000,2014-15
108,Robin Lopez,C,Portland Trail Blazers,6124729,2014-15
109,Jason Thompson,PF,Sacramento Kings,6037500,2014-15
110,Jodie Meeks,G,Detroit Pistons,6000000,2014-15
111,Gerald Henderson,SG,Charlotte Hornets,6000000,2014-15
112,Chuck Hayes,PF,Toronto Raptors,5958750,2014-15
113,Jason Terry,G,Houston Rockets,5850313,2014-15
114,Patrick Patterson,PF,Toronto Raptors,5831326,2014-15
115,P.J. Tucker,PF,Phoenix Suns,5700000,2014-15
116,Enes Freedom,C,Oklahoma City Thunder,5694674,2014-15
117,Anthony Davis,F,New Orleans Pelicans,5607240,2014-15
118,Anthony Bennett,F,Minnesota Timberwolves,5563920,2014-15
119,Andrew Wiggins,F,Minnesota Timberwolves,5510640,2014-15
120,Greg Monroe,C,Detroit Pistons,5479934,2014-15
121,Jamal Crawford,G,LA Clippers,5450000,2014-15
122,Courtney Lee,G,Memphis Grizzlies,5450000,2014-15
123,Lou Williams,SG,Toronto Raptors,5450000,2014-15
124,JJ Hickson,C,Denver Nuggets,5381750,2014-15
125,Martell Webster,SF,Washington Wizards,5381750,2014-15
126,Chris Andersen,PF,Miami Heat,5375000,2014-15
127,Nikola Mirotic,F,Chicago Bulls,5305000,2014-15
128,Spencer Hawes,PF,LA Clippers,5305000,2014-15
129,Paul Pierce,SF,Washington Wizards,5305000,2014-15
130,Shaun Livingston,G,Golden State Warriors,5305000,2014-15
131,Josh McRoberts,PF,Miami Heat,5305000,2014-15
132,Keith Bogans,SG,Philadelphia 76ers,5285817,2014-15
133,Zaza Pachulia,C,Milwaukee Bucks,5200000,2014-15
134,Tristan Thompson,C,Cleveland Cavaliers,5138430,2014-15
135,Michael Kidd-Gilchrist,F,Charlotte Hornets,5016960,2014-15
136,Chase Budinger,SF,Minnesota Timberwolves,5000000,2014-15
137,Trevor Booker,F,Utah Jazz,5000000,2014-15
138,Brandan Wright,F,Phoenix Suns,5000000,2014-15
139,Nick Young,G,Los Angeles Lakers,4994420,2014-15
140,Victor Oladipo,SG,Orlando Magic,4978200,2014-15
141,Jabari Parker,PF,Milwaukee Bucks,4930560,2014-15
142,Luis Scola,F,Indiana Pacers,4868499,2014-15
143,Tony Allen,SG,Memphis Grizzlies,4831461,2014-15
144,Chris Kaman,C,Portland Trail Blazers,4800000,2014-15
145,Darren Collison,PG,Sacramento Kings,4797664,2014-15
146,Kostas Papanikolaou,SF,Houston Rockets,4797664,2014-15
147,Corey Brewer,F,Houston Rockets,4702500,2014-15
148,Ricky Rubio,PG,Minnesota Timberwolves,4660479,2014-15
149,Andre Miller,PG,Sacramento Kings,4650000,2014-15
150,Timofey Mozgov,C,Cleveland Cavaliers,4650000,2014-15
151,Bradley Beal,G,Washington Wizards,4505280,2014-15
152,Caron Butler,SF,Detroit Pistons,4500000,2014-15
153,Jonas Jerebko,F,Boston Celtics,4500000,2014-15
154,Ben Gordon,SG,Orlando Magic,4500000,2014-15
155,Otto Porter Jr.,SF,Washington Wizards,4470480,2014-15
156,Joel Embiid,C,Philadelphia 76ers,4427640,2014-15
157,Luc Mbah a Moute,F,Philadelphia 76ers,4382576,2014-15
158,Kris Humphries,PF,Washington Wizards,4250000,2014-15
159,Jared Dudley,SF,Milwaukee Bucks,4250000,2014-15
160,CJ Miles,G,Indiana Pacers,4205000,2014-15
161,Thabo Sefolosha,F,Atlanta Hawks,4150000,2014-15
162,Dion Waiters,G,Oklahoma City Thunder,4062000,2014-15
163,Samuel Dalembert,C,New York Knicks,4051527,2014-15
164,Cody Zeller,C,Charlotte Hornets,4030560,2014-15
165,Danny Green,F,San Antonio Spurs,4025000,2014-15
166,Ian Mahinmi,C,Indiana Pacers,4000000,2014-15
167,Mario Chalmers,G,Miami Heat,4000000,2014-15
168,Aaron Gordon,F,Orlando Magic,3992040,2014-15
169,Mo Williams,PG,Charlotte Hornets,3965074,2014-15
170,Vince Carter,G,Memphis Grizzlies,3911981,2014-15
171,Kevin Seraphin,C,Washington Wizards,3898692,2014-15
172,Devin Harris,G,Dallas Mavericks,3878896,2014-15
173,Bismack Biyombo,C,Charlotte Hornets,3873398,2014-15
174,Patty Mills,PG,San Antonio Spurs,3842105,2014-15
175,Raymond Felton,G,Dallas Mavericks,3793693,2014-15
176,Jonas Valanciunas,C,Toronto Raptors,3678360,2014-15
177,Thomas Robinson,F,Philadelphia 76ers,3678360,2014-15
178,Marreese Speights,F,Golden State Warriors,3657500,2014-15
179,Alex Len,C,Phoenix Suns,3649920,2014-15
180,Dante Exum,G,Utah Jazz,3615000,2014-15
181,Brandon Knight,PG,Phoenix Suns,3553917,2014-15
182,Gerald Green,G,Phoenix Suns,3500000,2014-15
183,Darrell Arthur,F,Denver Nuggets,3457149,2014-15
184,Steve Novak,SF,Oklahoma City Thunder,3445947,2014-15
185,Matt Barnes,SF,LA Clippers,3396250,2014-15
186,Mirza Teletovic,PF,Brooklyn Nets,3368100,2014-15
187,Damian Lillard,G,Portland Trail Blazers,3340920,2014-15
188,Mike Scott,PF,Atlanta Hawks,3333333,2014-15
189,Tyler Hansbrough,PF,Toronto Raptors,3326235,2014-15
190,Andrei Kirilenko,SF,Brooklyn Nets,3326235,2014-15
191,Mike Dunleavy,SG,Chicago Bulls,3326235,2014-15
192,Nerlens Noel,C,Philadelphia 76ers,3315120,2014-15
193,Marcus Smart,G,Boston Celtics,3283320,2014-15
194,Alexey Shved,PG,New York Knicks,3282056,2014-15
195,Bojan Bogdanovic,SF,Brooklyn Nets,3278000,2014-15
196,Evan Turner,G,Boston Celtics,3278000,2014-15
197,Jason Smith,F,New York Knicks,3278000,2014-15
198,Kemba Walker,PG,Charlotte Hornets,3272091,2014-15
199,Carlos Boozer,PF,Los Angeles Lakers,3251000,2014-15
200,Carlos Delfino,SG,LA Clippers,3250000,2014-15
201,Gary Neal,PG,Minnesota Timberwolves,3250000,2014-15
202,Anthony Morrow,SG,Oklahoma City Thunder,3200000,2014-15
203,Dorell Wright,SF,Portland Trail Blazers,3150000,2014-15
204,Quincy Pondexter,F,New Orleans Pelicans,3146068,2014-15
205,Chris Copeland,SF,Indiana Pacers,3135000,2014-15
206,Klay Thompson,G,Golden State Warriors,3075880,2014-15
207,Harrison Barnes,F,Golden State Warriors,3049920,2014-15
208,Alec Burks,SG,Utah Jazz,3034356,2014-15
209,Ben McLemore,SG,Sacramento Kings,3026280,2014-15
210,Joel Freeland,C,Portland Trail Blazers,3013512,2014-15
211,Kosta Koufos,C,Memphis Grizzlies,3000000,2014-15
212,Travis Outlaw,SF,Philadelphia 76ers,3000000,2014-15
213,Randy Foye,SG,Denver Nuggets,3000000,2014-15
214,Jerryd Bayless,G,Milwaukee Bucks,3000000,2014-15
215,D.J. Augustin,G,Oklahoma City Thunder,3000000,2014-15
216,Anthony Tolliver,PF,Detroit Pistons,3000000,2014-15
217,Julius Randle,F,Los Angeles Lakers,2997360,2014-15
218,Markieff Morris,PF,Phoenix Suns,2989239,2014-15
219,Furkan Aldemir,PF,Philadelphia 76ers,2963232,2014-15
220,Marcus Morris Sr.,F,Phoenix Suns,2943221,2014-15
221,Will Bynum,PG,Washington Wizards,2915908,2014-15
222,Kawhi Leonard,F,San Antonio Spurs,2894059,2014-15
223,Marco Belinelli,G,San Antonio Spurs,2873750,2014-15
224,Terrence Ross,G,Toronto Raptors,2793960,2014-15
225,Kentavious Caldwell-Pope,G,Detroit Pistons,2772480,2014-15
226,Nikola Vucevic,C,Orlando Magic,2751260,2014-15
227,Luke Ridnour,PG,Orlando Magic,2750000,2014-15
228,Nik Stauskas,G,Sacramento Kings,2745840,2014-15
229,Brian Roberts,PG,Charlotte Hornets,2732000,2014-15
230,Udonis Haslem,PF,Miami Heat,2732000,2014-15
231,Jameer Nelson,G,Denver Nuggets,2732000,2014-15
232,Mike Miller,SG,Cleveland Cavaliers,2732000,2014-15
233,Kirk Hinrich,SG,Chicago Bulls,2732000,2014-15
234,Iman Shumpert,G,Cleveland Cavaliers,2616975,2014-15
235,Andre Drummond,C,Detroit Pistons,2568360,2014-15
236,Trey Burke,PG,Utah Jazz,2548560,2014-15
237,Noah Vonleh,PF,Charlotte Hornets,2524200,2014-15
238,James Johnson,PF,Toronto Raptors,2500000,2014-15
239,DeMarre Carroll,F,Atlanta Hawks,2442455,2014-15
240,Austin Rivers,SG,LA Clippers,2439840,2014-15
241,Shelvin Mack,G,Atlanta Hawks,2433333,2014-15
242,CJ McCollum,G,Portland Trail Blazers,2421000,2014-15
243,Tobias Harris,F,Orlando Magic,2380594,2014-15
244,Meyers Leonard,C,Portland Trail Blazers,2317920,2014-15
245,Michael Carter-Williams,G,Milwaukee Bucks,2300040,2014-15
246,Doug McDermott,F,Chicago Bulls,2277960,2014-15
247,Kenneth Faried,F,Denver Nuggets,2249768,2014-15
248,Nick Collison,F,Oklahoma City Thunder,2242003,2014-15
249,Brendan Haywood,C,Cleveland Cavaliers,2213668,2014-15
250,Reggie Jackson,PG,Detroit Pistons,2204369,2014-15
251,Jeremy Lamb,SG,Oklahoma City Thunder,2202000,2014-15
252,Steven Adams,C,Oklahoma City Thunder,2184960,2014-15
253,Vitor Faverani,C,Boston Celtics,2090000,2014-15
254,Aron Baynes,C,San Antonio Spurs,2077000,2014-15
255,Ramon Sessions,G,Washington Wizards,2077000,2014-15
256,Jordan Farmar,PG,LA Clippers,2077000,2014-15
257,C.J. Watson,PG,Indiana Pacers,2077000,2014-15
258,Danny Granger,SF,Miami Heat,2077000,2014-15
259,Beno Udrih,PG,Memphis Grizzlies,2077000,2014-15
260,Steve Blake,PG,Portland Trail Blazers,2077000,2014-15
261,Josh Smith,PF,Houston Rockets,2077000,2014-15
262,Kelly Olynyk,F,Boston Celtics,2075760,2014-15
263,Zach LaVine,G,Minnesota Timberwolves,2055840,2014-15
264,Cory Joseph,PG,San Antonio Spurs,2023261,2014-15
265,Jimmy Butler III,F,Chicago Bulls,2008748,2014-15
266,Kent Bazemore,SF,Atlanta Hawks,2000000,2014-15
267,DeJuan Blair,C,Washington Wizards,2000000,2014-15
268,John Salmons,SF,New Orleans Pelicans,2000000,2014-15
269,Elton Brand,PF,Atlanta Hawks,2000000,2014-15
270,John Henson,F,Milwaukee Bucks,1987320,2014-15
271,Shabazz Muhammad,F,Minnesota Timberwolves,1971960,2014-15
272,T.J. Warren,SF,Phoenix Suns,1953120,2014-15
273,Maurice Harkless,SF,Orlando Magic,1887840,2014-15
274,Giannis Antetokounmpo,F,Milwaukee Bucks,1873200,2014-15
275,Adreian Payne,PF,Minnesota Timberwolves,1855320,2014-15
276,Jeff Ayres,F,San Antonio Spurs,1828750,2014-15
277,Anthony Randolph,SF,Madrid Real Madrid,1825359,2014-15
278,Jeremy Evans,F,Utah Jazz,1794871,2014-15
279,Joffrey Lauvergne,F,Denver Nuggets,1790281,2014-15
280,Reggie Evans,C,Sacramento Kings,1768653,2014-15
281,Lucas Nogueira,C,Toronto Raptors,1762680,2014-15
282,Jusuf Nurkic,C,Denver Nuggets,1762680,2014-15
283,Luigi Datome,SF,Boston Celtics,1750000,2014-15
284,Zoran Dragic,SG,Miami Heat,1706225,2014-15
285,Tyler Zeller,C,Boston Celtics,1703760,2014-15
286,Dennis Schroder,G,Atlanta Hawks,1690680,2014-15
287,James Young,G,Boston Celtics,1674480,2014-15
288,Pablo Prigioni,PG,Houston Rockets,1662961,2014-15
289,Ryan Kelly,PF,Los Angeles Lakers,1650000,2014-15
290,Shane Larkin,G,New York Knicks,1606080,2014-15
291,Tyler Ennis,G,Milwaukee Bucks,1590720,2014-15
292,Sergey Karasev,SG,Brooklyn Nets,1533840,2014-15
293,Gary Harris,G,Denver Nuggets,1519200,2014-15
294,Ronny Turiaf,C,Minnesota Timberwolves,1500000,2014-15
295,Miroslav Raduljica,C,Minnesota Timberwolves,1500000,2014-15
296,Evan Fournier,SG,Orlando Magic,1483920,2014-15
297,Tony Snell,SF,Chicago Bulls,1472400,2014-15
298,Scotty Hopson,G,Oklahoma City Thunder,1450878,2014-15
299,Willie Green,SG,Orlando Magic,1448490,2014-15
300,Lamar Odom,PF,New York Knicks,1448490,2014-15
301,Mike James,PG,Chicago Bulls,1448490,2014-15
302,Jared Sullinger,C,Boston Celtics,1424520,2014-15
303,Gorgui Dieng,C,Minnesota Timberwolves,1413480,2014-15
304,Mitch McGary,PF,Oklahoma City Thunder,1400040,2014-15
305,Victor Claver,PF,Portland Trail Blazers,1370000,2014-15
306,Mason Plumlee,C,Brooklyn Nets,1357080,2014-15
307,Jordan Adams,SG,Memphis Grizzlies,1344120,2014-15
308,Melvin Ely,C,Washington Wizards,1316809,2014-15
309,John Jenkins,G,Atlanta Hawks,1312920,2014-15
310,Josh Powell,PF,Milwaukee Bucks,1310286,2014-15
311,Ronnie Brewer,SF,Chicago Bulls,1310286,2014-15
312,Solomon Hill,SF,Indiana Pacers,1302840,2014-15
313,Rodney Hood,SG,Utah Jazz,1290360,2014-15
314,Alan Anderson,SG,Brooklyn Nets,1276061,2014-15
315,Tim Hardaway Jr.,G,New York Knicks,1250640,2014-15
316,Hasheem Thabeet,C,Detroit Pistons,1250000,2014-15
317,Pero Antic,PF,Atlanta Hawks,1250000,2014-15
318,Shabazz Napier,G,Miami Heat,1238640,2014-15
319,Shawne Williams,SF,Detroit Pistons,1227985,2014-15
320,Aaron Gray,C,Detroit Pistons,1227985,2014-15
321,Shavlik Randolph,PF,Boston Celtics,1227985,2014-15
322,Tony Wroten,SG,Philadelphia 76ers,1210080,2014-15
323,Reggie Bullock Jr.,SF,Phoenix Suns,1200720,2014-15
324,Clint Capela,C,Houston Rockets,1189200,2014-15
325,Miles Plumlee,C,Milwaukee Bucks,1169880,2014-15
326,Andre Roberson,F,Oklahoma City Thunder,1160880,2014-15
327,P.J. Hairston,SF,Charlotte Hornets,1149720,2014-15
328,Hilton Armstrong,PF,Golden State Warriors,1145685,2014-15
329,Cartier Martin,PF,Detroit Pistons,1145685,2014-15
330,Arnett Moultrie,PF,New York Knicks,1136160,2014-15
331,Perry Jones,SF,Oklahoma City Thunder,1129200,2014-15
332,Rudy Gobert,C,Utah Jazz,1127400,2014-15
333,Marquis Teague,G,Memphis Grizzlies,1120920,2014-15
334,Festus Ezeli,C,Golden State Warriors,1112880,2014-15
335,Archie Goodwin,SG,Phoenix Suns,1112280,2014-15
336,CJ Wilcox,G,LA Clippers,1109760,2014-15
337,Nemanja Nedovic,PG,Golden State Warriors,1104240,2014-15
338,Damjan Rudez,SF,Indiana Pacers,1100000,2014-15
339,Kyle Anderson,F,San Antonio Spurs,1093680,2014-15
340,Kyle Singler,F,Oklahoma City Thunder,1090000,2014-15
341,Xavier Henry,SG,Los Angeles Lakers,1082000,2014-15
342,Robert Covington,PF,Philadelphia 76ers,1000000,2014-15
343,Garrett Temple,G,Washington Wizards,981084,2014-15
344,Luke Babbitt,F,New Orleans Pelicans,981084,2014-15
345,Ed Davis,C,Los Angeles Lakers,981084,2014-15
346,Alexis Ajinca,C,New Orleans Pelicans,981084,2014-15
347,Al-Farouq Aminu,SF,Dallas Mavericks,981084,2014-15
348,Jon Leuer,F,Memphis Grizzlies,967500,2014-15
349,Josh Harrellson,C,Washington Wizards,948163,2014-15
350,E'Twaun Moore,G,Chicago Bulls,948163,2014-15
351,Greg Smith,PF,Dallas Mavericks,948163,2014-15
352,Jeremy Tyler,C,Houston Rockets,948163,2014-15
353,Donald Sloan,G,Indiana Pacers,948163,2014-15
354,Joey Dorsey,PF,Houston Rockets,948163,2014-15
355,Jeffery Taylor,SF,Charlotte Hornets,915243,2014-15
356,Jason Maxiell,PF,Charlotte Hornets,915243,2014-15
357,Jannero Pargo,PG,Charlotte Hornets,915243,2014-15
358,Omri Casspi,F,Sacramento Kings,915243,2014-15
359,Ryan Hollins,C,Sacramento Kings,915243,2014-15
360,Will Barton,G,Denver Nuggets,915243,2014-15
361,Lavoy Allen,F,Indiana Pacers,915243,2014-15
362,Wesley Johnson,F,Los Angeles Lakers,915243,2014-15
363,Drew Gooden,PF,Washington Wizards,915243,2014-15
364,Henry Sims,C,Philadelphia 76ers,915243,2014-15
365,Ekpe Udoh,F,LA Clippers,915243,2014-15
366,Darius Miller,SF,New Orleans Pelicans,915243,2014-15
367,Chris Wright,SF,Oklahoma City Thunder,915243,2014-15
368,Sebastian Telfair,PG,Oklahoma City Thunder,915243,2014-15
369,Nazr Mohammed,C,Chicago Bulls,915243,2014-15
370,Matt Bonner,C,San Antonio Spurs,915243,2014-15
371,Diante Garrett,PG,Portland Trail Blazers,915243,2014-15
372,Greg Stiemsma,C,Toronto Raptors,915243,2014-15
373,Quincy Acy,F,New York Knicks,915243,2014-15
374,Jimmer Fredette,G,New Orleans Pelicans,915243,2014-15
375,Ronnie Price,PG,Los Angeles Lakers,915243,2014-15
376,Leandro Barbosa,G,Golden State Warriors,915243,2014-15
377,Kyle O'Quinn,C,Orlando Magic,915243,2014-15
378,Jarvis Varnado,PF,Philadelphia 76ers,915243,2014-15
379,Kyrylo Fesenko,C,Minnesota Timberwolves,915243,2014-15
380,Aaron Brooks,G,Chicago Bulls,915243,2014-15
381,Rasual Butler,SF,Washington Wizards,915243,2014-15
382,Khris Middleton,F,Milwaukee Bucks,915243,2014-15
383,Kendall Marshall,PG,Milwaukee Bucks,915243,2014-15
384,Jae Crowder,PF,Boston Celtics,915243,2014-15
385,Patrick Beverley,PG,Houston Rockets,915243,2014-15
386,Shannon Brown,PG,Miami Heat,915243,2014-15
387,Wayne Ellington,SG,Los Angeles Lakers,915243,2014-15
388,Glen Davis,PF,LA Clippers,915243,2014-15
389,Hedo Turkoglu,SF,LA Clippers,915243,2014-15
390,Rodney Stuckey,PG,Indiana Pacers,915243,2014-15
391,Francisco Garcia,SG,Houston Rockets,915243,2014-15
392,Draymond Green,F,Golden State Warriors,915243,2014-15
393,Jared Cunningham,G,LA Clippers,915243,2014-15
394,Alonzo Gee,SF,Portland Trail Blazers,915243,2014-15
395,Richard Jefferson,F,Dallas Mavericks,915243,2014-15
396,Doron Lamb,SG,Dallas Mavericks,915243,2014-15
397,Ivan Johnson,PF,Dallas Mavericks,915243,2014-15
398,Charlie Villanueva,PF,Dallas Mavericks,915243,2014-15
399,Rashard Lewis,PF,Dallas Mavericks,915243,2014-15
400,James Jones,SG,Cleveland Cavaliers,915243,2014-15
401,Shawn Marion,SG,Cleveland Cavaliers,915243,2014-15
402,Robert Sacre,C,Los Angeles Lakers,915243,2014-15
403,Chris Douglas-Roberts,SG,LA Clippers,915243,2014-15
404,Cole Aldrich,C,New York Knicks,915243,2014-15
405,J.J. Barea,G,Dallas Mavericks,909859,2014-15
406,Jerami Grant,F,Philadelphia 76ers,884879,2014-15
407,Devyn Marble,G,Orlando Magic,884879,2014-15
408,Joe Harris,SF,Cleveland Cavaliers,884879,2014-15
409,Robbie Hummel,SF,Minnesota Timberwolves,880000,2014-15
410,Allen Crabbe,G,Portland Trail Blazers,862000,2014-15
411,Ish Smith,PG,Philadelphia 76ers,861405,2014-15
412,Damien Inglis,SF,New York Knicks,820000,2014-15
413,Isaiah Canaan,G,Philadelphia 76ers,816842,2014-15
414,Ray McCallum,PG,Sacramento Kings,816482,2014-15
415,Nick Calathes,SG,Memphis Grizzlies,816482,2014-15
416,Justin Hamilton,C,Minnesota Timberwolves,816482,2014-15
417,Carrick Felix,SG,Washington Wizards,816482,2014-15
418,Glen Rice Jr.,SG,Washington Wizards,816482,2014-15
419,Casper Ware,G,Melbourne Melbourne United,816482,2014-15
420,Nate Wolters,PG,New Orleans Pelicans,816482,2014-15
421,Mike Muscala,C,Atlanta Hawks,816482,2014-15
422,Matthew Dellavedova,PG,Cleveland Cavaliers,816482,2014-15
423,Hollis Thompson,F,Philadelphia 76ers,816482,2014-15
424,Grant Jerrett,PF,Utah Jazz,816482,2014-15
425,James Southerland,SF,Portland Trail Blazers,816482,2014-15
426,Dewayne Dedmon,C,Orlando Magic,816482,2014-15
427,Peyton Siva,PG,Orlando Magic,816482,2014-15
428,Brandon Davies,PF,Brooklyn Nets,816482,2014-15
429,Tony Mitchell,PF,Maccabi Haifa Maccabi Haifa,816482,2014-15
430,Phil Pressey,PG,Boston Celtics,816482,2014-15
431,Chris Babb,SG,Golden State Warriors,816482,2014-15
432,Ognjen Kuzmic,C,Golden State Warriors,816482,2014-15
433,Dwight Buycks,G,Los Angeles Lakers,816482,2014-15
434,Jamaal Franklin,F,Denver Nuggets,816482,2014-15
435,Troy Daniels,G,Charlotte Hornets,816482,2014-15
436,Justin Holiday,F,Golden State Warriors,816482,2014-15
437,Jeff Withey,C,New Orleans Pelicans,816482,2014-15
438,Dionte Christmas,SG,Philadelphia 76ers,816482,2014-15
439,Ian Clark,G,Denver Nuggets,816482,2014-15
440,Jerome Jordan,C,Brooklyn Nets,816482,2014-15
441,Erik Jay Murphy,PF,Boston Celtics,816482,2014-15
442,Hassan Whiteside,C,Miami Heat,769881,2014-15
443,Jarnell Stokes,C,Memphis Grizzlies,725000,2014-15
444,Dante Cunningham,F,New Orleans Pelicans,716043,2014-15
445,Malcolm Lee,SG,Philadelphia 76ers,710659,2014-15
446,Darius Morris,G,Brooklyn Nets,702756,2014-15
447,Spencer Dinwiddie,PG,Detroit Pistons,700000,2014-15
448,Malcolm Thomas,PF,Philadelphia 76ers,635827,2014-15
449,Gal Mekel,PG,New Orleans Pelicans,633974,2014-15
450,Johnny O'Bryant III,F,Milwaukee Bucks,600000,2014-15
451,Russ Smith,PG,Memphis Grizzlies,507336,2014-15
452,Brady Heslip,SG,Toronto Raptors,507336,2014-15
453,Jordan Clarkson,G,Los Angeles Lakers,507336,2014-15
454,Erick Green,PG,Denver Nuggets,507336,2014-15
455,KJ McDaniels,F,Houston Rockets,507336,2014-15
456,Eric Moreland,C,Sacramento Kings,507336,2014-15
457,Markel Brown,G,Brooklyn Nets,507336,2014-15
458,Nick Johnson,G,Houston Rockets,507336,2014-15
459,Khem Birch,C,San Antonio Spurs,507336,2014-15
460,Sim Bhullar,C,Sacramento Kings,507336,2014-15
461,Cory Jefferson,F,Brooklyn Nets,507336,2014-15
462,Joe Ingles,F,Utah Jazz,507336,2014-15
463,Keith Appling,PG,Orlando Magic,507336,2014-15
464,Cleanthony Early,SF,New York Knicks,507336,2014-15
465,Alex Kirk,C,Cleveland Cavaliers,507336,2014-15
466,Glenn Robinson III,F,Philadelphia 76ers,507336,2014-15
467,Travis Wear,F,New York Knicks,507336,2014-15
468,JaKarr Sampson,SF,Philadelphia 76ers,507336,2014-15
469,Shayne Whittington,PF,Indiana Pacers,507336,2014-15
470,Cameron Bairstow,PF,Chicago Bulls,507336,2014-15
471,James Ennis III,F,Miami Heat,507336,2014-15
472,Tarik Black,F,Los Angeles Lakers,507336,2014-15
473,Pierre Jackson,PG,Dallas Mavericks,507336,2014-15
474,Dwight Powell,F,Dallas Mavericks,507336,2014-15
475,Patric Young,PF,New Orleans Pelicans,507336,2014-15
476,Will Cherry,F,Cleveland Cavaliers,495399,2014-15
477,Kalin Lucas,G,Memphis Grizzlies,486446,2014-15
478,Drew Gordon,C,Philadelphia 76ers,468540,2014-15
479,Kenyon Martin,F,Milwaukee Bucks,414551,2014-15
480,Lou Amundson,PF,New York Knicks,409167,2014-15
481,Lance Thomas,F,New York Knicks,403784,2014-15
482,Dahntay Jones,SG,LA Clippers,387632,2014-15
483,Patrick Christopher,SG,Utah Jazz,379010,2014-15
484,Ronald Roberts Jr.,PF,Toronto Raptors,373041,2014-15
485,Reggie Williams,SF,San Antonio Spurs,344036,2014-15
486,Amar'e Stoudemire,C,Dallas Mavericks,306876,2014-15
487,Kendrick Perkins,C,Cleveland Cavaliers,274573,2014-15
488,John Lucas III,PG,Detroit Pistons,269189,2014-15
489,Elijah Millsap,F,Utah Jazz,241731,2014-15
490,Bernard James,C,Dallas Mavericks,236886,2014-15
491,Langston Galloway,SG,New York Knicks,235762,2014-15
492,Tyler Johnson,G,Miami Heat,199950,2014-15
493,Henry Walker,SF,Miami Heat,196217,2014-15
494,Michael Beasley,F,Miami Heat,195440,2014-15
495,Earl Barron,C,Phoenix Suns,183049,2014-15
496,James Michael McAdoo,SF,Golden State Warriors,167122,2014-15
497,Jordan Hamilton,SG,LA Clippers,150591,2014-15
498,JaMychal Green,F,Memphis Grizzlies,134295,2014-15
499,Toney Douglas,PG,New Orleans Pelicans,107676,2014-15
500,Chris Johnson,SG,Milwaukee Bucks,107676,2014-15
501,Elliot Williams,SG,New Orleans Pelicans,107676,2014-15
502,Nate Robinson,PG,LA Clippers,107676,2014-15
503,Toure' Murry,SF,Washington Wizards,96056,2014-15
504,Jorge Gutierrez,G,Milwaukee Bucks,96056,2014-15
505,Bryce Cotton,G,Utah Jazz,92514,2014-15
506,Jack Cooley,F,Utah Jazz,59686,2014-15
507,Jabari Brown,SG,Los Angeles Lakers,59686,2014-15
508,Tim Frazier,PG,Portland Trail Blazers,59686,2014-15
509,Tyrus Thomas,PF,Memphis Grizzlies,53838,2014-15
510,A.J. Price,PG,Phoenix Suns,53838,2014-15
511,Austin Daye,SF,Atlanta Hawks,53838,2014-15
512,Seth Curry,SG,Phoenix Suns,48028,2014-15
513,Ricky Ledo,SG,New York Knicks,48028,2014-15
514,Andre Dawkins,SG,Miami Heat,29843,2014-15
515,David Stockton,G,Sacramento Kings,29483,2014-15
