﻿Rank,Player,Position,Team,Salary,Season
1,Kobe Bryant,SF,Los Angeles Lakers,24806250,2010-11
2,Rashard Lewis,PF,Washington Wizards,19573711,2010-11
3,Tim Duncan,C,San Antonio Spurs,18835381,2010-11
4,Kevin Garnett,PF,Boston Celtics,18832044,2010-11
5,Michael Redd,SG,Milwaukee Bucks,18300000,2010-11
6,Pau Gasol,PF,Los Angeles Lakers,17823000,2010-11
7,Andrei Kirilenko,SF,Utah Jazz,17823000,2010-11
8,Gilbert Arenas,PG,Orlando Magic,17730694,2010-11
9,Yao Ming,C,Houston Rockets,17686100,2010-11
10,Zach Randolph,F,Memphis Grizzlies,17666666,2010-11
11,Vince Carter,G,Phoenix Suns,17522375,2010-11
12,Dirk Nowitzki,F,Dallas Mavericks,17278618,2010-11
13,Carmelo Anthony,PF,New York Knicks,17149243,2010-11
14,Dwight Howard,C,Orlando Magic,16647180,2010-11
15,Kenyon Martin,F,Denver Nuggets,16545454,2010-11
16,Amar'e Stoudemire,C,New York Knicks,16486611,2010-11
17,Joe Johnson,G,Atlanta Hawks,16324500,2010-11
18,Elton Brand,PF,Philadelphia 76ers,15959099,2010-11
19,Chris Paul,G,New Orleans Hornets,14940153,2010-11
20,Deron Williams,PG,New Jersey Nets,14940153,2010-11
21,Chris Bosh,PF,Miami Heat,14500000,2010-11
22,LeBron James,F,Miami Heat,14500000,2010-11
23,Jason Richardson,SG,Orlando Magic,14444443,2010-11
24,Carlos Boozer,PF,Chicago Bulls,14400000,2010-11
25,Dwyane Wade,G,Miami Heat,14200000,2010-11
26,Baron Davis,PG,Cleveland Cavaliers,14000000,2010-11
27,Paul Pierce,SF,Boston Celtics,13876321,2010-11
28,Andrew Bynum,C,Los Angeles Lakers,13700000,2010-11
29,Brandon Roy,SG,Portland Trail Blazers,13603750,2010-11
30,Rudy Gay,SF,Memphis Grizzlies,13603750,2010-11
31,Tony Parker,G,San Antonio Spurs,13500000,2010-11
32,Samuel Dalembert,C,Sacramento Kings,13428129,2010-11
33,Antawn Jamison,PF,Cleveland Cavaliers,13358905,2010-11
34,Nick Collison,F,Oklahoma City Thunder,13270000,2010-11
35,Chauncey Billups,PG,New York Knicks,13150000,2010-11
36,Al Jefferson,C,Utah Jazz,13000000,2010-11
37,Tyson Chandler,C,Dallas Mavericks,12600000,2010-11
38,Richard Hamilton,SG,Detroit Pistons,12500000,2010-11
39,Andre Iguodala,F,Philadelphia 76ers,12345250,2010-11
40,Manu Ginobili,G,San Antonio Spurs,11854584,2010-11
41,Chris Kaman,C,LA Clippers,11800000,2010-11
42,Marcus Camby,C,Portland Trail Blazers,11749832,2010-11
43,Josh Smith,PF,Atlanta Hawks,11700000,2010-11
44,Eddy Curry,NA,Dallas Mavericks,11530592,2010-11
45,Emeka Okafor,C,New Orleans Hornets,11495000,2010-11
46,Nene Hilario,C,Denver Nuggets,11360000,2010-11
47,Luol Deng,F,Chicago Bulls,11345000,2010-11
48,LaMarcus Aldridge,C,Portland Trail Blazers,11244000,2010-11
49,Tayshaun Prince,SF,Detroit Pistons,11148760,2010-11
50,Monta Ellis,SG,Golden State Warriors,11000000,2010-11
51,Andrew Bogut,C,Milwaukee Bucks,11000000,2010-11
52,Danny Granger,SF,Indiana Pacers,10973202,2010-11
53,David Lee,PF,Golden State Warriors,10800000,2010-11
54,Jamal Crawford,G,Atlanta Hawks,10800000,2010-11
55,Ben Gordon,SG,Detroit Pistons,10800000,2010-11
56,Kevin Martin,SG,Houston Rockets,10600005,2010-11
57,Mike Dunleavy,SG,Indiana Pacers,10561984,2010-11
58,Caron Butler,SF,Dallas Mavericks,10561960,2010-11
59,Gerald Wallace,SF,Portland Trail Blazers,10500000,2010-11
60,Steve Nash,PG,Phoenix Suns,10310938,2010-11
61,Hedo Turkoglu,SF,Orlando Magic,10215850,2010-11
62,Ray Allen,SG,Boston Celtics,10000000,2010-11
63,Mehmet Okur,C,Utah Jazz,9945000,2010-11
64,Jason Terry,G,Dallas Mavericks,9873000,2010-11
65,Corey Maggette,SF,Milwaukee Bucks,9600000,2010-11
66,Cuttino Mobley,SG,LA Clippers,9500000,2010-11
67,Mo Williams,PG,LA Clippers,9300000,2010-11
68,Kirk Hinrich,SG,Atlanta Hawks,9100000,2010-11
69,Rajon Rondo,PG,Boston Celtics,9090911,2010-11
70,Andris Biedrins,C,Golden State Warriors,9000000,2010-11
71,Boris Diaw,C,Charlotte Bobcats,9000000,2010-11
72,Jose Calderon,G,Toronto Raptors,9000000,2010-11
73,Devin Harris,G,Utah Jazz,8981000,2010-11
74,Jason Kidd,PG,Dallas Mavericks,8610500,2010-11
75,Andrea Bargnani,C,Toronto Raptors,8500000,2010-11
76,T.J. Ford,PG,Indiana Pacers,8500000,2010-11
77,Stephen Jackson,SF,Charlotte Bobcats,8453250,2010-11
78,Richard Jefferson,F,San Antonio Spurs,8400000,2010-11
79,David West,F,New Orleans Hornets,8287500,2010-11
80,Lamar Odom,PF,Los Angeles Lakers,8200000,2010-11
81,John Salmons,SF,Milwaukee Bucks,8000000,2010-11
82,Mark Blount,C,Miami Heat,7967375,2010-11
83,Jameer Nelson,G,Orlando Magic,7800000,2010-11
84,Luis Scola,F,Houston Rockets,7775378,2010-11
85,Joel Przybilla,C,Charlotte Bobcats,7725470,2010-11
86,Paul Millsap,PF,Utah Jazz,7600000,2010-11
87,Shane Battier,SF,Memphis Grizzlies,7354500,2010-11
88,Anderson Varejao,C,Cleveland Cavaliers,7281818,2010-11
89,Andre Miller,PG,Portland Trail Blazers,7269264,2010-11
90,Marvin Williams,F,Atlanta Hawks,7262500,2010-11
91,JJ Redick,SG,Orlando Magic,7250000,2010-11
92,Dan Gadzuric,C,New Jersey Nets,7248325,2010-11
93,James Posey,SF,Indiana Pacers,7148800,2010-11
94,Leandro Barbosa,G,Toronto Raptors,7100000,2010-11
95,Marko Jaric,PG,Brooklyn Nets,7100000,2010-11
96,Shawn Marion,SG,Dallas Mavericks,7055500,2010-11
97,Charlie Villanueva,PF,Detroit Pistons,7020000,2010-11
98,Raymond Felton,G,Denver Nuggets,7000000,2010-11
99,Travis Outlaw,SF,New Jersey Nets,7000000,2010-11
100,Brendan Haywood,C,Dallas Mavericks,6900000,2010-11
101,Nazr Mohammed,C,Oklahoma City Thunder,6883800,2010-11
102,Vladimir Radmanovic,SF,Golden State Warriors,6883800,2010-11
103,Andres Nocioni,SF,Philadelphia 76ers,6850000,2010-11
104,Greg Oden,C,Miami Heat,6760524,2010-11
105,JR Smith,G,Denver Nuggets,6757851,2010-11
106,Kendrick Perkins,C,Oklahoma City Thunder,6696720,2010-11
107,Morris Peterson,SG,Oklahoma City Thunder,6665000,2010-11
108,Jeff Foster,PF,Indiana Pacers,6655000,2010-11
109,Jason Kapono,SG,Philadelphia 76ers,6641440,2010-11
110,Tyrus Thomas,PF,Charlotte Bobcats,6611570,2010-11
111,Jerome James,C,Chicago Bulls,6600000,2010-11
112,Josh Childress,F,Phoenix Suns,6500000,2010-11
113,Beno Udrih,PG,Sacramento Kings,6478600,2010-11
114,DeSagana Diop,C,Charlotte Bobcats,6478600,2010-11
115,Mike James,PG,Chicago Bulls,6466600,2010-11
116,Rasheed Wallace,PF,New York Knicks,6322320,2010-11
117,Trevor Ariza,SF,New Orleans Hornets,6322320,2010-11
118,Metta World Peace,SF,Los Angeles Lakers,6322320,2010-11
119,Marcin Gortat,C,Phoenix Suns,6322320,2010-11
120,Kevin Durant,F,Oklahoma City Thunder,6053663,2010-11
121,Andray Blatche,C,Washington Wizards,5904152,2010-11
122,Drew Gooden,PF,Milwaukee Bucks,5765000,2010-11
123,Al Harrington,PF,Denver Nuggets,5765000,2010-11
124,Jermaine O'Neal,C,Boston Celtics,5765000,2010-11
125,Wesley Matthews,SG,Portland Trail Blazers,5765000,2010-11
126,Kyle Lowry,G,Houston Rockets,5750000,2010-11
127,Derrick Rose,PG,Chicago Bulls,5546160,2010-11
128,Nenad Krstic,C,Boston Celtics,5543116,2010-11
129,Francisco Garcia,SG,Sacramento Kings,5500000,2010-11
130,Sasha Vujacic,SG,New Jersey Nets,5475113,2010-11
131,Al Horford,C,Atlanta Hawks,5444857,2010-11
132,Blake Griffin,PF,LA Clippers,5357280,2010-11
133,Mickael Pietrus,SF,Phoenix Suns,5300000,2010-11
134,Luke Walton,SF,Los Angeles Lakers,5260000,2010-11
135,Speedy Claxton,PG,Atlanta Hawks,5209454,2010-11
136,Channing Frye,F,Phoenix Suns,5200000,2010-11
137,John Wall,PG,Washington Wizards,5144280,2010-11
138,Reggie Evans,C,Toronto Raptors,5080000,2010-11
139,Jason Maxiell,PF,Detroit Pistons,5000000,2010-11
140,Amir Johnson,F,Toronto Raptors,5000000,2010-11
141,Kyle Korver,G,Chicago Bulls,5000000,2010-11
142,Mike Miller,SG,Miami Heat,5000000,2010-11
143,Lou Williams,SG,Philadelphia 76ers,5000000,2010-11
144,Linas Kleiza,SF,Toronto Raptors,4995000,2010-11
145,Michael Beasley,F,Minnesota Timberwolves,4962240,2010-11
146,Mike Conley,G,Memphis Grizzlies,4913077,2010-11
147,Antonio McDyess,PF,San Antonio Spurs,4860000,2010-11
148,Marcus Banks,PG,Toronto Raptors,4847586,2010-11
149,Darius Songaila,PF,Philadelphia 76ers,4818000,2010-11
150,Martell Webster,SF,Minnesota Timberwolves,4800000,2010-11
151,Hasheem Thabeet,C,Houston Rockets,4793280,2010-11
152,Ronnie Brewer,SF,Chicago Bulls,4790000,2010-11
153,Evan Turner,G,Philadelphia 76ers,4602720,2010-11
154,Jarrett Jack,G,New Orleans Hornets,4600000,2010-11
155,Chris Andersen,PF,Denver Nuggets,4533300,2010-11
156,O.J. Mayo,SG,Memphis Grizzlies,4456200,2010-11
157,Jeff Green,F,Boston Celtics,4455988,2010-11
158,Charlie Bell,SG,Golden State Warriors,4447792,2010-11
159,Brad Miller,C,Houston Rockets,4400000,2010-11
160,Darko Milicic,C,Minnesota Timberwolves,4325000,2010-11
161,James Harden,G,Oklahoma City Thunder,4304520,2010-11
162,Matt Carroll,SG,Charlotte Bobcats,4300000,2010-11
163,Nikola Pekovic,C,Minnesota Timberwolves,4275000,2010-11
164,Zaza Pachulia,C,Atlanta Hawks,4251250,2010-11
165,Hakim Warrick,PF,Phoenix Suns,4250000,2010-11
166,Randy Foye,SG,LA Clippers,4250000,2010-11
167,Nate Robinson,PG,Oklahoma City Thunder,4200000,2010-11
168,DeShawn Stevenson,SG,Dallas Mavericks,4151786,2010-11
169,Derrick Favors,F,Utah Jazz,4133280,2010-11
170,Bruce Bowen,SF,San Antonio Spurs,4100000,2010-11
171,Greg Buckner,SG,Memphis Grizzlies,4080915,2010-11
172,Yi Jianlian,SF,Washington Wizards,4050499,2010-11
173,Russell Westbrook,G,Oklahoma City Thunder,4017720,2010-11
174,Daniel Gibson,SG,Cleveland Cavaliers,4015334,2010-11
175,Luke Ridnour,PG,Minnesota Timberwolves,4000000,2010-11
176,Anthony Morrow,SG,New Jersey Nets,4000000,2010-11
177,Ronny Turiaf,C,New York Knicks,4000000,2010-11
178,Brandon Bass,PF,Orlando Magic,4000000,2010-11
179,Steve Blake,PG,Los Angeles Lakers,4000000,2010-11
180,Ryan Gomes,SF,LA Clippers,4000000,2010-11
181,Willie Green,SG,New Orleans Hornets,3976000,2010-11
182,Ramon Sessions,G,Cleveland Cavaliers,3964320,2010-11
183,Tyreke Evans,G,Sacramento Kings,3880920,2010-11
184,Corey Brewer,F,Dallas Mavericks,3875000,2010-11
185,Jordan Farmar,PG,New Jersey Nets,3750000,2010-11
186,Wesley Johnson,F,Minnesota Timberwolves,3726600,2010-11
187,Derek Fisher,PG,Los Angeles Lakers,3700000,2010-11
188,CJ Miles,G,Utah Jazz,3700000,2010-11
189,Kevin Love,F,Minnesota Timberwolves,3638280,2010-11
190,C.J. Watson,PG,Chicago Bulls,3600000,2010-11
191,Marc Gasol,C,Memphis Grizzlies,3573333,2010-11
192,Timofey Mozgov,C,Denver Nuggets,3567096,2010-11
193,Dorell Wright,SF,Golden State Warriors,3540000,2010-11
194,Udonis Haslem,PF,Miami Heat,3500000,2010-11
195,Chris Duhon,PG,Orlando Magic,3500000,2010-11
196,Carlos Delfino,SG,Milwaukee Bucks,3500000,2010-11
197,Shaun Livingston,G,Charlotte Bobcats,3500000,2010-11
198,Tiago Splitter,C,San Antonio Spurs,3400000,2010-11
199,Brandan Wright,F,New Jersey Nets,3398072,2010-11
200,DeMarcus Cousins,C,Sacramento Kings,3374640,2010-11
201,Danilo Gallinari,PF,Denver Nuggets,3304560,2010-11
202,Kelenna Azubuike,SF,Cleveland Cavaliers,3300000,2010-11
203,Thabo Sefolosha,F,Oklahoma City Thunder,3250000,2010-11
204,Will Bynum,PG,Detroit Pistons,3250000,2010-11
205,Johan Petro,C,New Jersey Nets,3250000,2010-11
206,Grant Hill,SF,Phoenix Suns,3240000,2010-11
207,Kris Humphries,PF,New Jersey Nets,3200000,2010-11
208,Jonny Flynn,PG,Minnesota Timberwolves,3192000,2010-11
209,Joakim Noah,C,Chicago Bulls,3128536,2010-11
210,Ekpe Udoh,F,Golden State Warriors,3065040,2010-11
211,Matt Bonner,C,San Antonio Spurs,3050000,2010-11
212,Eric Gordon,G,LA Clippers,3016680,2010-11
213,Glen Davis,PF,Boston Celtics,3000004,2010-11
214,Jamario Moon,SF,LA Clippers,3000000,2010-11
215,Eduardo Najera,PF,Charlotte Bobcats,3000000,2010-11
216,Raja Bell,SG,Utah Jazz,3000000,2010-11
217,Josh Howard,SF,Washington Wizards,3000000,2010-11
218,Carl Landry,PF,New Orleans Hornets,3000000,2010-11
219,Tony Allen,SG,Memphis Grizzlies,3000000,2010-11
220,Chris Wilcox,PF,Detroit Pistons,3000000,2010-11
221,Spencer Hawes,PF,Philadelphia 76ers,2974320,2010-11
222,Stephen Curry,G,Golden State Warriors,2913840,2010-11
223,Thaddeus Young,F,Philadelphia 76ers,2901241,2010-11
224,Julian Wright,SF,Toronto Raptors,2858057,2010-11
225,Anthony Parker,SG,Cleveland Cavaliers,2855769,2010-11
226,Mark Madsen,PF,Minnesota Timberwolves,2840000,2010-11
227,Greg Monroe,C,Detroit Pistons,2798040,2010-11
228,Rodney Stuckey,PG,Detroit Pistons,2767126,2010-11
229,Sebastian Telfair,PG,Minnesota Timberwolves,2700000,2010-11
230,Jordan Hill,C,Houston Rockets,2669520,2010-11
231,Nick Young,G,Washington Wizards,2630503,2010-11
232,Al-Farouq Aminu,SF,LA Clippers,2563320,2010-11
233,D.J. Augustin,G,Charlotte Bobcats,2540000,2010-11
234,Maurice Evans,SG,Washington Wizards,2500000,2010-11
235,Dahntay Jones,SG,Indiana Pacers,2500000,2010-11
236,David Andersen,C,New Orleans Hornets,2500000,2010-11
237,DeMar DeRozan,G,Toronto Raptors,2453880,2010-11
238,Brook Lopez,C,New Jersey Nets,2413320,2010-11
239,Ricky Davis,SG,LA Clippers,2400000,2010-11
240,Marquis Daniels,SG,Boston Celtics,2388000,2010-11
241,Marco Belinelli,G,New Orleans Hornets,2380270,2010-11
242,Gordon Hayward,SF,Utah Jazz,2356320,2010-11
243,Ryan Hollins,C,Cleveland Cavaliers,2333333,2010-11
244,Brandon Jennings,G,Milwaukee Bucks,2331120,2010-11
245,Ersan Ilyasova,PF,Milwaukee Bucks,2320500,2010-11
246,Craig Smith,PF,LA Clippers,2300000,2010-11
247,Jerryd Bayless,G,Toronto Raptors,2292600,2010-11
248,Quentin Richardson,SF,Orlando Magic,2265000,2010-11
249,Paul George,F,Indiana Pacers,2238360,2010-11
250,Lou Amundson,PF,Golden State Warriors,2225000,2010-11
251,Terrence Williams,SG,Houston Rockets,2214480,2010-11
252,Anthony Tolliver,PF,Minnesota Timberwolves,2200000,2010-11
253,Jason Smith,F,New Orleans Hornets,2187913,2010-11
254,Jason Thompson,PF,Sacramento Kings,2178000,2010-11
255,Daequan Cook,SG,Oklahoma City Thunder,2169857,2010-11
256,Jared Dudley,SF,Phoenix Suns,2151068,2010-11
257,Shannon Brown,PG,Los Angeles Lakers,2149200,2010-11
258,Wilson Chandler,F,Denver Nuggets,2130482,2010-11
259,Cole Aldrich,C,Oklahoma City Thunder,2126520,2010-11
260,Gerald Henderson,SG,Charlotte Bobcats,2103840,2010-11
261,Keyon Dooling,PG,Milwaukee Bucks,2080000,2010-11
262,Ben Wallace,PF,Detroit Pistons,2080000,2010-11
263,Anthony Johnson,PG,Orlando Magic,2062800,2010-11
264,Brent Barry,SG,Houston Rockets,2062800,2010-11
265,Xavier Henry,SG,Memphis Grizzlies,2020200,2010-11
266,Aaron Brooks,G,Phoenix Suns,2016692,2010-11
267,Tyler Hansbrough,PF,Indiana Pacers,1998600,2010-11
268,Rasho Nesterovic,C,Toronto Raptors,1990000,2010-11
269,Chuck Hayes,PF,Houston Rockets,1972500,2010-11
270,Goran Dragic,PG,Houston Rockets,1972000,2010-11
271,Anthony Randolph,SF,Minnesota Timberwolves,1965720,2010-11
272,Arron Afflalo,G,Denver Nuggets,1959577,2010-11
273,Ed Davis,C,Toronto Raptors,1919160,2010-11
274,Earl Clark,SF,Orlando Magic,1898760,2010-11
275,Robin Lopez,C,Phoenix Suns,1867320,2010-11
276,Patrick Patterson,PF,Houston Rockets,1823280,2010-11
277,Dikembe Mutombo,C,Houston Rockets,1823280,2010-11
278,J.J. Barea,G,Dallas Mavericks,1815000,2010-11
279,Austin Daye,SF,Detroit Pistons,1803720,2010-11
280,Kurt Thomas,PF,Chicago Bulls,1800000,2010-11
281,Marreese Speights,F,Philadelphia 76ers,1773960,2010-11
282,Matt Barnes,SF,Los Angeles Lakers,1765000,2010-11
283,Larry Sanders,PF,Milwaukee Bucks,1731960,2010-11
284,Omer Asik,C,Chicago Bulls,1721000,2010-11
285,James Johnson,PF,Toronto Raptors,1713600,2010-11
286,Roy Hibbert,C,Indiana Pacers,1685280,2010-11
287,Renaldo Balkman,SF,New York Knicks,1675000,2010-11
288,Luke Babbitt,F,Portland Trail Blazers,1645440,2010-11
289,Sean Williams,PF,Boston Celtics,1629120,2010-11
290,Jrue Holiday,G,Philadelphia 76ers,1627920,2010-11
291,JaVale McGee,C,Washington Wizards,1601040,2010-11
292,Hamed Ehaddadi,C,Memphis Grizzlies,1600000,2010-11
293,Keith Bogans,SG,Chicago Bulls,1600000,2010-11
294,Kevin Seraphin,C,Washington Wizards,1563120,2010-11
295,Ty Lawson,G,Denver Nuggets,1546560,2010-11
296,JJ Hickson,C,Cleveland Cavaliers,1528920,2010-11
297,Solomon Jones,PF,Indiana Pacers,1500000,2010-11
298,Eric Bledsoe,SG,LA Clippers,1485000,2010-11
299,Jeff Teague,PG,Atlanta Hawks,1476840,2010-11
300,Alexis Ajinca,C,Toronto Raptors,1467840,2010-11
301,Avery Bradley,PG,Boston Celtics,1418160,2010-11
302,Eric Maynor,PG,Oklahoma City Thunder,1417800,2010-11
303,Ryan Anderson,PF,Orlando Magic,1409040,2010-11
304,Roger Mason Jr.,SG,New York Knicks,1400000,2010-11
305,Ronnie Price,PG,Utah Jazz,1381250,2010-11
306,James Anderson,SG,San Antonio Spurs,1361400,2010-11
307,Darren Collison,PG,Indiana Pacers,1361040,2010-11
308,Courtney Lee,G,Houston Rockets,1352640,2010-11
309,Zydrunas Ilgauskas,C,Miami Heat,1352181,2010-11
310,Eddie House,SG,Miami Heat,1352181,2010-11
311,Shaquille O'Neal,C,Boston Celtics,1352181,2010-11
312,Roko-Leni Ukic,PG,Milwaukee Bucks,1350000,2010-11
313,Craig Brackins,PF,Philadelphia 76ers,1306920,2010-11
314,Kosta Koufos,C,Denver Nuggets,1298640,2010-11
315,Elliot Williams,SG,Golden State Warriors,1254720,2010-11
316,Omri Casspi,F,Sacramento Kings,1254480,2010-11
317,Trevor Booker,F,Washington Wizards,1204560,2010-11
318,Byron Mullens,C,Oklahoma City Thunder,1204200,2010-11
319,Serge Ibaka,F,Oklahoma City Thunder,1204200,2010-11
320,Royal Ivey,PG,Oklahoma City Thunder,1200000,2010-11
321,Nicolas Batum,F,Portland Trail Blazers,1196760,2010-11
322,Damion James,SF,New Jersey Nets,1156320,2010-11
323,Rodrigue Beaubois,PG,Dallas Mavericks,1156080,2010-11
324,Brian Cook,PF,LA Clippers,1146337,2010-11
325,James Jones,SG,Miami Heat,1146337,2010-11
326,Darrell Arthur,F,Memphis Grizzlies,1123680,2010-11
327,Taj Gibson,F,Chicago Bulls,1117680,2010-11
328,Dominique Jones,SG,Dallas Mavericks,1110120,2010-11
329,D.J. White,PF,Charlotte Bobcats,1108680,2010-11
330,Kyrylo Fesenko,C,Utah Jazz,1087500,2010-11
331,DeMarre Carroll,F,Houston Rockets,1085400,2010-11
332,Wayne Ellington,SG,Minnesota Timberwolves,1078800,2010-11
333,Quincy Pondexter,F,New Orleans Hornets,1073280,2010-11
334,Alando Tucker,SF,Minnesota Timberwolves,1071720,2010-11
335,Toney Douglas,PG,New York Knicks,1071000,2010-11
336,Jordan Crawford,G,Washington Wizards,1042320,2010-11
337,Greivis Vasquez,PG,Memphis Grizzlies,1035960,2010-11
338,Quinton Ross,SF,New Jersey Nets,1033342,2010-11
339,James Singleton,F,Washington Wizards,1030189,2010-11
340,Jawad Williams,SF,Cleveland Cavaliers,1029389,2010-11
341,Aaron Gray,C,New Orleans Hornets,1028840,2010-11
342,Daniel Orton,C,Washington Wizards,1028400,2010-11
343,Christian Eyenga,SF,Cleveland Cavaliers,1020960,2010-11
344,Lazar Hayward,SF,Minnesota Timberwolves,1020960,2010-11
345,Jon Brockman,PF,Milwaukee Bucks,1000000,2010-11
346,Stephen Graham,SF,New Jersey Nets,992680,2010-11
347,Shavlik Randolph,PF,Denver Nuggets,992680,2010-11
348,Joey Graham,SF,Cleveland Cavaliers,992680,2010-11
349,Patty Mills,PG,Portland Trail Blazers,937195,2010-11
350,Donte Greene,SF,Sacramento Kings,930700,2010-11
351,DeJuan Blair,C,San Antonio Spurs,918000,2010-11
352,Sam Young,SF,Memphis Grizzlies,886000,2010-11
353,Ian Mahinmi,C,Dallas Mavericks,885120,2010-11
354,Alexander Johnson,SF,Miami Heat,885120,2010-11
355,Pops Mensah-Bonsu,PF,New Orleans Hornets,885120,2010-11
356,Josh McRoberts,PF,Indiana Pacers,885120,2010-11
357,Salim Stoudamire,SG,Atlanta Hawks,884881,2010-11
358,Quincy Douby,SG,Sacramento Kings,855189,2010-11
359,Marcus Haislip,F,San Antonio Spurs,855189,2010-11
360,Mouhamed Sene,C,New York Knicks,855189,2010-11
361,Anthony Roberson,SG,Chicago Bulls,855189,2010-11
362,Tarence Kinsey,SG,Golden State Warriors,855189,2010-11
363,Javaris Crittenton,PG,Washington Wizards,854389,2010-11
364,Darius Miles,SF,Memphis Grizzlies,854389,2010-11
365,Kyle Weaver,SG,Utah Jazz,854389,2010-11
366,Luke Jackson,SF,Miami Heat,854389,2010-11
367,Kenny Thomas,PF,Sacramento Kings,854389,2010-11
368,Jamaal Magloire,C,Miami Heat,854389,2010-11
369,Melvin Ely,C,Denver Nuggets,854389,2010-11
370,Mike Harris,SF,Houston Rockets,854389,2010-11
371,Dwayne Jones II,PF,Utah Jazz,854389,2010-11
372,Malik Hairston,SG,San Antonio Spurs,854389,2010-11
373,Tracy McGrady,SG,Detroit Pistons,854389,2010-11
374,Antoine Wright,SF,Sacramento Kings,854389,2010-11
375,Sean May,C,Sacramento Kings,854389,2010-11
376,Luther Head,PG,Sacramento Kings,854389,2010-11
377,Coby Karl,PG,Denver Nuggets,854389,2010-11
378,Fabricio Oberto,C,Portland Trail Blazers,854389,2010-11
379,Earl Watson,PG,Utah Jazz,854389,2010-11
380,Sonny Weems,SG,Toronto Raptors,854389,2010-11
381,Kwame Brown,C,Charlotte Bobcats,854389,2010-11
382,Francisco Elson,C,Utah Jazz,854389,2010-11
383,Tony Battie,C,Philadelphia 76ers,854389,2010-11
384,Von Wafer,SG,Boston Celtics,854389,2010-11
385,Malik Allen,PF,Orlando Magic,854389,2010-11
386,Didier Ilunga-Mbenga,C,New Orleans Hornets,854389,2010-11
387,Jason Collins,C,Atlanta Hawks,854389,2010-11
388,Jerry Stackhouse,SF,Miami Heat,854389,2010-11
389,Shelden Williams,C,New York Knicks,854389,2010-11
390,Shawne Williams,SF,New York Knicks,854389,2010-11
391,Maurice Ager,SF,Minnesota Timberwolves,854389,2010-11
392,Josh Powell,PF,Atlanta Hawks,854389,2010-11
393,Henry Walker,SF,New York Knicks,854389,2010-11
394,Mario Chalmers,G,Miami Heat,854389,2010-11
395,Juwan Howard,PF,Miami Heat,854389,2010-11
396,Joe Smith,PF,Los Angeles Lakers,854389,2010-11
397,Theo Ratliff,C,Los Angeles Lakers,854389,2010-11
398,Bobby Simmons,SF,San Antonio Spurs,854389,2010-11
399,Darnell Jackson,PF,Sacramento Kings,854389,2010-11
400,George Hill,PG,San Antonio Spurs,854389,2010-11
401,Luc Mbah a Moute,F,Milwaukee Bucks,854389,2010-11
402,Earl Boykins,PG,Milwaukee Bucks,854389,2010-11
403,Joe Alexander,SF,Golden State Warriors,854389,2010-11
404,Hilton Armstrong,PF,Atlanta Hawks,854389,2010-11
405,Cartier Martin,PF,Washington Wizards,854389,2010-11
406,DeAndre Jordan,C,LA Clippers,854389,2010-11
407,Joey Dorsey,PF,Toronto Raptors,854389,2010-11
408,Anthony Carter,PG,New York Knicks,854389,2010-11
409,Delonte West,SG,Boston Celtics,854389,2010-11
410,Tim Thomas,PF,Dallas Mavericks,854389,2010-11
411,Brian Cardinal,PF,Dallas Mavericks,854389,2010-11
412,Chris Richard,PF,Chicago Bulls,854389,2010-11
413,Brian Scalabrine,PF,Chicago Bulls,854389,2010-11
414,Chris Douglas-Roberts,SG,Milwaukee Bucks,854389,2010-11
415,D.J. Strawberry,SG,Phoenix Suns,854389,2010-11
416,Etan Thomas,C,Atlanta Hawks,854389,2010-11
417,Paul Davis,C,Washington Wizards,825497,2010-11
418,Kevin Ollie,PG,Oklahoma City Thunder,825497,2010-11
419,Ryan Bowen,SF,Oklahoma City Thunder,825497,2010-11
420,Desmond Mason,SF,Sacramento Kings,825497,2010-11
421,Mikki Moore,C,Golden State Warriors,825497,2010-11
422,Linton Johnson,PF,Chicago Bulls,825497,2010-11
423,James White,SG,New York Knicks,825497,2010-11
424,Jason Hart,PG,New Orleans Pelicans,825497,2010-11
425,Kareem Rush,SG,LA Clippers,825497,2010-11
426,Jermareo Davidson,PF,Golden State Warriors,825497,2010-11
427,Marcus Williams,SG,Denver Nuggets,825497,2010-11
428,Lindsey Hunter,SG,Phoenix Suns,825497,2010-11
429,Gabe Pruitt,PG,Boston Celtics,825497,2010-11
430,Chris Quinn,PG,San Antonio Spurs,804131,2010-11
431,Sean Marks,PF,Portland Trail Blazers,799105,2010-11
432,Chase Budinger,SF,Houston Rockets,780871,2010-11
433,Jermaine Taylor,SG,Sacramento Kings,780871,2010-11
434,Tony Gaffney,SF,Memphis Grizzlies,762195,2010-11
435,Jodie Meeks,G,Philadelphia 76ers,762195,2010-11
436,Brian Butch,C,Utah Jazz,762195,2010-11
437,Dante Cunningham,F,Charlotte Bobcats,762195,2010-11
438,Derrick Brown,SF,New York Knicks,762195,2010-11
439,Darryl Watkins,C,New Orleans Pelicans,762195,2010-11
440,Greg Stiemsma,C,Portland Trail Blazers,762195,2010-11
441,A.J. Price,PG,Indiana Pacers,762195,2010-11
442,Taylor Griffin,PF,Phoenix Suns,762195,2010-11
443,DaJuan Summers,SF,Detroit Pistons,762195,2010-11
444,Marcus Thornton,SG,Sacramento Kings,762195,2010-11
445,Kenny Hasbrouck,NA,null Unknown,762195,2010-11
446,Jeff Ayres,F,LA Clippers,762195,2010-11
447,Jonas Jerebko,F,Golden State Warriors,762195,2010-11
448,Reggie Williams,SF,Golden State Warriors,762195,2010-11
449,Curtis Jerrells,NA,null Unknown,762195,2010-11
450,Oliver Lafayette,G,Milan Olimpia,762195,2010-11
451,Lance Stephenson,G,Indiana Pacers,750000,2010-11
452,Dontell Jefferson,SG,Charlotte Hornets,736420,2010-11
453,Mike Taylor,PG,LA Clippers,736420,2010-11
454,Joe Crawford,SG,New York Knicks,736420,2010-11
455,Sun Yue,SG,Los Angeles Lakers,736420,2010-11
456,Walter Sharpe,PF,Detroit Pistons,736420,2010-11
457,DeMarcus Nelson,SG,Chicago Bulls,736420,2010-11
458,Othello Hunter,SF,Madrid Real Madrid,736420,2010-11
459,Hassan Whiteside,C,Sacramento Kings,730437,2010-11
460,Erick Dampier,C,Miami Heat,713666,2010-11
461,Ime Udoka,F,San Antonio Spurs,708640,2010-11
462,Mike Wilks,PG,Oklahoma City Thunder,679821,2010-11
463,Solomon Alabi,C,Toronto Raptors,670000,2010-11
464,Brian Skinner,PF,Milwaukee Bucks,668434,2010-11
465,Allen Iverson,SG,Philadelphia 76ers,650686,2010-11
466,Alonzo Gee,SF,Cleveland Cavaliers,641141,2010-11
467,Acie Law,PG,Golden State Warriors,633253,2010-11
468,Andy Rautins,SG,New York Knicks,600000,2010-11
469,Ike Diogu,PF,LA Clippers,567917,2010-11
470,Gary Neal,PG,San Antonio Spurs,525000,2010-11
471,Jason Williams,PG,Memphis Grizzlies,524964,2010-11
472,Lester Hudson,SG,Washington Wizards,515603,2010-11
473,Willie Warren,SG,LA Clippers,500000,2010-11
474,Samardo Samuels,PF,Cleveland Cavaliers,500000,2010-11
475,Damien Wilkins,SG,Atlanta Hawks,482478,2010-11
476,Ish Smith,PG,Memphis Grizzlies,473604,2010-11
477,Jeremy Lin,G,Golden State Warriors,473604,2010-11
478,Landry Fields,SG,New York Knicks,473604,2010-11
479,Sherron Collins,PG,Charlotte Bobcats,473604,2010-11
480,Hamady Ndiaye,C,Washington Wizards,473604,2010-11
481,Pooh Jeter,PG,Sacramento Kings,473604,2010-11
482,Terrico White,G,Perth Perth,473604,2010-11
483,Garret Siler,C,Phoenix Suns,473604,2010-11
484,Armon Johnson,PG,Portland Trail Blazers,473604,2010-11
485,Stanley Robinson,NA,null Unknown,473604,2010-11
486,Brian Zoubek,NA,null Unknown,473604,2010-11
487,Darington Hobson,SG,Milwaukee Bucks,473604,2010-11
488,Tiny Gallon,NA,null Unknown,473604,2010-11
489,Patrick Beverley,PG,Milwaukee Bucks,473604,2010-11
490,Derrick Caracter,PF,Los Angeles Lakers,473604,2010-11
491,Gary Forbes,F,Denver Nuggets,473604,2010-11
492,Donald Sloan,G,Denver Nuggets,473604,2010-11
493,Matt Janning,SG,Denver Nuggets,473604,2010-11
494,Ben Uzoh,PG,New Jersey Nets,473604,2010-11
495,Manny Harris,PG,Cleveland Cavaliers,473604,2010-11
496,Devin Ebanks,SF,Los Angeles Lakers,473604,2010-11
497,Luke Harangody,PF,Cleveland Cavaliers,473604,2010-11
498,Semih Erden,C,Cleveland Cavaliers,473604,2010-11
499,Jeremy Evans,F,Utah Jazz,473604,2010-11
500,Pape Sy,SF,Atlanta Hawks,473604,2010-11
501,Dexter Pittman,C,Miami Heat,473604,2010-11
502,Derrick Byars,SF,Memphis Grizzlies,457588,2010-11
503,Trey Gilder,SF,Utah Jazz,457588,2010-11
504,Marcus Landry,SF,Milwaukee Bucks,457588,2010-11
505,Deron Washington,NA,null Unknown,457588,2010-11
506,Peja Stojakovic,SF,Dallas Mavericks,402065,2010-11
507,Steve Novak,SF,San Antonio Spurs,306575,2010-11
508,Mustafa Shakur,PG,Washington Wizards,226162,2010-11
509,Jared Jeffries,PF,New York Knicks,221136,2010-11
510,Mike Bibby,PG,Miami Heat,216110,2010-11
511,Troy Murphy,PF,Boston Celtics,216110,2010-11
512,Dominic McGuire,PF,Charlotte Bobcats,211084,2010-11
513,Sasha Pavlovic,SG,Boston Celtics,211084,2010-11
514,Rasual Butler,SF,Chicago Bulls,211084,2010-11
515,Al Thornton,SF,Golden State Warriors,211084,2010-11
516,Travis Diener,PG,Portland Trail Blazers,208802,2010-11
517,Leon Powe,PF,Memphis Grizzlies,201033,2010-11
518,Carlos Arroyo,PG,Boston Celtics,196007,2010-11
519,Zabian Dowdell,PG,Phoenix Suns,186656,2010-11
520,Jannero Pargo,PG,Charlotte Hornets,168579,2010-11
521,John Lucas III,PG,Chicago Bulls,130165,2010-11
522,Danny Green,F,San Antonio Spurs,130022,2010-11
523,Da'Sean Butler,NA,null Unknown,125000,2010-11
524,Sundiata Gaines,PG,New Jersey Nets,112088,2010-11
525,Chris Johnson,C,Boston Celtics,88363,2010-11
526,Garrett Temple,G,Charlotte Bobcats,80703,2010-11
527,Cedric Jackson,G,Cleveland Cavaliers,40375,2010-11
528,Othyus Jeffers,SG,Washington Wizards,35868,2010-11
529,Patrick Ewing Jr.,SF,New Orleans Hornets,25073,2010-11
530,Marcus Cousin,C,Utah Jazz,25000,2010-11
531,Larry Owens,SF,Washington Wizards,22287,2010-11
532,Mario West,SG,New Jersey Nets,20103,2010-11
533,Marqus Blakely,SF,Houston Rockets,15000,2010-11
534,Robert Vaden,SG,San Antonio Spurs,13930,2010-11
535,Earl Barron,C,Portland Trail Blazers,11679,2010-11
536,Trey Johnson,SG,Toronto Raptors,8967,2010-11
537,Magnum Rolle,NA,null Unknown,8358,2010-11
